ache;parcialidad indígena guaraní, guayakí;Substantivo;Normal;;
achegety;abecedario;Substantivo;Normal;;
achúra;órganos internos de res, menudencias;Substantivo;Normal;;
adio;saludo, despedida, adiós;Interjeição;Normal;;
ae;solamente;Adjetivo;Normal;;
aguai;árbol frutal y su fruta;Substantivo;Normal;;
aguape;camalote, planta acuática, nenúfar;Substantivo;Normal;;
aguapeaso;flamenco;Substantivo;Normal;;
aguara;estar orgulloso;Verbo;Normal;;
aguaraguasu ra’y;lobezno de aguará guazú;Substantivo;Normal;;
aguara’i;zorro americano pequeño;Substantivo;Normal;;
aguive;desde ahora;Adjetivo;Normal;;
aguyje;agradecer;Verbo;Normal;;
aguyjeve;agradecer;Verbo;Normal;;
aguyjevete;gratitud;Substantivo;Normal;;
agãgua;moderno;Adjetivo;Normal;;
agãite;enseguida;Adjetivo;Normal;;
ag̃ui;cerca;Adjetivo;Normal;;
agẽ;hoy;Adjetivo;Normal;;
ahoja;manta;Substantivo;Normal;;
ahoʼiha;carpa;Substantivo;Normal;;
ahyʼo;garganta;Substantivo;Normal;;
ahyʼojere;tener náuseas;Verbo;Normal;;
ahyʼopaʼã;atragantarse;Verbo;Normal;;
ahyʼopyáu;enronquecerse;Verbo;Normal;;
ahyʼorasy;angina;Substantivo;Normal;;
ahyʼotĩ;campanilla;Substantivo;Normal;;
ahyʼoʼapi;atorarse;Verbo;Normal;;
ahy’o ruru;garrotillo, difteria, laringitis;Substantivo;Normal;;
ahániri;neg no ahániri avei tampoco;Adjetivo;Normal;;
ahógo;disnea;Substantivo;Normal;;
ahẽ;perverso;Adjetivo;Normal;;
ai;llaga;Substantivo;Normal;;
aiguyʼi;quiste;Substantivo;Normal;;
aiko;andar;Verbo;Normal;;
aime;estar;Verbo;Normal;;
aipo;invisible o indefinido;Adjetivo;Normal;;
aipórõ;entonces;Advérbio / Preposição / Conjunção;Normal;;
aisy;resinoso;Adjetivo;Normal;;
aja;cuando;Adjetivo;Normal;;
ajaka;cesto;Substantivo;Normal;;
ajeve;por eso;Advérbio / Preposição / Conjunção;Normal;;
ajeʼi;hace un rato;Adjetivo;Normal;;
aju;maduro;Adjetivo;Normal;;
ajukue;sazón;Substantivo;Normal;;
ajuraroʼo;papada;Adjetivo;Normal;;
ajurigua;collar;Substantivo;Normal;;
ajutyrõka;corbata;Substantivo;Normal;;
ajuvyso;estirar el cuello;Verbo;Normal;;
ajuʼy;laurel;Substantivo;Normal;;
ajúra;cuello;Substantivo;Normal;;
ajúri;al cuello;Adjetivo;Normal;;
akamambu;ampolla;Substantivo;Normal;;
akangata;almohada;Substantivo;Normal;;
akangatu;memoria;Substantivo;Normal;;
akangyta;almohada;Substantivo;Normal;;
akatúa;derecha;Adjetivo;Normal;;
akaʼẽ;pájaro;Substantivo;Normal;;
ako;distante en el tiempo o en el espacio;Adjetivo;Normal;;
akokuehe;antes de ayer;Adjetivo;Normal;;
akopia;comprar un producto para volverlo a vender;Verbo;Normal;;
aku;caliente;Adjetivo;Normal;;
akua;puntiagudo;Adjetivo;Normal;;
akue;en el pasado;Adjetivo;Normal;;
akuruchï;parálisis;Substantivo;Normal;;
akuruchĩ;tullid;Adjetivo;Normal;;
akuti;mamífero roedor parecido al conejo, acutí;Substantivo;Normal;;
akuã;adelantarse a otro;Verbo;Normal;;
akuãngue;velocidad;Substantivo;Normal;;
aky;verde;Adjetivo;Normal;;
akytã;nudo;Adjetivo;Normal;;
akã;testa;Substantivo;Normal;;
akãchara;greña, pelo enmarañado;Substantivo;Normal;;
akãguapy;moderado;Adjetivo;Normal;;
akãguasu;cabezón;Adjetivo;Normal;;
akãguyry;vértigo;Substantivo;Normal;;
akãhatã;terco;Adjetivo;Normal;;
akãhatãngue;travesura;Substantivo;Normal;;
akãhoja;manto;Substantivo;Normal;;
akãjere;mareo;Substantivo;Normal;;
akãkangue;cráneo;Substantivo;Normal;;
akãkanguekue;calavera;Substantivo;Normal;;
akãkarãi;peinar;Verbo;Normal;;
akãkuchu;tonto;Adjetivo;Normal;;
akãkyʼo;lavar la cabeza;Verbo;Normal;;
akãndu;chichón;Substantivo;Normal;;
akãngao;gorra;Substantivo;Normal;;
akãngatu;memoria;Substantivo;Normal;;
akãngaʼu;marear;Verbo;Normal;;
akãngeta;calcular;Verbo;Normal;;
akãngua;mente;Substantivo;Normal;;
akãngue;cráneo;Substantivo;Normal;;
akãnundu;tener fiebre;Verbo;Normal;;
akãnunduroʼy;paludismo;Substantivo;Normal;;
akão;sombrero;Substantivo;Normal;;
akãoʼatã;casco;Substantivo;Normal;;
akãperõ;rapado;Adjetivo;Normal;;
akãpete;coscorrón, golpe en la cabeza;Substantivo;Normal;;
akãpichaʼĩ;crespo;Adjetivo;Normal;;
akãporã;intelectual;Adjetivo;Normal;;
akãpyta;sereno;Adjetivo;Normal;;
akãpytã;pelirrojo;Adjetivo;Normal;;
akãrague;cabellera;Substantivo;Normal;;
akãraku;enamorarse;Verbo;Normal;;
akãrapuʼã;desarrollo;Substantivo;Normal;;
akãrasy;dolor de cabeza;Substantivo;Normal;;
akãrati;infidelidad;Substantivo;Normal;;
akãratĩ;infidelidad;Substantivo;Normal;;
akãravichãi;greña, cabellera despeinada;Substantivo;Normal;;
akãreko;mentalidad;Substantivo;Normal;;
akãsã;cabestro;Substantivo;Normal;;
akãtarova;alocado;Adjetivo;Normal;;
akãtarova, akãtavy;mareo;Substantivo;Normal;;
akãtavy;caducar;Verbo;Normal;;
akãtĩ;canas, cabello canoso;Substantivo;Normal;;
akãtĩparo;voltear;Verbo;Normal;;
akãvai;locura;Substantivo;Normal;;
akãvichãi;despeinado;Adjetivo;Normal;;
akãʼo;descabezar;Verbo;Normal;;
akãʼy;hidrocefalia;Substantivo;Normal;;
akói;como siempre;Adjetivo;Normal;;
akỹ;húmedo;Adjetivo;Normal;;
akỹmba;mojarse;Verbo;Normal;;
alko;alcohol;Substantivo;Normal;;
almasẽ;almacén;Substantivo;Normal;;
alóha;aguamiel;Substantivo;Normal;;
ama;lluvia;Substantivo;Normal;;
ama guasu;diluvio, lluvia torrencial;Substantivo;Normal;;
amaguasu;diluvio;Substantivo;Normal;;
amambái;helecho;Substantivo;Normal;;
amamoʼãha;paraguas;Substantivo;Normal;;
amandaivi;llovizna;Substantivo;Normal;;
amandaje;congreso;Substantivo;Normal;;
amandajerape;parlamentarismo;Substantivo;Normal;;
amandayvi;garúa, llovizna fina;Substantivo;Normal;;
amandy;lluvioso;Adjetivo;Normal;;
amandáu;granizo;Substantivo;Normal;;
amanguʼi rypyʼa;nieve;Substantivo;Normal;;
amangy;aguacero;Substantivo;Normal;;
amasapyʼa;chaparrón;Substantivo;Normal;;
amavera;relámpago;Substantivo;Normal;;
amba’y;árbol de hojas medicinales (ambay);Substantivo;Normal;;
ambere;lagartija;Substantivo;Normal;;
ambopi;fleco;Substantivo;Normal;;
ambu;gemir;Verbo;Normal;;
ambue;mudarse;Verbo;Normal;;
ambuéicha;de otra manera;Adjetivo;Normal;;
ambuéva;otro;Pronome;Normal;;
ambuʼa;retraído;Adjetivo;Normal;;
ambýu;flema;Substantivo;Normal;;
amerísio;americio;Substantivo;Normal;;
amo;allá;Adjetivo;Normal;;
amyrỹi;difunto;Adjetivo;Normal;;
amyrỹigua;postumo;Adjetivo;Normal;;
amóguio;de allá;Adjetivo;Normal;;
amóicha;de aquella manera;Adjetivo;Normal;;
amóme;pocas veces;Adjetivo;Normal;;
amóva;aquél, aquéllos, aquéllo;Pronome;Normal;;
anambusu;grueso;Adjetivo;Normal;;
anambusukue;grosor;Substantivo;Normal;;
anana;piña;Substantivo;Normal;;
andai;calabaza;Substantivo;Normal;;
andu;sentido;Substantivo;Normal;;
anduavy;ilusión;Substantivo;Normal;;
andupeʼaha;narcótico;Substantivo;Normal;;
anga;lastimosamente;Adjetivo;Normal;;
angai;lastimosamente;Adjetivo;Normal;;
angaipa;crimen;Substantivo;Normal;;
angaipáva;pecador;Adjetivo;Normal;;
angajevy;arrepentirse;Verbo;Normal;;
angajura;hechizar;Verbo;Normal;;
angajuráva;atractivo;Adjetivo;Normal;;
angakýi;expirar;Verbo;Normal;;
angapyhy;satisfecho;Adjetivo;Normal;;
angapypegua;lírico;Adjetivo;Normal;;
angareko;cuidado;Substantivo;Normal;;
angata;preocupación;Substantivo;Normal;;
angaʼu;recuerdo;Substantivo;Normal;;
ange;hace poco ange pyhare anoche;Adjetivo;Normal;;
angekói;fastidioso;Adjetivo;Normal;;
angepyhare;anoche;Adjetivo;Normal;;
angete;hace poco;Adjetivo;Normal;;
angetegua;reciente;Adjetivo;Normal;;
angue;aparición;Substantivo;Normal;;
anguja;ratón;Substantivo;Normal;;
anguʼa;mortero;Substantivo;Normal;;
anguʼatarara;bombo;Substantivo;Normal;;
angírũ;amigo;Substantivo;Normal;;
ani;no;Adjetivo;Normal;;
anichéne;no;Adjetivo;Normal;;
anĩ;no;Adjetivo;Normal;;
ao;indumentaria;Substantivo;Normal;;
ao jyva;manga;Substantivo;Normal;;
ao% jyva;manga;Substantivo;Normal;;
aoaku;abrigo;Substantivo;Normal;;
aoanambusu;lona;Substantivo;Normal;;
aoaty;vestuario;Substantivo;Normal;;
aohá;luto;Substantivo;Normal;;
aojoheiharenda;lavandería;Substantivo;Normal;;
aojoréi;lavar ropa;Verbo;Normal;;
aokyty;planchar;Verbo;Normal;;
aokytyha;plancha;Substantivo;Normal;;
aomokãrã;toalla;Substantivo;Normal;;
aoryru;ropero;Adjetivo;Normal;;
aosorokue;harapo;Substantivo;Normal;;
aoveve;bandera;Substantivo;Normal;;
aovyta;telar;Substantivo;Normal;;
aoʼapohára;modisto;Substantivo;Normal;;
apa;yerto;Adjetivo;Normal;;
apajeréi;dar vueltas en el suelo;Verbo;Normal;;
apajuái;maraña;Substantivo;Normal;;
apakua;fardo;Substantivo;Normal;;
apakuapy;rollo;Substantivo;Normal;;
apakuapyre;envuelto;Adjetivo;Normal;;
apamona;embadurnar;Verbo;Normal;;
apasusũ;lodazal;Substantivo;Normal;;
apatĩ;agrisado;Adjetivo;Normal;;
apañuãi;problema;Substantivo;Normal;;
ape;aqui;Adjetivo;Normal;;
apechyry;exudar;Verbo;Normal;;
apegua;local;Adjetivo;Normal;;
apeju;semimaduro;Adjetivo;Normal;;
apekangue;espinazo;Substantivo;Normal;;
apekue;caparazón;Substantivo;Normal;;
apekuma;hollín;Substantivo;Normal;;
apekũ;paladar;Substantivo;Normal;;
apekũguy;campanilla;Substantivo;Normal;;
apeno;ondear;Verbo;Normal;;
apereʼarusu;conejo;Substantivo;Normal;;
apesã;manojo;Substantivo;Normal;;
apesỹi;quisquilloso;Adjetivo;Normal;;
apete;aquí mismo;Adjetivo;Normal;;
api;acertar;Verbo;Normal;;
apichaʼĩ;encrespado;Adjetivo;Normal;;
apiha;tirador;Substantivo;Normal;;
apikuʼi;caspa;Substantivo;Normal;;
apiruʼa;ampolla;Substantivo;Normal;;
apirype;eczema;Substantivo;Normal;;
apiryta;yugo;Substantivo;Normal;;
apo;ejecución;Substantivo;Normal;;
apoha;generador;Adjetivo;Normal;;
apohare;autor;Substantivo;Normal;;
apohatee;protagonista;Adjetivo;Normal;;
apohára;agente;Substantivo;Normal;;
apojovái;reacción;Substantivo;Normal;;
apokuaaha;ingeniero;Substantivo;Normal;;
apokytã;nudoso;Adjetivo;Normal;;
apondeʼa;plan;Substantivo;Normal;;
apopapy;terminado;Adjetivo;Normal;;
apoporãʼỹ;imperfecto;Adjetivo;Normal;;
apopy;labrado;Adjetivo;Normal;;
apopymeʼẽ;dato;Substantivo;Normal;;
apopyre;hecho;Substantivo;Normal;;
apopyrã;agenda;Substantivo;Normal;;
apopẽ;crespo;Adjetivo;Normal;;
aporeko;técnica;Adjetivo;Normal;;
apose;intención;Substantivo;Normal;;
apoukaha;mandamiento;Substantivo;Normal;;
apoukapy;deber;Substantivo;Normal;;
apoukarã;deber;Substantivo;Normal;;
apovaihare;reo;Substantivo;Normal;;
apovõ;viscoso;Adjetivo;Normal;;
apoʼi;despreciar;Verbo;Normal;;
apuʼa;esférico;Adjetivo;Normal;;
apy;remate;Substantivo;Normal;;
apyaty;cubrir con tierra;Verbo;Normal;;
apyka;silla;Substantivo;Normal;;
apykaguasu;sillón;Substantivo;Normal;;
apykahai;pupitre;Substantivo;Normal;;
apykapuku;banco;Substantivo;Normal;;
apykayvate;caballete;Substantivo;Normal;;
apyngua;nariz;Substantivo;Normal;;
apype;cumbre;Substantivo;Normal;;
apyrapegua;limítrofe;Adjetivo;Normal;;
apyraʼỹ;interminable;Adjetivo;Normal;;
apyreʼỹ;sin fin;Adjetivo;Normal;;
apyreʼỹme;perpetuamente;Adjetivo;Normal;;
apyryve;serenarse;Verbo;Normal;;
apysa;oído;Substantivo;Normal;;
apysape;duro de oído;Adjetivo;Normal;;
apysatũ;sordo;Adjetivo;Normal;;
apysaʼỹ;sordera;Substantivo;Normal;;
apysẽ;despuntar;Verbo;Normal;;
apytaha;ligadura;Substantivo;Normal;;
apyte;centro;Substantivo;Normal;;
apytepe;enmediode;Substantivo;Normal;;
apytere;medular;Adjetivo;Normal;;
apytimby;paquete;Substantivo;Normal;;
apytuʼũ;entendimiento;Substantivo;Normal;;
apytuʼũroky;idea;Substantivo;Normal;;
apytépe;en medio;Adjetivo;Normal;;
apytĩ;lazo;Substantivo;Normal;;
apytĩmby;envoltorio;Substantivo;Normal;;
apytĩmbyre;ligado;Adjetivo;Normal;;
apytĩngue;nudo;Substantivo;Normal;;
apyveʼỹ;ilimitado;Adjetivo;Normal;;
apáva;paralítico;Substantivo;Normal;;
apé;aqui;Adjetivo;Normal;;
apéro;silla;Substantivo;Normal;;
apýra;tope;Substantivo;Normal;;
apĩ;amputado;Adjetivo;Normal;;
apỹi;nudo;Substantivo;Normal;;
apỹipenga;plástico;Substantivo;Normal;;
ara;arar;Verbo;Normal;;
araapy;martes;Substantivo;Normal;;
aragua;diurno;Adjetivo;Normal;;
arahechauka;calendario;Substantivo;Normal;;
arai;nube;Substantivo;Normal;;
araity;cera;Substantivo;Normal;;
araitépe;a tiempo;Adjetivo;Normal;;
arajere;año;Substantivo;Normal;;
arajevyevy;anualmente;Adjetivo;Normal;;
araka;guacamayo;Substantivo;Normal;;
arakañy;fin del mundo;Substantivo;Normal;;
arakaʼe;cuándo;Adjetivo;Normal;;
arakaʼeve;jamás;Adjetivo;Normal;;
arakuegua;diurno;Adjetivo;Normal;;
arakõi;lunes;Substantivo;Normal;;
aramboha;almohada;Substantivo;Normal;;
aramboty;cumpleaños;Substantivo;Normal;;
aramboyve;precoz;Adjetivo;Normal;;
aramirõ;almidón;Substantivo;Normal;;
arandu;culto;Adjetivo;Normal;;
aranduchauka;examen;Substantivo;Normal;;
aranduhápe;inteligentemente;Adjetivo;Normal;;
aranduka;libro;Substantivo;Normal;;
arandukaenda;biblioteca;Substantivo;Normal;;
arandukarenda;librería;Substantivo;Normal;;
arandukuaa;cultura;Substantivo;Normal;;
arandupy;cultura;Substantivo;Normal;;
aranduʼỹ;ignorante;Adjetivo;Normal;;
arange;fecha;Substantivo;Normal;;
arapa;terminar los días;Verbo;Normal;;
arapaha;horizonte;Substantivo;Normal;;
arapapaha;almanaque;Substantivo;Normal;;
arapaveʼỹme;eternamente;Adjetivo;Normal;;
arapaʼũ;plazo;Substantivo;Normal;;
arapaʼỹme;eternamente;Adjetivo;Normal;;
arapeha;etapa;Substantivo;Normal;;
arapehá;etapa;Substantivo;Normal;;
arapehẽ;etapa;Substantivo;Normal;;
arapire;alfiler;Substantivo;Normal;;
arapo;jueves;Substantivo;Normal;;
arapokõi;sábado;Substantivo;Normal;;
arapokõindy;semana;Substantivo;Normal;;
arapoteĩ;viernes;Substantivo;Normal;;
arapoty;primavera;Substantivo;Normal;;
arapy;mundo;Substantivo;Normal;;
arapy% tuichakue;mundial;Adjetivo;Normal;;
arapyrendy;meteorito;Substantivo;Normal;;
arapytu;temperatura;Substantivo;Normal;;
arapytuʼu;vacación;Substantivo;Normal;;
ararapo;horizonte;Substantivo;Normal;;
ararasa;etapa;Substantivo;Normal;;
ararecha;nacer;Verbo;Normal;;
ararechaukaha;almanaque;Substantivo;Normal;;
ararembe;horizonte;Substantivo;Normal;;
araresa;intemperie;Substantivo;Normal;;
arareñoihague;natalicio;Substantivo;Normal;;
araroguekúi;otoño;Substantivo;Normal;;
ararokái;arco iris;Substantivo;Normal;;
araroʼy;invierno;Substantivo;Normal;;
araroʼysã;fresco;Substantivo;Normal;;
ararundy;miércoles;Substantivo;Normal;;
arasa;guayaba;Substantivo;Normal;;
arasa máta;guayabo (árbol);Substantivo;Normal;;
arasunu;tronar;Verbo;Normal;;
arasẽ;alba;Substantivo;Normal;;
arateé;domingo;Substantivo;Normal;;
arateĩ;domingo;Substantivo;Normal;;
aratiku;chirimoya;Substantivo;Normal;;
aratimbo;niebla;Substantivo;Normal;;
aratiri;rayo;Substantivo;Normal;;
aravai;tempestad;Substantivo;Normal;;
aravera;relámpago;Substantivo;Normal;;
araveráicha;instantáneamente;Adjetivo;Normal;;
aravo;hora;Substantivo;Normal;;
aravoitépe;puntual;Adjetivo;Normal;;
aravopapaha;reloj;Substantivo;Normal;;
aravoʼi;minuto;Substantivo;Normal;;
aravoʼive;segundo;Substantivo;Normal;;
arayvoty;primavera;Substantivo;Normal;;
araʼaty;periodo;Substantivo;Normal;;
are;tardar;Verbo;Normal;;
arekue;demora;Substantivo;Normal;;
arete;fiesta;Substantivo;Normal;;
arhél;desagradable;Adjetivo;Normal;;
arigua;responsabilidad;Substantivo;Normal;;
aripaka;mesa;Substantivo;Normal;;
arriéro;rústico;Substantivo;Normal;;
arro;arroz;Substantivo;Normal;;
arruinádo;torpe;Adjetivo;Normal;;
aruru;inflado;Adjetivo;Normal;;
ary;año;Substantivo;Normal;;
arádo;arado;Substantivo;Normal;;
arã;necesariamente;Adjetivo;Normal;;
asaha;azahar;Substantivo;Normal;;
asaje;tarde;Adjetivo;Normal;;
asajepyte;al mediodía;Adjetivo;Normal;;
asu;izquierdo;Adjetivo;Normal;;
asugua;izquierdo;Adjetivo;Normal;;
asuguare;izquierdista;Adjetivo;Normal;;
asuka;azúcar;Substantivo;Normal;;
asukary;almíbar;Substantivo;Normal;;
asy;muy;Adjetivo;Normal;;
asãi;extendirse;Verbo;Normal;;
asýpe;dolorosamente;Adjetivo;Normal;;
ateʼỹ;tardo;Adjetivo;Normal;;
atiʼy;escápula;Substantivo;Normal;;
atuakandu;jorobado;Adjetivo;Normal;;
atuakãndu;joroba;Substantivo;Normal;;
atuape;jorobado;Adjetivo;Normal;;
atukupe;revés;Substantivo;Normal;;
atukupépe;a espaldas;Adjetivo;Normal;;
aturu;agazapar;Verbo;Normal;;
aty;reunir;Verbo;Normal;;
atyapy;trío;Substantivo;Normal;;
atyha;reunión;Substantivo;Normal;;
atykaha;maza;Substantivo;Normal;;
atyporavopyre;equipo;Substantivo;Normal;;
atyu;suegro;Substantivo;Normal;;
atyvore;muestra;Substantivo;Normal;;
atyñyñýi;latir la sien;Verbo;Normal;;
atãngue;solidez;Substantivo;Normal;;
atãʼỹ;flácido;Adjetivo;Normal;;
atõi;alerta;Substantivo;Normal;;
atõiha;músico;Substantivo;Normal;;
atúa;espalda;Substantivo;Normal;;
atýra;bandada;Substantivo;Normal;;
atĩa;estornudar;Verbo;Normal;;
atĩva;canoso;Adjetivo;Normal;;
aupa;placenta;Substantivo;Normal;;
ava;quién;Pronome;Normal;;
avaite;persona;Substantivo;Normal;;
avajokoha;hebilla;Substantivo;Normal;;
avakachi;piña;Substantivo;Normal;;
avakua;rizo;Substantivo;Normal;;
avakuaaty;antropología;Substantivo;Normal;;
avanoʼõ;social;Adjetivo;Normal;;
avapaje;mago;Substantivo;Normal;;
avare;clérigo;Substantivo;Normal;;
avaroʼoʼuha;caníbal;Substantivo;Normal;;
avasaʼyju;rubio;Adjetivo;Normal;;
avati;maíz;Substantivo;Normal;;
avatimirĩ;trigo;Substantivo;Normal;;
avatisoka;mano;Substantivo;Normal;;
avausu;titán;Substantivo;Normal;;
avave;nadie;Pronome;Normal;;
avavusu;melenudo;Adjetivo;Normal;;
avañeʼẽ;guaraní;Substantivo;Normal;;
avaʼaty;sociedad;Substantivo;Normal;;
avei;además;Adjetivo;Normal;;
avevo;fofo;Adjetivo;Normal;;
aviõ;avión;Substantivo;Normal;;
aviõrupa;aeropuerto;Substantivo;Normal;;
avoa;madeja;Substantivo;Normal;;
avuku;melenudo;Adjetivo;Normal;;
avusu;gigante;Substantivo;Normal;;
avy;desacierto;Substantivo;Normal;;
avyky;espulgar;Verbo;Normal;;
avykypyre;manoseado;Adjetivo;Normal;;
avágui;int de quién;Adjetivo;Normal;;
avýpe;ilícitamente;Adjetivo;Normal;;
ay;aburrido;Adjetivo;Normal;;
aysy;pegajoso;Adjetivo;Normal;;
ayvu;alboroto;Substantivo;Normal;;
ayvuapo;alborotar;Verbo;Normal;;
ayvuguasu;tumulto;Substantivo;Normal;;
ayvúpe;ruidosamente;Adjetivo;Normal;;
ayvúpe, ayvuhápe;ruidosamente;Adjetivo;Normal;;
aína;durante un cierto tiempo;Adjetivo;Normal;;
aña;malévolo;Adjetivo;Normal;;
añareko;diabólico;Adjetivo;Normal;;
añaretã;infierno;Substantivo;Normal;;
añaretãgua;infernal;Adjetivo;Normal;;
añaretãmegua;infernal;Adjetivo;Normal;;
añaretãʼi;arrabal;Substantivo;Normal;;
añemboʼeuka;estudiar;Verbo;Normal;;
añemombo% hese;abalanzarse;Verbo;Normal;;
añete;seguro;Adjetivo;Normal;;
añetegua;sincero;Substantivo;Normal;;
añeteguaite;indiscutible;Adjetivo;Normal;;
añeteguaʼỹ;postizo;Adjetivo;Normal;;
añeteguáicha;verosímil;Adjetivo;Normal;;
añetehápe;en realidad;Adjetivo;Normal;;
añetejekuatiapyre;notarial;Adjetivo;Normal;;
añetete;obvio;Adjetivo;Normal;;
añeteʼeha;veraz;Adjetivo;Normal;;
añeteʼỹ;falso;Adjetivo;Normal;;
añeteʼỹhápe;falsamente;Adjetivo;Normal;;
año;a solas;Adjetivo;Normal;;
añogua;soltero;Adjetivo;Normal;;
añohapegua;soledad;Substantivo;Normal;;
añoite;solitario;Adjetivo;Normal;;
añopegua;intimidad;Substantivo;Normal;;
añuã;abrazar;Verbo;Normal;;
añykã;quijada;Substantivo;Normal;;
añónte;solamente;Adjetivo;Normal;;
aĩ;estar;Verbo;Normal;;
aʼeʼỹ;antipatía;Substantivo;Normal;;
aʼỹ;estéril;Adjetivo;Normal;;
bacteria;bacteria;Substantivo;Normal;;
barroco;barroco;Substantivo;Normal;;
carretilla;carretilla;Substantivo;Normal;;
chae;de poca categoría;Adjetivo;Normal;;
chahahã;azuzar;Verbo;Normal;;
chalái;de mala calidad;Adjetivo;Normal;;
chamame;corredor;Substantivo;Normal;;
chamíga;mujer;Substantivo;Normal;;
chamígo;amigo;Substantivo;Normal;;
changui;ventaja;Substantivo;Normal;;
chapĩ;despuntado;Adjetivo;Normal;;
chara;de lana;Adjetivo;Normal;;
charara;hacer ruido;Verbo;Normal;;
chararã;resonar;Verbo;Normal;;
chavi;raquítico;Adjetivo;Normal;;
chavurro;asno;Substantivo;Normal;;
chaʼĩ;de mala calidad;Adjetivo;Normal;;
che;me;Pronome;Normal;;
chembaʼe;mío;Pronome;Normal;;
chentese;egoísmo;Substantivo;Normal;;
chesyasy;gorrión;Substantivo;Normal;;
chichã;chinche;Substantivo;Normal;;
chichĩ;acariciarse;Verbo;Normal;;
chigua;convexo;Adjetivo;Normal;;
chikóte;látigo;Substantivo;Normal;;
chini;chirriar;Verbo;Normal;;
chinini;chirriar;Verbo;Normal;;
chiri;diarrea;Substantivo;Normal;;
chirirĩ;burbujear;Verbo;Normal;;
chivi;fluir;Verbo;Normal;;
chivivi;tener diarrea;Verbo;Normal;;
chivu;aniquilarse;Verbo;Normal;;
chiváto guasu;acacia;Substantivo;Normal;;
chiã;lloriquear;Verbo;Normal;;
chiʼi;reducido;Adjetivo;Normal;;
chiʼõ;chillar;Verbo;Normal;;
chocokue;labriego;Substantivo;Normal;;
chokokue;agricultor;Substantivo;Normal;;
chororo;borbotear;Verbo;Normal;;
chororĩ;ensortijado;Adjetivo;Normal;;
chovi;desbordar;Verbo;Normal;;
chovy;azul;Adjetivo;Normal;;
chuchu;temer;Verbo;Normal;;
chugui;pero;Advérbio / Preposição / Conjunção;Normal;;
chumbe;faja;Substantivo;Normal;;
chupe;le;Pronome;Normal;;
chure;embustero;Adjetivo;Normal;;
churi;abandonado;Adjetivo;Normal;;
churuchuchu;sedición;Substantivo;Normal;;
churugue;yesca;Substantivo;Normal;;
chuʼi;de poco valor;Adjetivo;Normal;;
chyryry;freírse;Substantivo;Normal;;
ché;yo;Pronome;Normal;;
chémane;que indica futuro y se usa con verbos de forma negativa ya no;Adjetivo;Normal;;
chéne;no;Adjetivo;Normal;;
chéve;me;Pronome;Normal;;
chúka;elegante;Adjetivo;Normal;;
chúko;elegante;Adjetivo;Normal;;
degracia;causar perjuicio grave a una persona;Verbo;Normal;;
denuka;desnucar;Verbo;Normal;;
depiesa;partir;Verbo;Normal;;
deprovécho;fructífero;Adjetivo;Normal;;
desatina;extraviarse;Verbo;Normal;;
dia;día;Substantivo;Normal;;
die;diez;Adjetivo;Normal;;
dipara;echar a correr;Verbo;Normal;;
doyto;doctor;Substantivo;Normal;;
eha;llamado;Adjetivo;Normal;;
eiraity;panal;Substantivo;Normal;;
eiratã;azúcar;Substantivo;Normal;;
eiru;abeja;Substantivo;Normal;;
ekimal;esquimal;Substantivo;Normal;;
ekueléra;escolar;Substantivo;Normal;;
ekueléro;escolar;Substantivo;Normal;;
ekuéla;escuela;Substantivo;Normal;;
ekína;rincón;Substantivo;Normal;;
eláda;escarcha;Substantivo;Normal;;
embaʼekuaa;conocimiento;Substantivo;Normal;;
embaʼekuaáva;sabio;Adjetivo;Normal;;
embaʼembyasy;afligido;Adjetivo;Normal;;
embyranga;hijastro;Substantivo;Normal;;
empanada;empanada;Substantivo;Normal;;
entéro;todos;Adjetivo;Normal;;
epináso;espinazo;Substantivo;Normal;;
erádo;enorme;Adjetivo;Normal;;
estatua;estatua;Substantivo;Normal;;
etedia;hoy;Adjetivo;Normal;;
eterei;extraordinariamente;Adjetivo;Normal;;
etiguara;vate, poeta indígena;Substantivo;Normal;;
etnología;etnología;Substantivo;Normal;;
europio;europio;Substantivo;Normal;;
eíra;miel;Substantivo;Normal;;
falta;faltar;Verbo;Normal;;
feto;feto;Substantivo;Normal;;
fifi;elegante;Adjetivo;Normal;;
folclore;folclore;Substantivo;Normal;;
folklore;folclore;Substantivo;Normal;;
forĩfo;voz nasal, paladar perforado;Substantivo;Normal;;
fusil;fusil;Substantivo;Normal;;
garupa;grupa;Substantivo;Normal;;
garámo;gramo;Substantivo;Normal;;
gi;medio;Substantivo;Normal;;
gomita;vomitar;Verbo;Normal;;
gotyo;hacia;Advérbio / Preposição / Conjunção;Normal;;
grásia;gracia;Substantivo;Normal;;
guaho;junco;Substantivo;Normal;;
guahu;aullir;Verbo;Normal;;
guahẽ;arribar;Verbo;Normal;;
guahẽmba;abalanzarse;Verbo;Normal;;
guaiguĩ;vieja;Adjetivo;Normal;;
guaiguĩngue;pájaro nocturno, urutaú;Substantivo;Normal;;
Guaira;región de Villarrica (Paraguay);Substantivo;Normal;;
guajaki;parcialidad indígena guaraní;Adjetivo;Normal;;
guaka;guacamayo;Substantivo;Normal;;
gualala;repiquetear;Verbo;Normal;;
gualambáu;instrumento musical indígena;Substantivo;Normal;;
guapo’y;especie de higuera silvestre;Substantivo;Normal;;
guapy;sentarse;Verbo;Normal;;
guapyha;butaca;Substantivo;Normal;;
guapyja;silla;Substantivo;Normal;;
guarani;indígenas avañe’ẽ; lengua guaraní;Substantivo;Normal;;
guarara;producir ruido;Verbo;Normal;;
guare;de;Advérbio / Preposição / Conjunção;Normal;;
guareporu;pomelo;Substantivo;Normal;;
guari;huir;Verbo;Normal;;
guarimbe;ganso;Substantivo;Normal;;
guarini;guerrear;Verbo;Normal;;
guaripóla;caña;Substantivo;Normal;;
guariñemuha;cantina;Substantivo;Normal;;
guarápo;residuo o zumo de miel o tabaco;Substantivo;Normal;;
guarã;para;Advérbio / Preposição / Conjunção;Normal;;
guasu;vasto;Adjetivo;Normal;;
guasuha;magnitud;Substantivo;Normal;;
guasuve;mayor;Adjetivo;Normal;;
guasuvira;ciervo;Substantivo;Normal;;
guata;marchar;Verbo;Normal;;
guataha;peatón;Substantivo;Normal;;
guatahára;viajero;Substantivo;Normal;;
guatapu;tambor;Substantivo;Normal;;
guatarei;deambular;Verbo;Normal;;
guater;inodoro;Substantivo;Normal;;
guavira;arbusto frutal silvestre;Substantivo;Normal;;
guaviranaʼa;manzana;Substantivo;Normal;;
guaʼa;guacamayo;Substantivo;Normal;;
guaʼi;procedente del guairá o villarrica;Adjetivo;Normal;;
guaʼu;como juego o ficción;Adjetivo;Normal;;
guaʼúva;ficción;Substantivo;Normal;;
gue;apagarse;Verbo;Normal;;
guejy;bajar;Verbo;Normal;;
guejyha;bajada;Substantivo;Normal;;
guelele;tartamudear;Verbo;Normal;;
guembe;liana;Substantivo;Normal;;
guembepi;liana;Substantivo;Normal;;
guenda;lugar propio de alguien;Substantivo;Normal;;
gueraha;llevar;Verbo;Normal;;
guerahauka;exportar;Verbo;Normal;;
guereko;poseer;Verbo;Normal;;
guerekose;pretender;Verbo;Normal;;
guerere;charlar;Verbo;Normal;;
guerohory;congratular;Verbo;Normal;;
gueroja;transportar;Verbo;Normal;;
guerombyasy;condo­lerse;Verbo;Normal;;
gueropuʼaka;aguantar;Verbo;Normal;;
guerosapukái;proclamar;Verbo;Normal;;
guerova;mudar;Verbo;Normal;;
guerovia;creer;Verbo;Normal;;
gueroviaʼỹ;increíble;Adjetivo;Normal;;
gueru;traer;Verbo;Normal;;
gueruka;hacer traer;Verbo;Normal;;
gueteri;todavía;Adjetivo;Normal;;
guevi;recular;Verbo;Normal;;
gueʼẽ;devolver;Verbo;Normal;;
gueʼỹva;imborrable;Adjetivo;Normal;;
gui;de;Advérbio / Preposição / Conjunção;Normal;;
guilili;hacer el ruido parecido al agua que corre;Verbo;Normal;;
guiriri;rezumar;Verbo;Normal;;
guive;desde;Adjetivo;Normal;;
guta;agradar;Verbo;Normal;;
guy;sumergirse;Verbo;Normal;;
guyguy;hurgar;Verbo;Normal;;
guyhai;subrayar;Verbo;Normal;;
guyra;pájaro;Substantivo;Normal;;
guyra mondyiha;espantapájaros;Substantivo;Normal;;
guyraju;canario;Substantivo;Normal;;
guyrajura;hornero;Substantivo;Normal;;
guyrajuru;pico;Substantivo;Normal;;
guyrapa;arco;Substantivo;Normal;;
guyratã;aeroplano;Substantivo;Normal;;
guyratĩ;garza;Substantivo;Normal;;
guyraũ;mirlo;Substantivo;Normal;;
guyru;meterse por debajo;Verbo;Normal;;
guyry;vértigo;Substantivo;Normal;;
guyryry;conspiración;Substantivo;Normal;;
guyve;inferior;Adjetivo;Normal;;
guyʼu;carcomer;Verbo;Normal;;
guáicha;como;Advérbio / Preposição / Conjunção;Normal;;
guápo;despierto;Adjetivo;Normal;;
guéi;buey;Substantivo;Normal;;
guéno;bueno;Adjetivo;Normal;;
guépa;¡cuidado!, ¡caramba!;Interjeição;Normal;;
guéro;huero;Adjetivo;Normal;;
guýpe;abajo;Adjetivo;Normal;;
guýrupi;por debajo;Advérbio / Preposição / Conjunção;Normal;;
guývo;abajo;Adjetivo;Normal;;
g̃uahe;llegar;Verbo;Normal;;
g̃uahẽ;llegar;Verbo;Normal;;
g̃uaig̃ui;vieja;Adjetivo;Normal;;
ha;ir;Verbo;Normal;;
hachea;hachear;Verbo;Normal;;
hagua;para;Advérbio / Preposição / Conjunção;Normal;;
hague;lanudo;Adjetivo;Normal;;
haguekytĩ;cortar el pelo;Verbo;Normal;;
haguepa;velludo;Adjetivo;Normal;;
hagueʼo;desplumar;Verbo;Normal;;
hagueʼỹva;implume;Adjetivo;Normal;;
haguino;fermentar;Verbo;Normal;;
haguyno;se descompone;Substantivo;Normal;;
haguyrõ;se enardece sexualmente;Substantivo;Normal;;
haguã;para;Advérbio / Preposição / Conjunção;Normal;;
haguãicha;como;Advérbio / Preposição / Conjunção;Normal;;
haguére;por;Advérbio / Preposição / Conjunção;Normal;;
hag̃ua;para;Advérbio / Preposição / Conjunção;Normal;;
hagẽ;rápido;Adjetivo;Normal;;
hai;copiar;Verbo;Normal;;
haiguy;subrayar;Verbo;Normal;;
haiha;lápiz;Substantivo;Normal;;
haihára;escritor;Substantivo;Normal;;
haijerepy;circunferencia;Substantivo;Normal;;
haimbe;tostar;Verbo;Normal;;
haimbeʼe;limar;Verbo;Normal;;
haimbeʼeha;lima;Substantivo;Normal;;
haimbeʼỹ;desafilado;Adjetivo;Normal;;
haimbyry;telegrama;Substantivo;Normal;;
haimete;apenas;Adjetivo;Normal;;
hainga;embotar;Verbo;Normal;;
haingatu;ortografía;Substantivo;Normal;;
haipyre;escrito;Adjetivo;Normal;;
haipyvo;estrofa;Substantivo;Normal;;
haisyry;prosa;Substantivo;Normal;;
haitypo;anidar;Verbo;Normal;;
haitĩ;tiza;Substantivo;Normal;;
hajy;fibra;Substantivo;Normal;;
hajygue;nervioso;Adjetivo;Normal;;
hakamby;a horcajadas h irundýva neol cuadrilátero;Adjetivo;Normal;;
hakambyjái;perniabierto;Adjetivo;Normal;;
hakateʼỹ;miserable;Adjetivo;Normal;;
haku;caliente;Adjetivo;Normal;;
hakua;agudo;Adjetivo;Normal;;
hakuchi;erótico;Adjetivo;Normal;;
hakuvy;tibio;Adjetivo;Normal;;
hakuã;tiene perfume;Substantivo;Normal;;
hakykuegua;retrasado;Adjetivo;Normal;;
hakykuerigua;rezagado;Adjetivo;Normal;;
hakãkytĩ;podar;Verbo;Normal;;
hakãpeʼa;podar;Verbo;Normal;;
hakãpẽ;desgajarse;Verbo;Normal;;
hakãʼo;desgajar;Verbo;Normal;;
hangy;gris;Adjetivo;Normal;;
hapejoko;salir al paso;Verbo;Normal;;
haperaʼarõ;esperar en el camino;Verbo;Normal;;
hapereka;investigar;Verbo;Normal;;
hapoʼo;extirpar;Verbo;Normal;;
hapy;calcinar;Verbo;Normal;;
hapykuegua;retrasado;Adjetivo;Normal;;
hapykuerigua;posterior;Adjetivo;Normal;;
hapypyre;quemado;Adjetivo;Normal;;
hapyta;leñoso;Adjetivo;Normal;;
hara;deshacer;Verbo;Normal;;
hare;quien;Substantivo;Normal;;
haru;malograr;Verbo;Normal;;
hary;desgarrar;Verbo;Normal;;
harypyre;corrupto;Adjetivo;Normal;;
haryvo;desenvainar;Verbo;Normal;;
harúva;dañino;Adjetivo;Normal;;
hasa;pasar;Verbo;Normal;;
hasaha;pasadizo;Substantivo;Normal;;
hasahaʼi;pasillo;Substantivo;Normal;;
hasahára;viajero;Substantivo;Normal;;
hasakuaaʼỹva;impenetrable;Adjetivo;Normal;;
hasaʼasy;sufrir;Verbo;Normal;;
hasaʼỹha;impenetrable;Adjetivo;Normal;;
haso;agusanado;Adjetivo;Normal;;
hasy;doler;Verbo;Normal;;
hasykatúva;enfermizo;Adjetivo;Normal;;
hasymombia;inmunizar;Verbo;Normal;;
hasyʼỹ;fácil;Adjetivo;Normal;;
hasyʼỹme;fácilmente;Adjetivo;Normal;;
hasýa;doliente;Adjetivo;Normal;;
hasýpe;a duras penas;Adjetivo;Normal;;
hasẽ;ulular;Verbo;Normal;;
hasẽngy;llorón;Adjetivo;Normal;;
hatapyña;atizar el fuego;Verbo;Normal;;
hatapyñaha;instigador;Substantivo;Normal;;
hatapỹinga;revolver el fuego;Verbo;Normal;;
hatatĩ;humea;Substantivo;Normal;;
hatã;violentamente;Adjetivo;Normal;;
hatãkue;dureza;Substantivo;Normal;;
hatãʼỹva;precario;Adjetivo;Normal;;
hatĩ;puntiagudo. s. cuerno;Adjetivo;Normal;;
hatĩva;cornudo;Adjetivo;Normal;;
havara;tosco;Adjetivo;Normal;;
havere;rozar;Verbo;Normal;;
haviju;velludo;Adjetivo;Normal;;
havira;flagelar;Verbo;Normal;;
haviru;marchito;Adjetivo;Normal;;
haviʼu;sacar pelusa;Verbo;Normal;;
havyka;escarbar;Verbo;Normal;;
havõ;jabón;Substantivo;Normal;;
havẽ;descompuesto;Substantivo;Normal;;
hayhu;amar;Verbo;Normal;;
hayhuha;amante;Adjetivo;Normal;;
hayhupy;ídolo;Substantivo;Normal;;
hayhupyre;apreciado;Adjetivo;Normal;;
hayhuve;preferir;Verbo;Normal;;
hayhuʼỹ;tener aversión;Verbo;Normal;;
hayvi;garúa, llovizna fina;Substantivo;Normal;;
hayvi, hayviruʼi;lloviznar;Verbo;Normal;;
hayviruʼi;lloviznar;Verbo;Normal;;
haʼanga;imitar;Verbo;Normal;;
haʼangahai;gráfico;Substantivo;Normal;;
haʼaresa;nacer;Verbo;Normal;;
haʼarõ;esperar;Verbo;Normal;;
haʼe;el;Pronome;Normal;;
haʼekuéra;ellos;Pronome;Normal;;
haʼentese;egoísmo;Substantivo;Normal;;
haʼenteséva;egoísta;Adjetivo;Normal;;
haʼete;realmente;Adjetivo;Normal;;
haʼetegua;oportuno;Adjetivo;Normal;;
haʼetéicha;literalmente;Adjetivo;Normal;;
haʼetépe;oportunamente;Adjetivo;Normal;;
haʼetéva;legítimo;Adjetivo;Normal;;
haʼeve;pillo;Adjetivo;Normal;;
haʼeveʼỹ;torpe;Adjetivo;Normal;;
haʼevéva;competente;Adjetivo;Normal;;
haʼeño;soltero;Adjetivo;Normal;;
haʼeñóva;solitario;Adjetivo;Normal;;
haʼo;mohoso;Adjetivo;Normal;;
haʼuvõ;maldecir;Verbo;Normal;;
haʼã;gustar;Verbo;Normal;;
haʼãha;vara;Substantivo;Normal;;
haʼãhára;jugador;Adjetivo;Normal;;
haʼãkuaaha;sensor;Substantivo;Normal;;
haʼãmba;abarcar;Verbo;Normal;;
haʼãnga;imitar;Verbo;Normal;;
haʼãra;participante;Substantivo;Normal;;
haʼãrãʼỹ;inconmensurable;Adjetivo;Normal;;
haʼéicha;como él;Adjetivo;Normal;;
haʼỹijo;analizar;Verbo;Normal;;
haʼỹiva;cojudo;Adjetivo;Normal;;
haʼỹiʼo;sacar semilla;Verbo;Normal;;
haʼỹiʼỹva;castrado;Adjetivo;Normal;;
he;sí;Adjetivo;Normal;;
hecha;fiscalizar;Verbo;Normal;;
hechagaʼúva;nostálgico;Adjetivo;Normal;;
hechagi;entrever;Verbo;Normal;;
hechahare;testigo;Substantivo;Normal;;
hechajey;repasar;Verbo;Normal;;
hechakuaa;tolerar;Verbo;Normal;;
hechakuaaʼỹ;ingratitud;Substantivo;Normal;;
hechambyky;miope;Adjetivo;Normal;;
hechapy;visible;Adjetivo;Normal;;
hechapyre;visto;Adjetivo;Normal;;
hechapyrã;sensacional;Adjetivo;Normal;;
hechapyrãite;espectacular;Adjetivo;Normal;;
hecharamo;maravillar;Verbo;Normal;;
hecharamomby;amado;Adjetivo;Normal;;
hecharei;descuidar;Verbo;Normal;;
hechauka;señalar;Verbo;Normal;;
hechaukaha;guía;Substantivo;Normal;;
hechavoi;prever;Verbo;Normal;;
hechavy;vislumbrar;Verbo;Normal;;
hechaʼỹ;no ver;Substantivo;Normal;;
heja;dejar;Verbo;Normal;;
hejapyraʼỹ;imprescindible;Adjetivo;Normal;;
hejarei;desamparar;Verbo;Normal;;
heka;inquirir;Verbo;Normal;;
heko% marangatúva;gentil;Adjetivo;Normal;;
hekoatã;tenaz;Adjetivo;Normal;;
hekojoja;justo;Adjetivo;Normal;;
hekokatu;correcto;Adjetivo;Normal;;
hekokatúva;héroe;Substantivo;Normal;;
hekomanóva;inerte;Adjetivo;Normal;;
hekomboʼe;enseñar;Verbo;Normal;;
hekombyai;damnificar;Verbo;Normal;;
hekomeʼẽ;legislar;Verbo;Normal;;
hekopegua;lícito;Adjetivo;Normal;;
hekopeguaʼỹ;indebido;Adjetivo;Normal;;
hekopete;oportunamente;Adjetivo;Normal;;
hekopeʼa;aniquilar;Verbo;Normal;;
hekopeʼỹ;sin razón;Adjetivo;Normal;;
hekoporã;educado;Adjetivo;Normal;;
hekoporãmboʼe;moralizar;Verbo;Normal;;
hekoraʼã;imitar;Verbo;Normal;;
hekorei;ocioso;Adjetivo;Normal;;
hekoreíva;vago;Adjetivo;Normal;;
hekosãsóva;independiente;Adjetivo;Normal;;
hekovai;vicioso;Adjetivo;Normal;;
hekovaíva;maldad;Substantivo;Normal;;
hekoʼasyvéva;vulnerable;Adjetivo;Normal;;
hekua;anverso;Substantivo;Normal;;
hekuavo;volcar líquido;Verbo;Normal;;
hekuaʼỹ;al revés;Adjetivo;Normal;;
hekue;gusto;Substantivo;Normal;;
hekópe;apropiadamente;Adjetivo;Normal;;
hekýi;inferir;Verbo;Normal;;
hembevo;de labio leporino;Adjetivo;Normal;;
hembeʼýva;ribereño;Adjetivo;Normal;;
hembiayhu;favorito;Adjetivo;Normal;;
hembirekoʼỹva;soltero;Adjetivo;Normal;;
hembiʼumeʼẽ;dar de comer;Verbo;Normal;;
hembiʼuʼapo;hacer la comida;Verbo;Normal;;
hemboatãʼỹva;impotente;Adjetivo;Normal;;
hemby;está demás;Substantivo;Normal;;
hembýva;excedente;Adjetivo;Normal;;
hemimbou;enviado;Adjetivo;Normal;;
hemói;da comezón;Verbo;Normal;;
hendapegua;normal;Adjetivo;Normal;;
hendapeʼỹ;desacertadamente;Adjetivo;Normal;;
hendaveʼỹ;desubicado;Adjetivo;Normal;;
hendaʼỹ;desubicado;Adjetivo;Normal;;
hendaʼỹme;desacertadamente;Adjetivo;Normal;;
hendu;escuchar;Verbo;Normal;;
henduha;oyente;Substantivo;Normal;;
henduhare;oyente;Substantivo;Normal;;
henduhára;oyente;Adjetivo;Normal;;
henduka;pregonar;Verbo;Normal;;
hendupyre;escuchado;Adjetivo;Normal;;
hendupyrã;sensacional;Adjetivo;Normal;;
henduvy;entreoír;Substantivo;Normal;;
henduʼỹ;sordera;Substantivo;Normal;;
hendy;arder;Verbo;Normal;;
hendypu;luminoso;Adjetivo;Normal;;
hendysyry;babear;Verbo;Normal;;
hendyvapo;rasurar;Verbo;Normal;;
hendyvaʼỹ;imberbe;Adjetivo;Normal;;
hendyváva;barbudo;Adjetivo;Normal;;
hendúgui;de oídas;Adjetivo;Normal;;
hendýva;luminoso;Adjetivo;Normal;;
henoipyre;llamado;Adjetivo;Normal;;
henondeʼa;prevenir;Verbo;Normal;;
henyhẽ;colmado;Adjetivo;Normal;;
henyhẽmba;completo;Adjetivo;Normal;;
henyhẽvu;repleto;Adjetivo;Normal;;
henypyʼãvã;zambo;Adjetivo;Normal;;
henói;llamar;Verbo;Normal;;
hepy;valioso;Adjetivo;Normal;;
hepyete;muy caro;Adjetivo;Normal;;
hepyguejy;abaratar;Verbo;Normal;;
hepykue;tarifa;Substantivo;Normal;;
hepymeʼẽ;pagar;Verbo;Normal;;
hepymeʼẽva;comerciante;Substantivo;Normal;;
hepyraʼã;tasar;Verbo;Normal;;
hepyʼíva;barato;Adjetivo;Normal;;
hepýva;valioso;Adjetivo;Normal;;
heraitépe;por su nombre;Adjetivo;Normal;;
herakuã;corre la voz;Substantivo;Normal;;
herakuãva;afamado;Adjetivo;Normal;;
herekua;anverso;Substantivo;Normal;;
herekuaveʼỹme;inversamente;Adjetivo;Normal;;
herekuávo;al derecho;Adjetivo;Normal;;
hero;motejar;Verbo;Normal;;
heropyre;motejado;Adjetivo;Normal;;
herunguã;quién sabe;Adjetivo;Normal;;
heréi;lamer;Verbo;Normal;;
hesaguasu;de los grandes;Adjetivo;Normal;;
hesaho;entrevió, notó, vio por casualidad;Substantivo;Normal;;
hesaite;indómito;Adjetivo;Normal;;
hesaiteʼo;amansar;Verbo;Normal;;
hesakoʼõ;irritar los ojos;Verbo;Normal;;
hesakuaguyry;mareado;Adjetivo;Normal;;
hesakuape;tuerto;Adjetivo;Normal;;
hesakã;obvio;Adjetivo;Normal;;
hesakãva;transparente;Adjetivo;Normal;;
hesakãʼỹ;incierto;Adjetivo;Normal;;
hesamoʼã;cubrir los ojos;Verbo;Normal;;
hesangy;llorón;Adjetivo;Normal;;
hesape;iluminar;Verbo;Normal;;
hesapeʼa;encaminar;Verbo;Normal;;
hesapirĩ;parpadear;Verbo;Normal;;
hesapo;de ojos saltones;Adjetivo;Normal;;
hesapu;tuerto;Adjetivo;Normal;;
hesapytĩ;tapar o vendar los ojos;Verbo;Normal;;
hesaraipyre;olvidado;Adjetivo;Normal;;
hesaraiséva;olvidadizo;Adjetivo;Normal;;
hesaraiʼỹva;memorioso;Adjetivo;Normal;;
hesarea;desconcertar;Verbo;Normal;;
hesareaha;desconcertante;Adjetivo;Normal;;
hesarovy;de ojos zarcos;Adjetivo;Normal;;
hesatĩ;de ojos zarcos;Adjetivo;Normal;;
hesatũ;ciego;Adjetivo;Normal;;
hesavã;estrábico;Adjetivo;Normal;;
hesaýva;lacrimoso;Adjetivo;Normal;;
hesaʼi;guiñar;Verbo;Normal;;
hesaʼyju;pálido;Adjetivo;Normal;;
hesaʼỹijo;limpiar el algodón;Verbo;Normal;;
hesaʼỹiʼo;cardar;Verbo;Normal;;
hese;le;Advérbio / Preposição / Conjunção;Normal;;
hesypyre;tostado;Adjetivo;Normal;;
hesyvo;ensartar;Verbo;Normal;;
hesãi;sano;Adjetivo;Normal;;
heta;mucho;Adjetivo;Normal;;
hetaitereíva;innumerable;Adjetivo;Normal;;
hetakue;cantidad;Substantivo;Normal;;
hetami;varios;Adjetivo;Normal;;
hetave;predominantemente;Adjetivo;Normal;;
hete;físico;Substantivo;Normal;;
heterei;delicioso;Adjetivo;Normal;;
heteʼỹ;impalpable;Adjetivo;Normal;;
hetiaʼe;animoso;Adjetivo;Normal;;
hetáichagua;múltiple;Adjetivo;Normal;;
hetũ;sospechar;Verbo;Normal;;
heviʼo;desfondar;Verbo;Normal;;
heñoihague;nacido;Substantivo;Normal;;
heñói;crecer;Verbo;Normal;;
heñóiva;naciente;Adjetivo;Normal;;
heʼiavýva;antónimos;Adjetivo;Normal;;
heʼise;significar;Verbo;Normal;;
heʼiseháicha;literal;Adjetivo;Normal;;
heʼiséva;concepto;Substantivo;Normal;;
heʼy;huso;Substantivo;Normal;;
heʼõ;humedecerse;Verbo;Normal;;
heʼẽ;salado;Adjetivo;Normal;;
heʼẽngue;dulzura;Substantivo;Normal;;
heʼẽvy;poco salado;Adjetivo;Normal;;
heʼỹ;desabrido;Adjetivo;Normal;;
heʼỹi;rascar;Verbo;Normal;;
heẽ;cierto;Adjetivo;Normal;;
hiel;hiel;Substantivo;Normal;;
hielkue;hiel;Substantivo;Normal;;
hikóni;durante cierto tiempo;Adjetivo;Normal;;
hindi;hindi;Substantivo;Normal;;
hiʼa;da;Verbo;Normal;;
hiʼaragua;oportuno;Adjetivo;Normal;;
hiʼaratimbo;brumoso;Adjetivo;Normal;;
hiʼare;perdurable;Adjetivo;Normal;;
hiʼarekue;duración;Substantivo;Normal;;
hiʼatĩ;canoso;Adjetivo;Normal;;
hiʼaʼỹva;improductivo;Adjetivo;Normal;;
hiʼupy;comestible;Adjetivo;Normal;;
hiʼupyrã;provisión;Substantivo;Normal;;
hiʼupyrãrenda;abasto;Substantivo;Normal;;
hiʼyhetáva;caudaloso;Adjetivo;Normal;;
hiʼári;encima;Adjetivo;Normal;;
hiʼáva;fructífero;Adjetivo;Normal;;
hiʼã;desear;Verbo;Normal;;
hiʼýva;aguado;Adjetivo;Normal;;
ho;ida;Substantivo;Normal;;
ho'a;cae, caer;Verbo;Normal;;
ho'o;carne;Substantivo;Normal;;
ho'o'o;descarnar;Verbo;Normal;;
ho'yguy;ahogar, hundirse;Verbo;Normal;;
ho'ysã;frío, fresco;Adjetivo;Normal;;
hoguekúi;de hojas caducas;Adjetivo;Normal;;
hoguemomýi;hojear;Verbo;Normal;;
hogueʼo;podar;Verbo;Normal;;
hojaʼo;quitar la cobertura;Verbo;Normal;;
hoko;garza;Substantivo;Normal;;
hoky;brotar;Verbo;Normal;;
hokypu;germina;Substantivo;Normal;;
hokyʼo;sacar los brotes;Verbo;Normal;;
hokẽsy;represar;Verbo;Normal;;
hondíta;honda;Substantivo;Normal;;
hopytaʼo;desfondar;Verbo;Normal;;
hory;alegre;Adjetivo;Normal;;
horyʼỹva;huraño;Adjetivo;Normal;;
horýva;afable;Adjetivo;Normal;;
hosã;resistente;Adjetivo;Normal;;
hova mokõiva;hipócrita;Substantivo;Normal;;
hova% mokõiva;hipócrita;Adjetivo;Normal;;
hovaigua;opuesto;Adjetivo;Normal;;
hovaju;desencajado;Adjetivo;Normal;;
hovaka;golpear la cara;Verbo;Normal;;
hovamokõi;hipócrita;Adjetivo;Normal;;
hovana;adquirir envergadura;Verbo;Normal;;
hovapete;abofetear;Verbo;Normal;;
hovapoi;disgustarse;Verbo;Normal;;
hovapuku;enojado;Adjetivo;Normal;;
hovasa;santiguarse;Verbo;Normal;;
hovasapyre;bendito;Adjetivo;Normal;;
hovasy;huraño;Adjetivo;Normal;;
hovatavy;bodoque;Adjetivo;Normal;;
hovaʼapi;desaprobar;Verbo;Normal;;
hovere;raspar;Verbo;Normal;;
hoverepyre;chamuscado;Adjetivo;Normal;;
hovy;azul;Adjetivo;Normal;;
hovyju;verde amarillento;Adjetivo;Normal;;
hovykãʼo;desfibrar;Verbo;Normal;;
hovyngy;celeste;Adjetivo;Normal;;
hovyũ;lozano (vegetal);Adjetivo;Normal;;
hovyũmba;lujuriante;Adjetivo;Normal;;
hoytahápe;a nado;Adjetivo;Normal;;
hoytáva;nadador;Adjetivo;Normal;;
hoʼa;caer;Verbo;Normal;;
hoʼokueʼo;descamar;Verbo;Normal;;
hoʼysã;fresco;Adjetivo;Normal;;
hoʼẽ;gotera;Substantivo;Normal;;
hugua;fondo;Substantivo;Normal;;
huguaitĩ;salir al encuentro, encontrarse;Verbo;Normal;;
huguare;sobra, sedimento;Substantivo;Normal;;
huguaʼo;desfondar;Verbo;Normal;;
huguy;sangrante, sangre;Adjetivo;Normal;;
huguy'o;desangrar;Verbo;Normal;;
huguykõi;y s. mestizo;Adjetivo;Normal;;
huguypáva;ensangrentado;Adjetivo;Normal;;
huguái;cola, rabo;Substantivo;Normal;;
huguýva;sangriento;Adjetivo;Normal;;
humbiri;retorcer;Verbo;Normal;;
humby;nalga, cadera;Substantivo;Normal;;
hundi;destruir, perder;Verbo;Normal;;
hunga;lacerar, lastimar, machucar;Verbo;Normal;;
hungy;gris;Adjetivo;Normal;;
hupi;alzar, levantar;Verbo;Normal;;
hupiha;elevador;Adjetivo;Normal;;
hupity;alcanzar, lograr;Verbo;Normal;;
hupyty;conseguir;Verbo;Normal;;
hupytyka;abastecer;Verbo;Normal;;
hupytykue;alcance;Substantivo;Normal;;
hupytypyrã;finalidad;Substantivo;Normal;;
huvaitĩ;salir al paso, toparse;Verbo;Normal;;
huʼitĩrã;cereal;Substantivo;Normal;;
huʼu;toser;Verbo;Normal;;
huʼy;flecha;Substantivo;Normal;;
huʼyvo;flechar;Verbo;Normal;;
huʼã;cima;Substantivo;Normal;;
huʼãme;en la cumbre;Adjetivo;Normal;;
huʼũ;mullido;Adjetivo;Normal;;
hyakuã;oloroso;Adjetivo;Normal;;
hyakuãva;oloroso;Adjetivo;Normal;;
hyakuãvu;perfumado;Adjetivo;Normal;;
hyakuãʼỹva;inodoro;Adjetivo;Normal;;
hyapúva;sonoro;Adjetivo;Normal;;
hyekuekytĩ;destripar;Verbo;Normal;;
hyekuesẽ;quebrado;Adjetivo;Normal;;
hyepo;barrigón;Adjetivo;Normal;;
hyepy;vientre;Substantivo;Normal;;
hyepype;adentro;Advérbio / Preposição / Conjunção;Normal;;
hyepypegua;interior;Adjetivo;Normal;;
hyevúva;encinta;Adjetivo;Normal;;
hyguatã;saciado;Adjetivo;Normal;;
hyguatãʼỹ;glotón;Adjetivo;Normal;;
hyjúi;jabonoso;Adjetivo;Normal;;
hyjýi;burbujear;Verbo;Normal;;
hyku;fluido;Adjetivo;Normal;;
hykuavo;desaguar;Verbo;Normal;;
hykue;jugoso;Adjetivo;Normal;;
hykueʼo;exprimir;Verbo;Normal;;
hykuéva;jugoso;Adjetivo;Normal;;
hypa;agotado;Adjetivo;Normal;;
hypaveʼỹ;inagotable;Adjetivo;Normal;;
hypaʼỹ;infinito;Adjetivo;Normal;;
hypy;profundo;Adjetivo;Normal;;
hypyʼũ;profundo;Adjetivo;Normal;;
hypýi;rociar;Verbo;Normal;;
hyru;envase;Substantivo;Normal;;
hyvatã;repleto;Adjetivo;Normal;;
hyvi;desfibrar;Verbo;Normal;;
hyviʼo;desfibrar;Verbo;Normal;;
hyvykói;arar;Verbo;Normal;;
hyãsiakuarepoti;francio;Substantivo;Normal;;
hyʼa;calabaza;Substantivo;Normal;;
hácha;hacha;Substantivo;Normal;;
hái;picar;Verbo;Normal;;
háime;semi;Adjetivo;Normal;;
hákatu;pero;Adjetivo;Normal;;
háma;ser su turno;Verbo;Normal;;
hára;espiga;Substantivo;Normal;;
háse;haz;Substantivo;Normal;;
hãimbiti;mostrar los dientes;Verbo;Normal;;
hénte;parentela;Substantivo;Normal;;
héra;se llama;Substantivo;Normal;;
hérava;denominado;Adjetivo;Normal;;
héru héru;mal que mal;Substantivo;Normal;;
hína;que indica acción continuada durante un cierto tiempo;Adjetivo;Normal;;
húvol;fútbol;Substantivo;Normal;;
hýi;deseo;Substantivo;Normal;;
hũ;negro;Adjetivo;Normal;;
hũmbara;negro no uniforme;Adjetivo;Normal;;
hũngy;gris;Adjetivo;Normal;;
hẽe;sí;Adjetivo;Normal;;
ichupe;le;Advérbio / Preposição / Conjunção;Normal;;
iguypegua;inferior;Adjetivo;Normal;;
ijasúva;zurdo;Adjetivo;Normal;;
ijeheguíva;autonomía;Substantivo;Normal;;
ijopýva;tacaño;Adjetivo;Normal;;
ijurujáiva;abobado;Adjetivo;Normal;;
ikanguéva;vertebrado;Adjetivo;Normal;;
ikangýva;lánguido;Adjetivo;Normal;;
ikaraietémava;anciano;Adjetivo;Normal;;
ikarapéva;enano;Substantivo;Normal;;
ikatu;poder;Verbo;Normal;;
ikatupáva;todopode­roso;Adjetivo;Normal;;
ikatuʼỹha;imposibilidad;Substantivo;Normal;;
ikatuʼỹva;imposible;Adjetivo;Normal;;
ikatúne;probablemente;Adjetivo;Normal;;
ikatúva;que puede;Adjetivo;Normal;;
ike;ingresar;Verbo;Normal;;
iko;morar;Verbo;Normal;;
iko'ë;amaneció, amanecer;Verbo;Normal;;
ikoe;variar;Verbo;Normal;;
ikokatu;dominar;Verbo;Normal;;
ikorei;estar desocupado;Verbo;Normal;;
ikose;pretender ser;Verbo;Normal;;
ikove;subsistir;Verbo;Normal;;
ikuaʼíva;poroso;Adjetivo;Normal;;
ikuáva;con agujeros;Adjetivo;Normal;;
ikyráva;obeso;Adjetivo;Normal;;
ilílla;clavícula;Substantivo;Normal;;
imbaʼe;suyo;Pronome;Normal;;
imbaʼekuéra;suyo;Pronome;Normal;;
imbohapýva;terna;Substantivo;Normal;;
imboriahuetéva;indigente;Substantivo;Normal;;
ime;distar;Verbo;Normal;;
imomorãmby;venerable;Adjetivo;Normal;;
imoʼã;reflexionar;Verbo;Normal;;
imoʼãporãva;idealista;Adjetivo;Normal;;
indiañeʼẽ;hindi;Substantivo;Normal;;
inga;moruro, árbol;Substantivo;Normal;;
inimbe;lecho, cama;Substantivo;Normal;;
inimbeʼi;camilla;Substantivo;Normal;;
inimbo;hilo;Substantivo;Normal;;
inimborã;textil;Adjetivo;Normal;;
intentíno;ano;Substantivo;Normal;;
internet;internet;Substantivo;Normal;;
ipahare;final;Adjetivo;Normal;;
ipahápe;al cabo, por fin, finalmente;Adjetivo;Normal;;
ipepóva;alado;Adjetivo;Normal;;
ipo;su mano, mano;Substantivo;Normal;;
iporupy;valedero;Adjetivo;Normal;;
iporã;bién;Adjetivo;Normal;;
iporãma;basta;Substantivo;Normal;;
ipotýva;floreciente;Adjetivo;Normal;;
ipuakavéva;ganar;Verbo;Normal;;
ipuvaíva;disonante;Adjetivo;Normal;;
ipuʼakavéva;campeón;Substantivo;Normal;;
ipype;por dentro;Advérbio / Preposição / Conjunção;Normal;;
ipúva;sonoro;Adjetivo;Normal;;
irundy;cuatro;Adjetivo;Normal;;
irundyha;cuarto;Adjetivo;Normal;;
irundyke;escuadra;Substantivo;Normal;;
irundykue;escuadra;Substantivo;Normal;;
irundypa;cuarenta;Adjetivo;Normal;;
irundyvéva;los cuatro;Numeral;Normal;;
irũ;compañero, socio;Substantivo;Normal;;
ita;roca, piedra;Substantivo;Normal;;
itaembo;roca;Substantivo;Normal;;
itahai;tiza;Substantivo;Normal;;
itahũ;basalto;Substantivo;Normal;;
itaju;oro;Substantivo;Normal;;
itajuaty;tesoro;Substantivo;Normal;;
itakairã;calcio;Substantivo;Normal;;
itakaru;imán;Substantivo;Normal;;
itakua;caverna, cueva, gruta;Substantivo;Normal;;
itakuruvi;guijarro, cascajo, pedregullo;Substantivo;Normal;;
itakuʼijy;cemento;Substantivo;Normal;;
itakái;cal;Substantivo;Normal;;
itangecha;espejo;Substantivo;Normal;;
itapa;balsa;Substantivo;Normal;;
itape;losa;Substantivo;Normal;;
itaperéva;abandonado;Adjetivo;Normal;;
itapoty;musgo;Substantivo;Normal;;
itapu;campana;Substantivo;Normal;;
itasy;azufre;Substantivo;Normal;;
itasã;cadena;Substantivo;Normal;;
itaty;cantera;Substantivo;Normal;;
itatĩ;plata;Substantivo;Normal;;
itaveraite;diamante;Substantivo;Normal;;
itaveratĩ;perla;Substantivo;Normal;;
itaysy;azufre;Substantivo;Normal;;
iterei;extraordinariamente;Adjetivo;Normal;;
ityarõva;adulto;Adjetivo;Normal;;
ivareʼarekóva;voraz;Adjetivo;Normal;;
ivevýiva;volátil;Adjetivo;Normal;;
iviruhetáva;magnate;Substantivo;Normal;;
iñarandúva;leído;Adjetivo;Normal;;
iñeʼẽpehẽteĩ;aglutinante;Adjetivo;Normal;;
iñeʼẽpehẽteĩva;monosilábico;Adjetivo;Normal;;
ja;nosotros;Pronome;Normal;;
jagarra;prenderse;Verbo;Normal;;
jagua;perro;Substantivo;Normal;;
jagua rupa;perrera, lecho de perros;Substantivo;Normal;;
jagua ñarõ;ladrido;Substantivo;Normal;;
jagua% rehegua;canina;Adjetivo;Normal;;
jaguajuka;haraganear;Verbo;Normal;;
jaguakatĩ;martín pescador;Substantivo;Normal;;
jaguapara;jaguar;Substantivo;Normal;;
jaguape;nutria;Substantivo;Normal;;
jaguapytã;puma;Substantivo;Normal;;
jaguarete;tigre;Substantivo;Normal;;
jaguareteʼi;lince;Substantivo;Normal;;
jaguaru;lobo;Substantivo;Normal;;
jaguaveve;cometa;Substantivo;Normal;;
jaguaʼi;cachorro;Substantivo;Normal;;
jahape;forraje;Substantivo;Normal;;
jahechaha;espejo;Substantivo;Normal;;
jaheiʼỹ;paciencia;Substantivo;Normal;;
jaheʼo;lamentar;Verbo;Normal;;
jahoga;ahogarse;Verbo;Normal;;
jahoʼi;abrigar;Verbo;Normal;;
jahoʼipyre;cubierto;Adjetivo;Normal;;
jahoʼiʼo;destapar;Verbo;Normal;;
jahu;bañarse;Verbo;Normal;;
jahuha;balneario;Substantivo;Normal;;
jahupytyʼỹva;inasequible;Adjetivo;Normal;;
jahéi;maltrato;Substantivo;Normal;;
jai;llaga;Substantivo;Normal;;
jaikuaaháicha;sin dúvida;Adjetivo;Normal;;
jaipa;ulceroso;Adjetivo;Normal;;
jaitypo;anidar;Verbo;Normal;;
jajoechajevypeve;adiós;Interjeição;Normal;;
jajoechapeve;adiós;Interjeição;Normal;;
jajupiha;escalera;Substantivo;Normal;;
jajuvoka;desnucar;Verbo;Normal;;
jajuvyso;estirar el cuello;Verbo;Normal;;
jajy;resistente;Adjetivo;Normal;;
jajái;resplandecer;Verbo;Normal;;
jakare;caimán;Substantivo;Normal;;
jaku;faisán;Substantivo;Normal;;
jakuaaha;accesible;Adjetivo;Normal;;
jakupeti;restablecer;Verbo;Normal;;
jaoréi;lavar ropa;Verbo;Normal;;
japa;calambre;Substantivo;Normal;;
japajeréi;revolcarse;Verbo;Normal;;
japajua;viscoso;Adjetivo;Normal;;
japakua;enrollarse;Verbo;Normal;;
japaro;volcarse;Verbo;Normal;;
japaso;hartarse;Verbo;Normal;;
japasuru;zambullirse;Verbo;Normal;;
japepo;olla;Substantivo;Normal;;
japete;herir con la mano;Verbo;Normal;;
japeusa;ciempiés;Substantivo;Normal;;
japi;herir;Verbo;Normal;;
japichy;adular;Verbo;Normal;;
japikuaa;puntería;Substantivo;Normal;;
japikuaaha;puntería;Substantivo;Normal;;
japiro;descubrir el bálano;Verbo;Normal;;
japo;ejecutar;Verbo;Normal;;
japojey;rehacer;Verbo;Normal;;
japokuaa;ser capaz;Verbo;Normal;;
japokuaáva;viable;Adjetivo;Normal;;
japokói;apoyarse;Verbo;Normal;;
japopa;producir;Verbo;Normal;;
japopyre;obra;Substantivo;Normal;;
japopyrã;programa;Substantivo;Normal;;
japose;proyectar;Verbo;Normal;;
japoségui;a propósito;Adjetivo;Normal;;
japouka;mandar;Verbo;Normal;;
japove;proseguir;Verbo;Normal;;
japu;mentir;Verbo;Normal;;
japura;apurarse;Verbo;Normal;;
japuʼỹ;sinceridad;Adjetivo;Normal;;
japuʼỹva;franco;Adjetivo;Normal;;
japyhara;saltar obstáculo;Verbo;Normal;;
japyhy;cautivar;Verbo;Normal;;
japysaka;escuchar bien;Verbo;Normal;;
japúpe, japuhápe;falsamente;Adjetivo;Normal;;
jara;sacar;Verbo;Normal;;
jarara;yarará, víbora venenosa;Substantivo;Normal;;
jarareka;rematar;Verbo;Normal;;
jarareko;pertenecer;Verbo;Normal;;
jararã;heredero;Substantivo;Normal;;
jaraʼỹva;sin dueño;Adjetivo;Normal;;
jare;grasiento;Adjetivo;Normal;;
jarivoʼo;retar;Verbo;Normal;;
jariʼi;acné;Substantivo;Normal;;
jaru;juego;Substantivo;Normal;;
jarýi;abuelo;Substantivo;Normal;;
jasuru;entreme­terse;Verbo;Normal;;
jasururu;meterse;Verbo;Normal;;
jasurúva;invasor;Adjetivo;Normal;;
jasy;mes;Substantivo;Normal;;
jasy pyahu;luna nueva;Substantivo;Normal;;
jasy ra’y;luna nueva, creciente temprana;Substantivo;Normal;;
jasy rendy;resplandor de la luna;Substantivo;Normal;;
jasy renyhẽ;luna llena;Substantivo;Normal;;
jasy resa;rayo de luna;Substantivo;Normal;;
jasyapy;marzo;Substantivo;Normal;;
jasyho;luna menguante;Substantivo;Normal;;
jasyjatere;duende mitológico del mediodía;Substantivo;Normal;;
jasykõi;febrero;Substantivo;Normal;;
jasypa;octubre;Substantivo;Normal;;
jasypaha;luna menguante;Substantivo;Normal;;
jasypakõi;diciembre;Substantivo;Normal;;
jasypateĩ;noviembre;Substantivo;Normal;;
jasypegua;lunar;Adjetivo;Normal;;
jasypoapy;agosto;Substantivo;Normal;;
jasypokõi;julio;Substantivo;Normal;;
jasyporundy;septiembre;Substantivo;Normal;;
jasypoteï;junio;Substantivo;Normal;;
jasypoteĩ;junio;Substantivo;Normal;;
jasyrata;estrella;Substantivo;Normal;;
jasyrundy;abril;Substantivo;Normal;;
jasyteï;enero;Substantivo;Normal;;
jasyteĩ;enero;Substantivo;Normal;;
jatapy;intrigar;Verbo;Normal;;
jatevu;garrapata;Substantivo;Normal;;
jati’i;divieso, forúnculo;Substantivo;Normal;;
jati’i pochy;buba, absceso ulcerado;Substantivo;Normal;;
jaty;cubrir con tierra;Verbo;Normal;;
jatyka;jalonar;Verbo;Normal;;
jatykaha;mazo;Substantivo;Normal;;
jatyko;recostarse;Verbo;Normal;;
jatyta;caracol;Substantivo;Normal;;
jave;mientras;Adjetivo;Normal;;
javegua;coetáneo;Adjetivo;Normal;;
javete;a tiempo;Adjetivo;Normal;;
javeve;mientras;Adjetivo;Normal;;
javevúi, javevýi;raya;Substantivo;Normal;;
javiru;picotear;Verbo;Normal;;
javoru;pellizco;Substantivo;Normal;;
javorái;enrevesado;Adjetivo;Normal;;
javoʼói;enredado;Adjetivo;Normal;;
javy;perderse;Verbo;Normal;;
javyhára;fracasado;Substantivo;Normal;;
javykuaaʼỹva;infalible;Adjetivo;Normal;;
javyky;manosear;Verbo;Normal;;
jayvy;iclinarse;Verbo;Normal;;
jaʼe;ser amigo;Verbo;Normal;;
jaʼeʼỹ;odiar;Verbo;Normal;;
jaʼo;increpar;Verbo;Normal;;
jaʼopy;división;Substantivo;Normal;;
jaʼopyre;dividido;Adjetivo;Normal;;
jaʼupyrã;comestible;Adjetivo;Normal;;
jaʼúva;comestible;Adjetivo;Normal;;
jeaojyvapepi;arremangarse;Verbo;Normal;;
jecha;encontrarse;Verbo;Normal;;
jechakuaa;reconocimiento;Substantivo;Normal;;
jechauka;aparecer;Verbo;Normal;;
jechukaséva;vanidoso;Adjetivo;Normal;;
jedesouliga;dar a luz;Verbo;Normal;;
jeepy;represalia;Substantivo;Normal;;
jegua;encaje;Substantivo;Normal;;
jeguaka;joya;Substantivo;Normal;;
jeguakapo;realce;Substantivo;Normal;;
jeguakarenda;joyería;Substantivo;Normal;;
jeguakaʼapoha;joyero;Substantivo;Normal;;
jeguareipáva;lujoso;Adjetivo;Normal;;
jeguaru;sentir repugnancia;Verbo;Normal;;
jeguata;marcha;Substantivo;Normal;;
jeguataha;parque;Substantivo;Normal;;
jeguaʼíva;modesto;Adjetivo;Normal;;
jeguaʼỹre;sobrio;Adjetivo;Normal;;
jeguejy;rebaja;Substantivo;Normal;;
jeguejyha;bajada;Substantivo;Normal;;
jeguerosapukái;vociferar;Verbo;Normal;;
jegueroviapy;creencia;Substantivo;Normal;;
jegueru;provisión;Substantivo;Normal;;
jeguevi;regresión;Substantivo;Normal;;
jeguta;enamorarse;Verbo;Normal;;
jehai;raya;Substantivo;Normal;;
jehai po;manuscrito;Substantivo;Normal;;
jehai po pegua;manuscrito;Substantivo;Normal;;
jehai% po;manuscrito;Adjetivo;Normal;;
jehaitypo;anidar;Verbo;Normal;;
jehapereka;investigación;Substantivo;Normal;;
jehapy;quema;Substantivo;Normal;;
jeharu;descomponerse;Verbo;Normal;;
jehasa;pasarse;Verbo;Normal;;
jehasa asyeterei;martirio;Substantivo;Normal;;
jehasaha;paso;Substantivo;Normal;;
jehasapyre;vivencia;Substantivo;Normal;;
jehasarepy;peaje;Substantivo;Normal;;
jehasaʼasy;escasez;Substantivo;Normal;;
jehayhu;querido;Adjetivo;Normal;;
jehayhuve;predilecto;Adjetivo;Normal;;
jehayhuʼỹva;antipático;Adjetivo;Normal;;
jehaʼỹiʼóva;castrado;Adjetivo;Normal;;
jehecha;óptica;Substantivo;Normal;;
jehechakuaa;reconocimiento;Substantivo;Normal;;
jehechauka;mostrarse;Verbo;Normal;;
jehechavai;trance;Substantivo;Normal;;
jehecháva;notorio;Adjetivo;Normal;;
jeheja;renunciar;Verbo;Normal;;
jehejarei;impunidad;Substantivo;Normal;;
jeheka;dedicarse;Verbo;Normal;;
jehekoporanga;perfeccionarse;Verbo;Normal;;
jehekyipota;agonizar;Verbo;Normal;;
jehekýi;huir;Verbo;Normal;;
jehepy;vengarse;Verbo;Normal;;
jehero;llamarse;Verbo;Normal;;
jeheréi;relamerse;Verbo;Normal;;
jehesyha;parrilla;Substantivo;Normal;;
jehetepyso;estirarse;Verbo;Normal;;
jeheterayhu;narcisismo;Substantivo;Normal;;
jeheʼa;fusión;Substantivo;Normal;;
jeho;viaje;Substantivo;Normal;;
jehovasa;persignarse;Verbo;Normal;;
jehovañuã;disfrazarse;Verbo;Normal;;
jehu;servir;Verbo;Normal;;
jehukue;suceso;Substantivo;Normal;;
jehupa;alojamiento;Substantivo;Normal;;
jehupi;montaje;Substantivo;Normal;;
jehupyre;anécdota;Substantivo;Normal;;
jehupyrehai;parte;Substantivo;Normal;;
jehupyty;obtención;Substantivo;Normal;;
jehurei;ocurrencia;Substantivo;Normal;;
jehykuavo;desembocar;Substantivo;Normal;;
jehýi;entumecerse;Verbo;Normal;;
jei;separarse;Verbo;Normal;;
jeike;ingreso;Substantivo;Normal;;
jeikeha;entrada;Adjetivo;Normal;;
jeiko;residir;Verbo;Normal;;
jeikoha;residencia;Substantivo;Normal;;
jeikoporã;bienestar;Substantivo;Normal;;
jeikorei;deambular;Substantivo;Normal;;
jeikovai;disputar;Verbo;Normal;;
jeikove;sobrevivir;Verbo;Normal;;
jeipeju;abanicar;Verbo;Normal;;
jeipeʼa;abolición;Substantivo;Normal;;
jeisyryku;succión;Substantivo;Normal;;
jeity;tumbar;Verbo;Normal;;
jeitykuaa;paracaidismo;Substantivo;Normal;;
jeitypyre;proscripto;Adjetivo;Normal;;
jejagarra;prenderse;Verbo;Normal;;
jejapi;ser herido;Verbo;Normal;;
jejapo;presumir;Verbo;Normal;;
jejapokatúva;realizable;Adjetivo;Normal;;
jejapopáva;terminado;Adjetivo;Normal;;
jejaporã;objetivo;Substantivo;Normal;;
jejapose;proyecto;Substantivo;Normal;;
jejapove;continuación;Substantivo;Normal;;
jejapoʼỹ;sencillo;Adjetivo;Normal;;
jejapyhy;agarrarse;Verbo;Normal;;
jejapóva;orgulloso;Adjetivo;Normal;;
jejaro;rebajarse;Verbo;Normal;;
jejasuru;irrupción;Substantivo;Normal;;
jejavy;perderse;Verbo;Normal;;
jejavy guasu;aberración;Substantivo;Normal;;
jejavyky;masturbarse;Verbo;Normal;;
jejeroviarei;vanagloria;Substantivo;Normal;;
jejoheiha;lavadero;Substantivo;Normal;;
jejoko;contenerse;Verbo;Normal;;
jejokoha;muleta;Substantivo;Normal;;
jejokuapy;servicial;Adjetivo;Normal;;
jejopi;picazón;Substantivo;Normal;;
jejoporu;solidaridad;Substantivo;Normal;;
jejopy;oprimido;Adjetivo;Normal;;
jejopyru;trueque;Substantivo;Normal;;
jejopói;solidaridad;Substantivo;Normal;;
jejopýva;presionado;Adjetivo;Normal;;
jejoso;molienda;Substantivo;Normal;;
jejovasa;persignarse;Verbo;Normal;;
jeju;venida;Substantivo;Normal;;
jejuhu;encontrarse;Verbo;Normal;;
jejuka;suicidarse;Verbo;Normal;;
jejuka heta;masacre;Substantivo;Normal;;
jejuka% heta;masacre;Substantivo;Normal;;
jejukaha;suicida. u. t. c. s;Adjetivo;Normal;;
jejupi;asunción;Substantivo;Normal;;
jejura;unión;Substantivo;Normal;;
jejuruhéi;gárgara;Substantivo;Normal;;
jejurupeka;bostezar;Verbo;Normal;;
jejurupe’a;bostezo;Substantivo;Normal;;
jejuvoka;torcerse el cuello;Verbo;Normal;;
jejuvypyre;ahorcado;Adjetivo;Normal;;
jejuvyso;estirar el cuello;Verbo;Normal;;
jeka;quebrarse;Verbo;Normal;;
jekaguai;murmuración;Substantivo;Normal;;
jekakaha;retrete;Substantivo;Normal;;
jekakuaa;desarrollo;Substantivo;Normal;;
jekakue;quebrado;Adjetivo;Normal;;
jekareíva;frágil;Adjetivo;Normal;;
jekarukuaa;dieta;Substantivo;Normal;;
jekeha;pensión;Substantivo;Normal;;
jeko;servirse de;Verbo;Normal;;
jekoha;respaldo;Substantivo;Normal;;
jekojoja;coexistir;Verbo;Normal;;
jekopi;siega;Substantivo;Normal;;
jekopyty;entender;Verbo;Normal;;
jekopytyjoja;democracia;Substantivo;Normal;;
jekuaa;ser conocido;Verbo;Normal;;
jekuaapyre;publicado;Adjetivo;Normal;;
jekuaaukaha;identificador;Adjetivo;Normal;;
jekuaave;sobresalir;Verbo;Normal;;
jekuaaʼỹva;incógnito;Adjetivo;Normal;;
jekuaru;micción;Substantivo;Normal;;
jekuaruha;retrete;Substantivo;Normal;;
jekuaáva;sabido;Adjetivo;Normal;;
jekupyty;solidaridad;Substantivo;Normal;;
jekutu;pinchazo;Substantivo;Normal;;
jekyty;fregarse;Verbo;Normal;;
jekái;incendio;Substantivo;Normal;;
jeliaha;pañal;Substantivo;Normal;;
jeoko;represión;Substantivo;Normal;;
jepapa;censo;Substantivo;Normal;;
jepara;apuesta;Substantivo;Normal;;
jepe;sin embargo;Adjetivo;Normal;;
jepeju s;airear­se;Substantivo;Normal;;
jepejuha;abanico;Substantivo;Normal;;
jepepi;alzarse la ropa;Verbo;Normal;;
jepepy;ladearse;Verbo;Normal;;
jepeʼa;separado;Adjetivo;Normal;;
jepeʼe;calentarse;Verbo;Normal;;
jepi;algunas veces;Adjetivo;Normal;;
jepicha;turbarse;Verbo;Normal;;
jepichy;friccionarse;Verbo;Normal;;
jepigua;ordinario;Adjetivo;Normal;;
jepiguaʼỹ;peculiar;Adjetivo;Normal;;
jepiro;pelarse;Verbo;Normal;;
jepive;siempre;Adjetivo;Normal;;
jepo;pirueta;Substantivo;Normal;;
jepoapi;equivocarse;Verbo;Normal;;
jepohéi;lavarse las manos;Verbo;Normal;;
jepoi;precipitarse;Verbo;Normal;;
jepoity;saludar con la mano;Verbo;Normal;;
jepoka;recurrir;Verbo;Normal;;
jepoko;toque;Substantivo;Normal;;
jepokogua;táctil;Adjetivo;Normal;;
jepokokuaáva;tangible;Adjetivo;Normal;;
jepokuaa;acostumbrarse;Verbo;Normal;;
jepokuaaha;costumbre;Substantivo;Normal;;
jepokuaha;esposas;Substantivo;Normal;;
jepokuaáva;acostum­brado;Adjetivo;Normal;;
jepokuita;nadar;Verbo;Normal;;
jepokyty;frotarse las manos;Verbo;Normal;;
jepokói;asir;Verbo;Normal;;
jepomeʼẽ;derrochador;Adjetivo;Normal;;
jepopete;aplaudir;Verbo;Normal;;
jepopichy;restregarse las ma­nos;Verbo;Normal;;
jepopoka;retorcerse las manos;Verbo;Normal;;
jepopyhy;pasarse las manos;Verbo;Normal;;
jeporavo;voto;Substantivo;Normal;;
jeporavokuaáva;optativo;Adjetivo;Normal;;
jeporavopyre;electo;Adjetivo;Normal;;
jeporavorape;sistema;Substantivo;Normal;;
jeporeka;ganarse la vida;Verbo;Normal;;
jeporoheka;desafío;Substantivo;Normal;;
jeporu;útil (ser);Substantivo;Normal;;
jeporuháicha;usualmente;Adjetivo;Normal;;
jeporuka;préstamo;Substantivo;Normal;;
jeporukuaa;utilizable;Adjetivo;Normal;;
jeporupyre;tomado en préstamo;Adjetivo;Normal;;
jeporuypy;inauguración;Substantivo;Normal;;
jeporúva;usado;Adjetivo;Normal;;
jepota;codicia;Substantivo;Normal;;
jepotave;preferido;Adjetivo;Normal;;
jepoupi;levantar las manos;Verbo;Normal;;
jepovyvy;revolver;Verbo;Normal;;
jepoyhu;respetar;Verbo;Normal;;
jepoyru;hacer señas con la mano;Verbo;Normal;;
jepuru;abuso;Substantivo;Normal;;
jepuruypy;inauguración;Substantivo;Normal;;
jepy;vengarse;Verbo;Normal;;
jepyhy;agarrarse;Verbo;Normal;;
jepyhéi;lavarse los pies;Verbo;Normal;;
jepyjái;abrir las piernas;Verbo;Normal;;
jepykua;ser atado de pies;Verbo;Normal;;
jepyso;desperezarse;Verbo;Normal;;
jepyta;parada;Substantivo;Normal;;
jepytaha;mesón;Substantivo;Normal;;
jepytaka;empinarse;Verbo;Normal;;
jepytaso;resistir;Verbo;Normal;;
jepyte;succión;Substantivo;Normal;;
jepyteha;bombilla;Substantivo;Normal;;
jepyvu;vórtice;Substantivo;Normal;;
jepyʼajopy;preocupado;Adjetivo;Normal;;
jepyʼamongeta;meditación;Substantivo;Normal;;
jepyʼapy;preocuparse;Verbo;Normal;;
jepéva;sumamente;Adjetivo;Normal;;
jera;desatarse;Verbo;Normal;;
jerahakuaáva;tolerable;Adjetivo;Normal;;
jere;girarse;Verbo;Normal;;
jereha;ambiente;Substantivo;Normal;;
jereko;cuidarse;Verbo;Normal;;
jerekoha;pertenencia;Substantivo;Normal;;
jeremýi;bicicleta;Substantivo;Normal;;
jerepyre;dado vuelta;Adjetivo;Normal;;
jereregua;vecindad;Substantivo;Normal;;
jerereko;tenerse;Verbo;Normal;;
jererekoha;posesión;Substantivo;Normal;;
jererohory;felicita­do;Substantivo;Normal;;
jereroja;ser acarreado;Verbo;Normal;;
jererojy;inclinarse;Verbo;Normal;;
jererory;gloriarse;Verbo;Normal;;
jererova;ser trasladado;Verbo;Normal;;
jererovu;gloriarse;Verbo;Normal;;
jero;no doblegarse;Substantivo;Normal;;
jerochichĩ;mimo;Substantivo;Normal;;
jerohory;felicitación;Substantivo;Normal;;
jeroja;arrimarse;Verbo;Normal;;
jerojy;reverenciar;Verbo;Normal;;
jerokañy;rapto;Substantivo;Normal;;
jerokua;menearse sexualmente;Verbo;Normal;;
jeroky;bailar;Verbo;Normal;;
jerokyha;baile;Substantivo;Normal;;
jerombyasy;compasión;Substantivo;Normal;;
jerova;cambiar;Verbo;Normal;;
jerovia;confiar (en);Verbo;Normal;;
jeroviaha;leal;Adjetivo;Normal;;
jeroviahaʼỹ;desleal;Adjetivo;Normal;;
jeroviapy;leal;Adjetivo;Normal;;
jeroviarei;crédulo;Adjetivo;Normal;;
jeroviauka;recomendar;Verbo;Normal;;
jeroviaukaha;aval;Substantivo;Normal;;
jerovu;jactarse;Verbo;Normal;;
jerovuʼỹ;modesto;Adjetivo;Normal;;
jeroʼa;inclinado;Adjetivo;Normal;;
jerure;pedir;Verbo;Normal;;
jerure% mávare;abogar;Verbo;Normal;;
jerureha;ruego;Substantivo;Normal;;
jerurejey;instar;Verbo;Normal;;
jerurepohýi;exigir;Verbo;Normal;;
jerurepyre;pedido;Adjetivo;Normal;;
jerureʼasy;rogar;Verbo;Normal;;
jeruti;paloma;Substantivo;Normal;;
jerére;alrededor;Adjetivo;Normal;;
jesamboyke;distraerse;Verbo;Normal;;
jesapeʼa;darse cuenta;Verbo;Normal;;
jesapeʼáva;observador;Adjetivo;Normal;;
jesapy;cerrar los ojos;Verbo;Normal;;
jesapymi;guiñar;Verbo;Normal;;
jesapyso;extender la vista;Verbo;Normal;;
jesapysoha;panorama;Substantivo;Normal;;
jesarea;desconcierto;Substantivo;Normal;;
jesareko;fijarse;Verbo;Normal;;
jesaupi;levantar la vista;Verbo;Normal;;
jesayvy;bajar la vista;Verbo;Normal;;
jeso;quiebra;Substantivo;Normal;;
jesoro;desgarro;Substantivo;Normal;;
jetavyʼo;estudiar;Verbo;Normal;;
jetekyty;fregarse el cuerpo;Verbo;Normal;;
jetepoka;desperezarse;Verbo;Normal;;
jetepyso;gimnasia;Substantivo;Normal;;
jetopeta;encontrarse;Verbo;Normal;;
jetuʼu;recalcar;Verbo;Normal;;
jetuʼúva;pertinaz;Adjetivo;Normal;;
jety;patata;Substantivo;Normal;;
jetypeka;rebuscarse;Verbo;Normal;;
jetyty;batatal, plantación de batatas;Substantivo;Normal;;
jetyvyro;precipitarse;Verbo;Normal;;
jeva;migración;Substantivo;Normal;;
jevale;servirse de alguien;Verbo;Normal;;
jevava;balanceo;Substantivo;Normal;;
jevira;repetir la comida;Verbo;Normal;;
jevolea;voltear;Verbo;Normal;;
jevu;hinchazón;Substantivo;Normal;;
jevy;retornar;Verbo;Normal;;
jevyevy;repetidas veces;Adjetivo;Normal;;
jevyka;palpar;Verbo;Normal;;
jevykói;palpar;Verbo;Normal;;
jey;nuevamente;Adjetivo;Normal;;
jeyta;natación;Substantivo;Normal;;
jeyʼuha;bebedero;Adjetivo;Normal;;
jeʼajey;recaer;Verbo;Normal;;
jeʼajokoha;paracaídas;Substantivo;Normal;;
jeʼe;pronunciación;Substantivo;Normal;;
jeʼejey;repetir;Verbo;Normal;;
jeʼo;desteñirse;Verbo;Normal;;
jeʼoi;concorrer;Verbo;Normal;;
jeʼoʼỹva;imborrable;Adjetivo;Normal;;
jeʼyta;natación;Substantivo;Normal;;
jo;mutuo;Substantivo;Normal;;
joa;todos juntos;Adjetivo;Normal;;
joaju;intimar;Verbo;Normal;;
joapy;plegar;Verbo;Normal;;
joapykuéri;uno tras otro;Adjetivo;Normal;;
joasa;encontrarse;Verbo;Normal;;
joaty;federación;Substantivo;Normal;;
joavy;diferenciarse;Verbo;Normal;;
joayhu;amarse recíprocamente;Verbo;Normal;;
joayhujoa;paz;Substantivo;Normal;;
joecha;verse;Verbo;Normal;;
joehe;mutuamente;Adjetivo;Normal;;
jogapo;construir(se la casa);Substantivo;Normal;;
jogua;comprar, asemejar;Verbo;Normal;;
joguaha;semejante, igual, comprador;Adjetivo;Normal;;
joguapyahu;adquisición;Substantivo;Normal;;
joguapyre;compra;Substantivo;Normal;;
joguapyrã;mercadería;Substantivo;Normal;;
jogueraha;ir juntos;Verbo;Normal;;
joguerekokuaa;convivencia;Substantivo;Normal;;
jogueru;ir juntos;Verbo;Normal;;
joha;huraño, urticaria, irritación en la piel;Adjetivo;Normal;;
johayhu;quererse, amor mutuo;Verbo;Normal;;
johechagi;tolerarse;Verbo;Normal;;
johechakuaa;solidaridad;Substantivo;Normal;;
joheiha;lavadero;Substantivo;Normal;;
joheipyre;moral, lavado, honrado, probo;Adjetivo;Normal;;
johu;inventar;Verbo;Normal;;
johuguy;pariente;Substantivo;Normal;;
johupity;alcanzar;Verbo;Normal;;
johupyre;inventado;Adjetivo;Normal;;
johupyty;entenderse;Verbo;Normal;;
johéi;lavar, lavar las manos;Verbo;Normal;;
johýi;limpiar, fregar, rozar;Verbo;Normal;;
joity;echarse, tumbarse;Verbo;Normal;;
joja;juntar;Verbo;Normal;;
jojaha;igual;Adjetivo;Normal;;
jojahaʼỹ;ideal;Adjetivo;Normal;;
jojahápe;rectamente;Adjetivo;Normal;;
jojaiha;payaso;Substantivo;Normal;;
jojajovái;paralelo;Adjetivo;Normal;;
jojapy;social;Adjetivo;Normal;;
jojaʼỹ;desigual;Adjetivo;Normal;;
jojopara;mezclarse;Verbo;Normal;;
jojopy;apretarse;Verbo;Normal;;
joju;intimar;Verbo;Normal;;
jojuhu;encontrarse (mutuamente);Verbo;Normal;;
jojái;burlarse;Verbo;Normal;;
jojói;tener hipo;Verbo;Normal;;
joka;romper;Verbo;Normal;;
jokapyre;roto;Adjetivo;Normal;;
jokatiri;agrietar;Verbo;Normal;;
joko;suspender;Verbo;Normal;;
jokoha;retén;Substantivo;Normal;;
jokohaʼỹva;desenfrenado;Adjetivo;Normal;;
jokopyre;detenido;Adjetivo;Normal;;
jokosapyʼa;interrumpir;Verbo;Normal;;
jokua;uncir;Verbo;Normal;;
jokuaa;conocerse (mutuamente);Verbo;Normal;;
jokuaha;venda;Substantivo;Normal;;
jokuaiha;ordenanza;Substantivo;Normal;;
jokuaipy;mandatario;Substantivo;Normal;;
jokuapy;envuelto;Adjetivo;Normal;;
jokuapyre;atado;Adjetivo;Normal;;
jokupyty;comprensión;Substantivo;Normal;;
jokuái;ocupar;Verbo;Normal;;
jopara;mezclar;Verbo;Normal;;
jope;refractar;Verbo;Normal;;
jope'a;desunir, separar;Verbo;Normal;;
jopi;picar;Verbo;Normal;;
jopoi;divorciarse;Verbo;Normal;;
joporu;trocar;Verbo;Normal;;
joporuka;prestarse uno a otro;Verbo;Normal;;
jopy;restringir;Verbo;Normal;;
jopyha;opresor;Adjetivo;Normal;;
jopyhy;cohabitar sexualmente;Verbo;Normal;;
jopyru;reemplazar;Verbo;Normal;;
jopói;regalar;Verbo;Normal;;
jora;desatar;Verbo;Normal;;
jorapyrãʼỹ;indisoluble;Adjetivo;Normal;;
joso;machucar;Verbo;Normal;;
josoha;molino;Substantivo;Normal;;
josopyre;pisado;Adjetivo;Normal;;
jovahéi;lavarse la cara;Verbo;Normal;;
jovasa;persignarse;Verbo;Normal;;
jovái;enfrente de;Substantivo;Normal;;
joykeʼy;hermano;Substantivo;Normal;;
joyvy;volver la cabeza;Verbo;Normal;;
joyvýpe;a dos voces;Adjetivo;Normal;;
joʼa;duplicado;Adjetivo;Normal;;
joʼapyrã;plegable;Adjetivo;Normal;;
joʼo;excavar;Verbo;Normal;;
joʼoha;pala;Substantivo;Normal;;
ju;venir;Verbo;Normal;;
ju'i;rana;Substantivo;Normal;;
ju'ái;bocio, papera;Substantivo;Normal;;
juaju;adherir;Verbo;Normal;;
juapy;unirse;Verbo;Normal;;
juasa;cruzarse;Verbo;Normal;;
juavy;diferenciarse;Verbo;Normal;;
juecha;encontrarse;Verbo;Normal;;
juehegua;iguales;Adjetivo;Normal;;
jueja;divorciarse;Verbo;Normal;;
juhu;encontrar;Verbo;Normal;;
juhuha;descubridor;Substantivo;Normal;;
juhupyre;hallazgo;Substantivo;Normal;;
jujey;volver;Verbo;Normal;;
juka;sacrificar;Verbo;Normal;;
jukaha;matador;Substantivo;Normal;;
jukahare;homicida;Adjetivo;Normal;;
jukahára;asesino;Substantivo;Normal;;
jukapa;exterminar;Verbo;Normal;;
jukeri;zarza;Substantivo;Normal;;
jukerity;zarzal;Substantivo;Normal;;
jukuʼa;jadear;Verbo;Normal;;
juky;sal;Substantivo;Normal;;
jukyra, jukyrana;salitre;Substantivo;Normal;;
jukyry;salmuera;Substantivo;Normal;;
jukysy;caldo;Substantivo;Normal;;
jukyty;salina;Substantivo;Normal;;
jukyʼỹ;insípido;Adjetivo;Normal;;
jumosã;enhebrar la aguja;Verbo;Normal;;
jupi;subir;Verbo;Normal;;
jupigua, jupiha;escalón;Substantivo;Normal;;
jupiha;escalera;Substantivo;Normal;;
jupyty;alcanzarse mutuamente;Verbo;Normal;;
jura;obligar;Verbo;Normal;;
juraha;lazo;Substantivo;Normal;;
jurapyre;cautivo;Adjetivo;Normal;;
juru;abertura;Substantivo;Normal;;
juru'a;bigote;Substantivo;Normal;;
juru'o;destapar, descorchar;Verbo;Normal;;
juruaysy;baba;Substantivo;Normal;;
jurugua;oral;Adjetivo;Normal;;
juruguasu;bocón;Adjetivo;Normal;;
juruhe;apetito;Substantivo;Normal;;
juruheʼẽ;adulador;Adjetivo;Normal;;
juruheʼỹ;inapetente;Adjetivo;Normal;;
juruja;respiro;Substantivo;Normal;;
jurujohéi;enjuague bucal;Substantivo;Normal;;
jurujoko;frenar;Verbo;Normal;;
jurujokoha;freno;Substantivo;Normal;;
jurujokua;amordazar;Verbo;Normal;;
jurujái;embelesar;Verbo;Normal;;
juruka;refrenar;Verbo;Normal;;
jurukaha;freno;Substantivo;Normal;;
jurukechẽ;mueca;Substantivo;Normal;;
jurumboty;amordazar;Verbo;Normal;;
jurumyʼỹi;delator;Adjetivo;Normal;;
jurupari;mueca;Substantivo;Normal;;
jurupeka;bostezar;Verbo;Normal;;
jurupeteĩ;entendimiento;Substantivo;Normal;;
jurupeʼa;boquiabierto;Adjetivo;Normal;;
jurupipi;chismoso;Adjetivo;Normal;;
jurupy;pedúnculo;Substantivo;Normal;;
jurupyasy;profetizar;Verbo;Normal;;
jurupyte;besar en la boca;Verbo;Normal;;
jururyjúi;baba;Substantivo;Normal;;
juruvai;mal hablado;Adjetivo;Normal;;
juruvaíva;malhablado;Adjetivo;Normal;;
juruvera;charlatán;Adjetivo;Normal;;
juruvy;entreabrir, entreabierto, entornado;Verbo;Normal;;
juruʼakua;aprovechador;Adjetivo;Normal;;
juruʼatã;petulante;Adjetivo;Normal;;
juru’ai;boquera, llaga bucal;Substantivo;Normal;;
juvoka;estrangular;Verbo;Normal;;
juvy;ahorcar, estrangular;Verbo;Normal;;
juvyha;horca;Substantivo;Normal;;
juvypyre;ahorcado;Adjetivo;Normal;;
juʼi;rana;Substantivo;Normal;;
juʼái;bocio;Substantivo;Normal;;
jy;cocinarse;Verbo;Normal;;
jygue;cocinado;Adjetivo;Normal;;
jykýi;trillar, desgranar;Verbo;Normal;;
jyryvi;tráquea;Substantivo;Normal;;
jyva;brazo;Substantivo;Normal;;
jyva'ári;en brazos;Advérbio / Preposição / Conjunção;Normal;;
jyvaguy;axila, sobaco;Substantivo;Normal;;
jyvanga;codo;Substantivo;Normal;;
jyvaʼapĩ;manco;Adjetivo;Normal;;
jyvaʼỹ;manco;Adjetivo;Normal;;
jyvyka;revolver la tierra;Verbo;Normal;;
jái;abierto;Adjetivo;Normal;;
jápa;añadidura;Substantivo;Normal;;
jára;patrón;Substantivo;Normal;;
jégua;yegua;Substantivo;Normal;;
júi;arco iris;Substantivo;Normal;;
júnta;par;Substantivo;Normal;;
ka'aguygua;montaraz, del monte;Adjetivo;Normal;;
ka'aguyrerekua;guardabosque;Substantivo;Normal;;
ka'ajarýi;ninfa del bosque;Substantivo;Normal;;
ka'api;carpir;Verbo;Normal;;
ka'apiha;azada, carpidor;Substantivo;Normal;;
ka'aru;tarde;Substantivo;Normal;;
ka'aru pytũ;crepúsculo, anochecer;Substantivo;Normal;;
ka'arẽ;planta medicinal;Substantivo;Normal;;
ka'aty;yerbal;Substantivo;Normal;;
ka'avo;verdura, planta espinosa, vegetal;Substantivo;Normal;;
ka'avotyre'ỹ;planta parásita;Substantivo;Normal;;
ka'ay;mate;Substantivo;Normal;;
ka'ay he'ẽ;mate dulce;Substantivo;Normal;;
ka'ay kamby;mate con leche;Substantivo;Normal;;
ka'aykue;yerba usada;Substantivo;Normal;;
ka'ayro;mate amargo;Substantivo;Normal;;
ka'i;mono, enclenque, macaco;Substantivo;Normal;;
ka'u;borrachera, borracho;Substantivo;Normal;;
ka'urapo;borrachín;Substantivo;Normal;;
ka'ípe;gratis, sin pagar;Advérbio / Preposição / Conjunção;Normal;;
ka'ẽ;asado;Substantivo;Normal;;
kacha;tambalearse;Verbo;Normal;;
kachape;pequeño;Adjetivo;Normal;;
kachivéo;bote;Substantivo;Normal;;
kachiãi;vulgar;Adjetivo;Normal;;
kachiãireko;vulgar;Adjetivo;Normal;;
kagua;vaso;Substantivo;Normal;;
kaguai;reprochar;Verbo;Normal;;
kaguaka;botella;Substantivo;Normal;;
kaguare;perezoso;Substantivo;Normal;;
kaguy;vino;Substantivo;Normal;;
kaguy renda;bodega;Substantivo;Normal;;
kahõ;cajón;Substantivo;Normal;;
kaigue;aburrido;Adjetivo;Normal;;
kaka;defecar;Verbo;Normal;;
kakuaa;crecer;Verbo;Normal;;
kakuaagua;adulto;Adjetivo;Normal;;
kakuaave;mayor;Adjetivo;Normal;;
kakuaáva;desarrollado;Adjetivo;Normal;;
kaligu;muerto;Adjetivo;Normal;;
kaliʼu;muerto;Adjetivo;Normal;;
kaluka;estar lelo;Verbo;Normal;;
kamambu;trago;Substantivo;Normal;;
kamambýi;pezón;Substantivo;Normal;;
kamapuʼã;teta;Substantivo;Normal;;
kamapy;pezón;Substantivo;Normal;;
kamaʼapýi;pezón;Substantivo;Normal;;
kamba;moreno;Adjetivo;Normal;;
kambire;teta;Substantivo;Normal;;
kambu;mamar;Verbo;Normal;;
kambuchi;cántaro;Substantivo;Normal;;
kambuchijegua;jarrón;Substantivo;Normal;;
kambuchiʼi;cantimplora;Substantivo;Normal;;
kamby;leche;Substantivo;Normal;;
kamby kyrakue;manteca;Substantivo;Normal;;
kamby% rehegua;lácteo;Adjetivo;Normal;;
kamby'o;despechar, destetar;Verbo;Normal;;
kambyrova;nata;Adjetivo;Normal;;
kambyrovaʼo;desnatar;Verbo;Normal;;
kambysy;savia lechosa;Substantivo;Normal;;
kamisa;camisa;Substantivo;Normal;;
kamisaʼi;camiseta;Substantivo;Normal;;
kamiõ;autobús;Substantivo;Normal;;
kandial;crema de almidón;Substantivo;Normal;;
kandu;abultado;Adjetivo;Normal;;
kandua;líquen;Substantivo;Normal;;
kaneʼõ;fatiga;Substantivo;Normal;;
kaneʼõngue;cansancio;Substantivo;Normal;;
kaneʼõʼỹva;infatigable;Adjetivo;Normal;;
kangue;hueso;Substantivo;Normal;;
kanguekue;esqueleto;Substantivo;Normal;;
kanguepo;juanete;Substantivo;Normal;;
kangueʼaty;osario;Substantivo;Normal;;
kangy;abatido;Substantivo;Normal;;
kangyhápe;débilmente;Adjetivo;Normal;;
kangyreko;debilidad;Substantivo;Normal;;
kaninde;guacamayo;Substantivo;Normal;;
kanóa;bote;Substantivo;Normal;;
kapa;capar;Verbo;Normal;;
kapi'ipe;pasto, césped;Substantivo;Normal;;
kapiʼi;paja;Substantivo;Normal;;
kapiʼiguasu;paja;Substantivo;Normal;;
kapiʼipe;pasto;Substantivo;Normal;;
kapiʼity;pastizal;Substantivo;Normal;;
kapiʼiʼuha;herbívoro;Adjetivo;Normal;;
kapu;explotar, reventar;Verbo;Normal;;
kapuéra;granja;Substantivo;Normal;;
kapõ;capado, castrado;Adjetivo;Normal;;
karaguata;agave, pita, pardo;Substantivo;Normal;;
karaguataty;pital, atolladero;Substantivo;Normal;;
karai;sagrado, señor, don;Adjetivo;Normal;;
karai pyhare;pombero, ser mitológico;Substantivo;Normal;;
karaiñe'ẽ;castellano, español;Substantivo;Normal;;
karaiñeʼẽ;español;Substantivo;Normal;;
karaiʼỹva;no bautizado;Adjetivo;Normal;;
karaja;gorila;Substantivo;Normal;;
karakaka;cantar la gallina, cacarear;Verbo;Normal;;
karakara;buitre, carancho;Substantivo;Normal;;
karakatu;hábil;Adjetivo;Normal;;
karaku;esencia, tuétano, médula;Substantivo;Normal;;
karameguã;arcón, baúl;Substantivo;Normal;;
karameg̃ua;baúl;Substantivo;Normal;;
karandaʼy;palmera;Substantivo;Normal;;
karanda’yty;palmar de caranday;Substantivo;Normal;;
karape;sin importancia;Adjetivo;Normal;;
karapekue;baja estatura, pequeñez;Substantivo;Normal;;
karapã;oblicuo;Adjetivo;Normal;;
karave;clavel;Substantivo;Normal;;
karena;encadenar;Verbo;Normal;;
kariaʼy;guapo;Adjetivo;Normal;;
kariaʼyporã;galán;Adjetivo;Normal;;
karkula;calcular;Verbo;Normal;;
karra;carraspear;Verbo;Normal;;
karrahague;flema;Substantivo;Normal;;
karréta;carreta;Substantivo;Normal;;
kartõ;cartón;Substantivo;Normal;;
karu;comilón (ser);Substantivo;Normal;;
karugua;pantano;Substantivo;Normal;;
karuha;bar;Substantivo;Normal;;
karumbe;tortuga;Substantivo;Normal;;
karupyhare;cenar;Verbo;Normal;;
karuse;apetito;Substantivo;Normal;;
karuʼi;frugal;Adjetivo;Normal;;
karuʼỹ;ayunar;Verbo;Normal;;
karácha;sarna;Substantivo;Normal;;
karáu;dislocarse un hueso;Verbo;Normal;;
karãi;arañar;Verbo;Normal;;
karãu;ave acuática zancuda, carrao, ibis;Substantivo;Normal;;
karéna;cadena;Substantivo;Normal;;
karóna;alfombra;Substantivo;Normal;;
karẽ;indirecto;Adjetivo;Normal;;
karẽʼy;derecho;Adjetivo;Normal;;
karẽʼỹme;rectamente;Adjetivo;Normal;;
kasõ;calzón;Substantivo;Normal;;
kasõmbuku;pantalón;Substantivo;Normal;;
kate;refinado;Adjetivo;Normal;;
katekue;lujo;Substantivo;Normal;;
katu;poder;Verbo;Normal;;
katuete;sin falta;Adjetivo;Normal;;
katuetegua;obligatorio;Adjetivo;Normal;;
katui;siempre;Adjetivo;Normal;;
katupy;posibilidad;Substantivo;Normal;;
katupyry;idóneo;Adjetivo;Normal;;
katupyrykue;habilidad;Substantivo;Normal;;
katupyryʼỹva;incapaz;Adjetivo;Normal;;
katuveha;privilegio;Substantivo;Normal;;
katuʼỹva;imposible;Adjetivo;Normal;;
katĩ;catingudo;Adjetivo;Normal;;
kavaju;caballo;Substantivo;Normal;;
kavaju% ári;cabalgar;Verbo;Normal;;
kavajuraʼy;potro;Substantivo;Normal;;
kavame;zángano;Substantivo;Normal;;
kavara;cabra;Substantivo;Normal;;
kavichu’i;variedad de avispa;Substantivo;Normal;;
kavure;lechuza;Substantivo;Normal;;
kavureʼi;atractivo;Adjetivo;Normal;;
kayʼu;tomar mate;Verbo;Normal;;
kañy;escapar;Verbo;Normal;;
kañyha;escondite;Substantivo;Normal;;
kañyhápe;a escondidas;Adjetivo;Normal;;
kañymby;misterio;Substantivo;Normal;;
kañypyre;perdido;Adjetivo;Normal;;
kaʼa;vegetal;Substantivo;Normal;;
kaʼaguasu;selva;Substantivo;Normal;;
kaʼaguy;monte;Substantivo;Normal;;
kaʼaguygua;montaraz;Adjetivo;Normal;;
kaʼaguyreko;salvaje;Adjetivo;Normal;;
kaʼaikove;mimosa;Substantivo;Normal;;
kaʼajarýi;mestizo;Adjetivo;Normal;;
kaʼapetái;berro;Substantivo;Normal;;
kaʼapi;carpir con azada;Verbo;Normal;;
kaʼaru;tarde;Substantivo;Normal;;
kaʼaruete;atardecer;Verbo;Normal;;
kaʼarugua;vespertino;Adjetivo;Normal;;
kaʼary;cocido;Substantivo;Normal;;
kaʼavo;mata;Substantivo;Normal;;
kaʼavoty;huerta;Substantivo;Normal;;
kaʼavoʼuha;herbívoro;Adjetivo;Normal;;
kaʼay;mate;Substantivo;Normal;;
kaʼayʼu;tomar mate;Verbo;Normal;;
kaʼi;simio;Substantivo;Normal;;
kaʼirãi;cárcel;Substantivo;Normal;;
kaʼirãimegua;preso;Substantivo;Normal;;
kaʼu;emborracharse;Verbo;Normal;;
kaʼuʼỹ;sobrio;Adjetivo;Normal;;
kaʼygua;mate;Substantivo;Normal;;
kaʼípe;de contrabando;Adjetivo;Normal;;
kaʼẽ;delgado;Adjetivo;Normal;;
ka’aguy jarýi;guardián mítico del bosque;Substantivo;Normal;;
ka’aguy rerekua;guardabosques;Substantivo;Normal;;
ka’apari;batatilla, planta medicinal;Substantivo;Normal;;
ka’ape tái;berro silvestre;Substantivo;Normal;;
ka’arurupe;verdolaga, planta medicinal;Substantivo;Normal;;
ka’arẽ;menta, hierba medicinal;Substantivo;Normal;;
ka’aty;yerbal, plantación de yerba mate;Substantivo;Normal;;
ka’atĩ;menta silvestre, hierba medicinal;Substantivo;Normal;;
ke;penetrar;Verbo;Normal;;
kechẽ;deformado;Adjetivo;Normal;;
keha;dormitorio;Substantivo;Normal;;
kekẽ;cantar un loro;Verbo;Normal;;
kelembu;de mala calidad;Adjetivo;Normal;;
kemano;coma;Substantivo;Normal;;
kepochy;letargo;Substantivo;Normal;;
keraguata;y s. sonámbulo;Adjetivo;Normal;;
kerai;soñar;Verbo;Normal;;
kerambi;dormitar;Verbo;Normal;;
kerambipu;serenata;Substantivo;Normal;;
kerambu;roncar en sueños;Verbo;Normal;;
kerana;dormilón;Adjetivo;Normal;;
kerandy;ensueño;Substantivo;Normal;;
kerapeʼa;desvelar;Verbo;Normal;;
kerapohã;narcótico;Substantivo;Normal;;
kerasy;insomnio, desvelo;Substantivo;Normal;;
kerañe'ẽ;hablar en sueños;Verbo;Normal;;
kererua;conejo;Substantivo;Normal;;
kerésa;huevecillos de mosca;Substantivo;Normal;;
kesasy;insomnio;Substantivo;Normal;;
kese;tener sueño;Verbo;Normal;;
kesu;queso;Substantivo;Normal;;
ketáiñai;k;Substantivo;Normal;;
kevy;dormitar, de reojo;Verbo;Normal;;
keʼỹ;trasnochar;Verbo;Normal;;
kichiha;galán, novia, querida;Substantivo;Normal;;
kilogarámo;kilogramo;Substantivo;Normal;;
kirikiri;halcón;Substantivo;Normal;;
kiriri;silencio;Substantivo;Normal;;
kirirï;silencio;Substantivo;Normal;;
kirirĩ;callarse, callar, calma, silencio, kiriri;Verbo;Normal;;
kirirĩhápe;secretamente;Adjetivo;Normal;;
kirirĩme;silenciosamente;Substantivo;Normal;;
kirito;Cristo;Substantivo;Normal;;
kiveve;pelirrojo, polenta de queso y zapallo;Adjetivo;Normal;;
klu;club;Substantivo;Normal;;
km;kilómetro;Substantivo;Normal;;
ko;cuidar de;Verbo;Normal;;
ko'ágotyo;hacia acá;Advérbio / Preposição / Conjunção;Normal;;
ko'águi;de acá, desde acá;Advérbio / Preposição / Conjunção;Normal;;
ko'ágä;ahora;Advérbio / Preposição / Conjunção;Normal;;
ko'ápe;aquí, acá;Advérbio / Preposição / Conjunção;Normal;;
ko'ẽ;madrugada, amanecer;Substantivo;Normal;;
ko'ẽju;aurora, alborada, amanecer;Substantivo;Normal;;
ko'ẽko'ẽre;cada día, diariamente;Advérbio / Preposição / Conjunção;Normal;;
ko'ẽramo;mañana, al amanecer;Advérbio / Preposição / Conjunção;Normal;;
ko'ẽre;cada mañana;Advérbio / Preposição / Conjunção;Normal;;
kochésa;cosecha;Substantivo;Normal;;
kochõ;colchón;Substantivo;Normal;;
koe;diferenciarse, distinguirse;Verbo;Normal;;
kogakue;rastrojo, frutos, productos;Substantivo;Normal;;
kogarenda;chacra, campo de cultivo;Substantivo;Normal;;
kogaty;huerta, plantación, chacra;Substantivo;Normal;;
kogoe;perdiz;Substantivo;Normal;;
kohúdo;semental;Substantivo;Normal;;
koichagua;de esta dase;Adjetivo;Normal;;
koichaite;tal cual;Adjetivo;Normal;;
kokatu;grado, dominar, rango;Substantivo;Normal;;
kokore;cacarear;Verbo;Normal;;
kokue;granja, chacra, huerta;Substantivo;Normal;;
kokueguára;agricultor;Substantivo;Normal;;
kokuehe;antes de ayer, el otro día;Adjetivo;Normal;;
kokuere;chacra abandonada;Substantivo;Normal;;
koli;rabón;Adjetivo;Normal;;
kolo;color;Substantivo;Normal;;
kombutadóra;ordenador;Substantivo;Normal;;
kompi;amigo;Substantivo;Normal;;
komu;letrina;Substantivo;Normal;;
komuño;comunión;Substantivo;Normal;;
komáyre;comadre;Substantivo;Normal;;
konchávo;empleo;Substantivo;Normal;;
koni;dar vueltas, contoneo, ondear, sinuoso;Verbo;Normal;;
konikoni;ondear;Verbo;Normal;;
koníva;j ondulado;Adjetivo;Normal;;
kopi;cortar pasto, corpir;Verbo;Normal;;
kopia;copiar;Verbo;Normal;;
kopiha;machete, herramienta, kopiha;Substantivo;Normal;;
kopihára;machetero;Substantivo;Normal;;
kora;cercado, cerco de ramas, corral, kora;Adjetivo;Normal;;
korapy;patio, corral;Substantivo;Normal;;
korasõ;corazón;Substantivo;Normal;;
korochire;zorzal, pájaro cantor, pájaro;Substantivo;Normal;;
korochoʼo;alisar;Verbo;Normal;;
kororõ;rugir, gruñido, rugido, roncar, bramar;Verbo;Normal;;
koréko;juego de escondite;Substantivo;Normal;;
korócho;muy, áspero, rugoso;Adjetivo;Normal;;
korói;reconvenir, reprender, molestar;Verbo;Normal;;
korõi;amonestar;Verbo;Normal;;
kose;dañino, perjudicial;Adjetivo;Normal;;
kosereva;dulce de naranja agria con miel de caña, conserva, dulce de mamón;Substantivo;Normal;;
kosina;cocinar;Verbo;Normal;;
koso;sacudir;Verbo;Normal;;
kotevẽ;carecer de, necesitar, precisar, carecer;Verbo;Normal;;
kotevẽmby;necesidad;Substantivo;Normal;;
kotevẽpyre;necesario;Adjetivo;Normal;;
koty;habitación, pieza, cuarto;Substantivo;Normal;;
koty jahuha;cuarto de baño;Substantivo;Normal;;
koty'i;piecita, cuarto pequeno;Substantivo;Normal;;
kotyguahẽha;recibidor;Substantivo;Normal;;
kotyguasu;sala;Substantivo;Normal;;
kotyhũ;calabozo;Substantivo;Normal;;
kotyjahuha;baño;Substantivo;Normal;;
kotyjekeha;dormitorio;Substantivo;Normal;;
kotykaruha;comedor;Substantivo;Normal;;
kotykeha;alcoba;Substantivo;Normal;;
kotymbaʼapoha;oficina;Substantivo;Normal;;
kotypy;pieza;Substantivo;Normal;;
kotyʼi;casilla;Substantivo;Normal;;
kotílla;costilla;Substantivo;Normal;;
kove;vivir, vida;Verbo;Normal;;
kovejevy;resucitar, revivir;Verbo;Normal;;
koygua;tímido, campesino, huraño;Adjetivo;Normal;;
koʼagãgua;inmediato;Adjetivo;Normal;;
koʼi;aglomerarse;Verbo;Normal;;
koʼága;ahora;Adjetivo;Normal;;
koʼáguio;de este lado;Adjetivo;Normal;;
koʼápe;acá;Adjetivo;Normal;;
koʼápeo;hacia acá;Adjetivo;Normal;;
koʼára;hoy;Substantivo;Normal;;
koʼárupi;por acá;Adjetivo;Normal;;
koʼã;estas;Adjetivo;Normal;;
koʼãga;hoy;Adjetivo;Normal;;
koʼãgagua;moderno;Adjetivo;Normal;;
koʼãgaguáicha;modernamente;Adjetivo;Normal;;
koʼãgaite;ahora mismo;Adjetivo;Normal;;
koʼãichagua;tales;Adjetivo;Normal;;
koʼõ;irritar;Verbo;Normal;;
koʼõi;molestar;Verbo;Normal;;
koʼõʼỹ;inofensivo;Adjetivo;Normal;;
koʼýte;sin embargo;Adjetivo;Normal;;
koʼẽ;amanecer;Verbo;Normal;;
koʼẽambuéramo;pasado mañana;Adjetivo;Normal;;
koʼẽambuérõ;pasado mañana;Adjetivo;Normal;;
koʼẽju;madrugada;Substantivo;Normal;;
koʼẽjusoro;amanecer;Substantivo;Normal;;
koʼẽmba;aclarar el día;Verbo;Normal;;
koʼẽmbota;madrugada;Substantivo;Normal;;
koʼẽmby;alba;Substantivo;Normal;;
koʼẽmegua;mañanero;Adjetivo;Normal;;
koʼẽngy;amanecer;Substantivo;Normal;;
koʼẽpytã;amanecer;Substantivo;Normal;;
koʼẽramo;mañana;Adjetivo;Normal;;
koʼẽregua;diario;Adjetivo;Normal;;
koʼẽrõ;en el día de mañana;Adjetivo;Normal;;
koʼẽsoro;amanecer;Substantivo;Normal;;
koʼẽtĩsoro;amanecer;Substantivo;Normal;;
koʼẽvy;amanecer;Substantivo;Normal;;
ko’õiha;ofensor;Substantivo;Normal;;
krevi;escribir;Verbo;Normal;;
krivi;escribir;Verbo;Normal;;
ku;tal;Adjetivo;Normal;;
ku'a;cintura, mitad, centro;Substantivo;Normal;;
ku'asã;cinto, cinturón, faja;Substantivo;Normal;;
ku'i;desmenuzado, triturado, polvo;Adjetivo;Normal;;
ku'ä;paladar;Substantivo;Normal;;
kua;boquete, agujero, fosa;Substantivo;Normal;;
kuaa;saber, conocimiento, inteligencia;Verbo;Normal;;
kuaa'i;ignorante;Adjetivo;Normal;;
kuaaha;perito;Adjetivo;Normal;;
kuaahaʼãrã;laboratorio;Substantivo;Normal;;
kuaahápe;al tanto;Adjetivo;Normal;;
kuaapa;saber todo;Verbo;Normal;;
kuaapavẽ;filosofía;Substantivo;Normal;;
kuaapyre;conocido;Adjetivo;Normal;;
kuaapyrã;notable;Adjetivo;Normal;;
kuaaraʼã;acertijo;Substantivo;Normal;;
kuaase;curiosidad;Substantivo;Normal;;
kuaaserei;curiosidad;Substantivo;Normal;;
kuaauka;identificar, enseñar, anunciar, comunicar;Verbo;Normal;;
kuaaukahára;comunicador;Substantivo;Normal;;
kuaaukavy;insinuar;Verbo;Normal;;
kuaaveʼỹ;desinteresarse;Verbo;Normal;;
kuaavy;sospechar;Verbo;Normal;;
kuaaʼỹva;indefinido;Adjetivo;Normal;;
kuairũ;anillo, alianza;Substantivo;Normal;;
kuapyre;agujereado;Adjetivo;Normal;;
kuapytĩ;propinar;Verbo;Normal;;
kuarahy;sol;Substantivo;Normal;;
kuarahy rendy;luz del sol, resplandor solar;Substantivo;Normal;;
kuarahy'ã;sombra;Substantivo;Normal;;
kuarahyjereha;girasol;Substantivo;Normal;;
kuarahymañaha;girasol;Substantivo;Normal;;
kuarahymimby;brillo solar;Substantivo;Normal;;
kuarahyreike;ocaso, oeste, poniente, poniente;Substantivo;Normal;;
kuarahyresẽ;oriente, este;Substantivo;Normal;;
kuarahyresẽgua;oriental;Adjetivo;Normal;;
kuarahysẽgotyogua;oriental;Adjetivo;Normal;;
kuarahysẽha;este;Substantivo;Normal;;
kuarahyʼã;sombra;Substantivo;Normal;;
kuarahyʼãva;sombreado;Adjetivo;Normal;;
kuarapuku;tubo;Substantivo;Normal;;
kuare;hueco, cueva, madriguera;Substantivo;Normal;;
kuarepoti;hierro, metal;Substantivo;Normal;;
kuarepotiatã;silicio;Substantivo;Normal;;
kuarepotiete;acero;Substantivo;Normal;;
kuarepotiju;oro;Substantivo;Normal;;
kuarepotipytã;litio;Substantivo;Normal;;
kuarepotitĩ;plata;Substantivo;Normal;;
kuarepotĩ;plata;Substantivo;Normal;;
kuarteléro;recluta;Substantivo;Normal;;
kuaru;hacer piz, orinar, mear;Verbo;Normal;;
kuaruha;pene;Substantivo;Normal;;
kuaruhýi;ganas de orinar;Substantivo;Normal;;
kuati;coatí, mamífero;Substantivo;Normal;;
kuatia;documento, papel, carta;Substantivo;Normal;;
kuatia apesã;legajo;Substantivo;Normal;;
kuatia atã;cartón;Substantivo;Normal;;
kuatia maranduha;gaceta, boletín informativo;Substantivo;Normal;;
kuatia ñenohẽ;edición;Substantivo;Normal;;
kuatiaapopyrã;libreto;Substantivo;Normal;;
kuatiachaukaʼi;carné;Substantivo;Normal;;
kuatiahai;cuaderno;Substantivo;Normal;;
kuatiahaiha;escribir, escritor;Verbo;Normal;;
kuatiahaihára;periodista;Substantivo;Normal;;
kuatiahaimboʼe;periodismo;Substantivo;Normal;;
kuatiahaipyre;periódico;Adjetivo;Normal;;
kuatiahavara;lija;Substantivo;Normal;;
kuatiakuéra;papelería;Substantivo;Normal;;
kuatiamaranduha;gaceta;Substantivo;Normal;;
kuatiamesa;escritorio;Substantivo;Normal;;
kuatiamomýi;hojear;Verbo;Normal;;
kuatiaporupy;vale;Substantivo;Normal;;
kuatiapyaʼe;telegrama;Substantivo;Normal;;
kuatiatã;cartón;Substantivo;Normal;;
kuatiañe'ẽ;carta, papel escrito, periódico;Substantivo;Normal;;
kuatiañemu;factura;Substantivo;Normal;;
kuatiañemuha;librería;Substantivo;Normal;;
kuatiañeʼẽ;carta;Substantivo;Normal;;
kuatiañeʼẽndy;biblioteca;Substantivo;Normal;;
kuatiañe’ẽ nohẽha róga;editorial;Substantivo;Normal;;
kuatiaʼatã;diploma;Substantivo;Normal;;
kuatiaʼatãʼi;tarjeta;Substantivo;Normal;;
kuatiaʼi;ficha;Substantivo;Normal;;
kuatiaʼỹva;indocumentado;Adjetivo;Normal;;
kuatĩ;ardilla, coatí;Substantivo;Normal;;
kuave'ẽ;ofrecer, dedicar;Verbo;Normal;;
kuaveʼẽ;prometer;Verbo;Normal;;
kucha'ã;deforme, torcido;Adjetivo;Normal;;
kuchaʼã;contorsionado;Adjetivo;Normal;;
kucheambue;anteayer;Adjetivo;Normal;;
kuchu;moverse algo dentro de un recipiente, flojo, tembloroso;Verbo;Normal;;
kuchu'i;papagayo;Substantivo;Normal;;
kuehe;ayer;Adjetivo;Normal;;
kueheambue;antes de ayer, anteayer;Advérbio / Preposição / Conjunção;Normal;;
kueheambuérõ;antes de ayer;Adjetivo;Normal;;
kuera;sanar, curarse, convalecer;Verbo;Normal;;
kuerái;estar harto, harto, fastidiado, aburrido;Verbo;Normal;;
kui'ĩ;bicho colorado; erizo, puercoespín;Substantivo;Normal;;
kuigue;caído, desprendido;Adjetivo;Normal;;
kuimba'e;varón, hombre, macho;Substantivo;Normal;;
kuimba'ete;héroe, valiente, caballero;Substantivo;Normal;;
kuimbaʼe;hombre;Substantivo;Normal;;
kuimbaʼe% kyra;gordo;Adjetivo;Normal;;
kuimbaʼehápe;varonilmente;Adjetivo;Normal;;
kuimbaʼereko;viril;Adjetivo;Normal;;
kuimbaʼete;caballero;Substantivo;Normal;;
kuimbe;cuchara;Substantivo;Normal;;
kujererã;trabalenguas;Substantivo;Normal;;
kuku;cuco, ser imaginario infantil;Substantivo;Normal;;
kukúi;caer;Verbo;Normal;;
kumanda;poroto, chaucha, frijol, habilla, arveja;Substantivo;Normal;;
kumanda mirĩ;lenteja;Substantivo;Normal;;
kumanda pe;lenteja;Substantivo;Normal;;
kumanda peky;poroto tierno;Substantivo;Normal;;
kumanda’i;guisante, arveja;Substantivo;Normal;;
kumare;trébol;Substantivo;Normal;;
kumbari;taimado;Adjetivo;Normal;;
kumbe;ser tartamudo;Verbo;Normal;;
kumberéi;relamerse, lamerse los labios;Verbo;Normal;;
kumbiri;oso hormiguero;Substantivo;Normal;;
kumbo;jadear;Verbo;Normal;;
kumby;entender;Verbo;Normal;;
kumbyʼỹi;chismoso;Adjetivo;Normal;;
kundaha;vagar, recorrer, indagar, investigar;Verbo;Normal;;
kunu'ũ;mimos, caricias, cariño;Substantivo;Normal;;
kunumi;criatura, muchachito, varoncito, bebé;Substantivo;Normal;;
kunuʼũ;mimarse;Verbo;Normal;;
kupe;dorso, detrás, espalda, kupe;Substantivo;Normal;;
kupegua;posterior;Adjetivo;Normal;;
kupi'i;termita, carcoma;Substantivo;Normal;;
kupiʼi;carcoma;Substantivo;Normal;;
kupy;pantorrilla, canilla, pierna;Substantivo;Normal;;
kupyjokua;atar de pies;Verbo;Normal;;
kupyju;gallo;Substantivo;Normal;;
kupylia;hacer zancadilla;Verbo;Normal;;
kupypaʼã;hacer zancadilla;Verbo;Normal;;
kupépe;detrás;Adjetivo;Normal;;
kupía;llaga de la boca;Substantivo;Normal;;
kupĩa;granito de la lengua;Substantivo;Normal;;
kura'ỹi;sarna, roña, de roña;Substantivo;Normal;;
kurapepẽ;calabaza;Substantivo;Normal;;
kuratũ;cilantro, culantro;Substantivo;Normal;;
kuraʼỹi;sarna;Substantivo;Normal;;
kure;cerdo, chancho;Substantivo;Normal;;
kure kaʼaguy;jabalí;Substantivo;Normal;;
kurekua;pocilga;Substantivo;Normal;;
kurekyrakue;tocino;Substantivo;Normal;;
kurepi;porteño, piel de chancho, apodo de argentinos;Adjetivo;Normal;;
kureraʼy;lechón;Substantivo;Normal;;
kuri;tardíamente;Adjetivo;Normal;;
kurigua;pretérito;Adjetivo;Normal;;
kuriju;boa;Substantivo;Normal;;
kurive;anteriormente;Adjetivo;Normal;;
kurivévo;de aquí en adelante;Adjetivo;Normal;;
kuri’y;araucaria, pino;Substantivo;Normal;;
kuru;clueca (estar), estar clueca, llaga, capullo;Substantivo;Normal;;
kuruchi;calambre;Substantivo;Normal;;
kuruchï;calambre;Substantivo;Normal;;
kuruchĩ;calambre, arrugarse, encogerse;Substantivo;Normal;;
kuruguãi;especie de castaña;Substantivo;Normal;;
kurundu;amuleto;Substantivo;Normal;;
kurupa;llagados;Adjetivo;Normal;;
kurupa'y;cebil, árbol;Substantivo;Normal;;
kurupaʼy;acacia;Substantivo;Normal;;
kurupi;ser mitológico de los bosques, ser mitológico, alcahuete;Substantivo;Normal;;
kurupika'y;árbol, planta;Substantivo;Normal;;
kururu;sapo;Substantivo;Normal;;
kurusu;cruz, crucifijo;Substantivo;Normal;;
kurusu rape;vía crucis;Substantivo;Normal;;
kuruvai;lepra, sarna;Substantivo;Normal;;
kuruvi;triturado;Adjetivo;Normal;;
kuruvíka;pedazos, fragmentos, trozos, cascotes;Substantivo;Normal;;
kuríʼy;pino;Substantivo;Normal;;
kusugue;escombro, cenizas, escombros;Substantivo;Normal;;
kusuvi;torbellino;Substantivo;Normal;;
kutipo;salto;Substantivo;Normal;;
kutu;fijar, clavar, pinchar, herir, apuñalar;Verbo;Normal;;
kutuha;jeringa;Substantivo;Normal;;
kutujereha;tornillo;Substantivo;Normal;;
kuvuasu;cacao;Substantivo;Normal;;
kuvãju;jamón;Substantivo;Normal;;
kuára;agujero, orificio, cueva;Substantivo;Normal;;
kuárto;muslo;Substantivo;Normal;;
kuã;dedo de la mano, dedo;Substantivo;Normal;;
kuãchapĩ;dedo deformado;Substantivo;Normal;;
kuãchaĩ;apro­piarse;Verbo;Normal;;
kuãguasu;pulgar;Substantivo;Normal;;
kuãiru;anillo;Substantivo;Normal;;
kuãirũ;anillo;Substantivo;Normal;;
kuãmboʼe;dedo índice;Substantivo;Normal;;
kuãmbyte;dedo mayor, dedo del medio;Substantivo;Normal;;
kuãngusu;pulgar;Substantivo;Normal;;
kuãvyha;dedal;Substantivo;Normal;;
kuãʼi;dedo meñique;Substantivo;Normal;;
kuéra;aquellos;Adjetivo;Normal;;
kuévo;simultaneamente;Advérbio / Preposição / Conjunção;Normal;;
kuña;hembra, mujer;Substantivo;Normal;;
kuña pyahu;virgen, mujer joven;Substantivo;Normal;;
kuña rekovai;ramera, meretriz, prostituta;Substantivo;Normal;;
kuña% kyra;gorda;Adjetivo;Normal;;
kuñakarai;doña, señora, dama;Adjetivo;Normal;;
kuñakaraiete;matrona;Substantivo;Normal;;
kuñapaje;bruja, hechicera;Substantivo;Normal;;
kuñareko;feminismo, afeminado;Substantivo;Normal;;
kuñarekokuaa;ginecología;Substantivo;Normal;;
kuñarekóva;afeminado;Adjetivo;Normal;;
kuñaséro;mujeriego;Substantivo;Normal;;
kuñataï;doncella, soltera, chica;Substantivo;Normal;;
kuñataĩ;joven;Substantivo;Normal;;
kuña’i;marica, hombre afeminado;Substantivo;Normal;;
kuʼa;mitad;Substantivo;Normal;;
kuʼakua;ceñir la cintura;Verbo;Normal;;
kuʼasã;cinturón;Substantivo;Normal;;
kuʼe;arrancar;Verbo;Normal;;
kuʼekaroto;tractor;Substantivo;Normal;;
kuʼi;desmenu­zarse;Verbo;Normal;;
kuʼimi;pizca;Substantivo;Normal;;
kuʼipa;hacerse añicos;Verbo;Normal;;
kuʼipyre;molido;Adjetivo;Normal;;
ku’atã;mala pronunciación;Substantivo;Normal;;
ky;llover, piojo, tierno;Verbo;Normal;;
kychy'ĩha;sierra;Substantivo;Normal;;
kygua;peine, cepillo;Substantivo;Normal;;
kyguái;coma;Substantivo;Normal;;
kyha;hamaca;Substantivo;Normal;;
kyhyje;tener miedo, temor, desconfianza, miedo, cobarde;Verbo;Normal;;
kyhyjeha;peligro;Substantivo;Normal;;
kyhyjepyrã;siniestro;Adjetivo;Normal;;
kyhyjerasa;terror;Substantivo;Normal;;
kyhyjerã;tremendo;Adjetivo;Normal;;
kyhyjeʼỹ;coraje;Substantivo;Normal;;
kyja;nutria;Substantivo;Normal;;
kyju;grillo;Substantivo;Normal;;
kymbu;gorgojo;Substantivo;Normal;;
kypa;tenedor;Substantivo;Normal;;
kype;ladilla;Substantivo;Normal;;
kypy'y;hermana menor;Substantivo;Normal;;
kyra;adiposo, gordo, grueso, manteca, sebo;Adjetivo;Normal;;
kyra'o;desengrasar, quitar grasa;Verbo;Normal;;
kyrajoʼa;embarazada;Adjetivo;Normal;;
kyrakue;obesidad;Substantivo;Normal;;
kyrapu;. rollizo;Adjetivo;Normal;;
kyrave;engordar;Verbo;Normal;;
kyraʼo;desengrasar;Verbo;Normal;;
kyre'ỹ;laborioso, diligente, activo, kyre'y;Adjetivo;Normal;;
kyreka;despiojar;Verbo;Normal;;
kyreʼỹ;laborioso;Adjetivo;Normal;;
kyreʼỹhápe;rápido;Adjetivo;Normal;;
kyreʼỹme;diligentemente;Adjetivo;Normal;;
kyrupi'a;liendre;Substantivo;Normal;;
kyry;cartílago;Substantivo;Normal;;
kyryryo;víbora de la cruz, yarará grande;Substantivo;Normal;;
kyrýu;cartílago;Substantivo;Normal;;
kyrỹi;joven, cosquillas, ternura, cosquilla;Adjetivo;Normal;;
kyrỹihápe;tiernamente;Adjetivo;Normal;;
kyse;cuchillo, navaja;Substantivo;Normal;;
kyse po’i puku;daga;Substantivo;Normal;;
kyse puku;espada, machete largo;Substantivo;Normal;;
kysegi;sable;Substantivo;Normal;;
kysepuku;espada, sable, daga;Substantivo;Normal;;
kysevuku;lanza;Substantivo;Normal;;
kyseyvyra;venganza, de palo;Substantivo;Normal;;
kyseʼakua;puñal;Substantivo;Normal;;
kyta;punto;Substantivo;Normal;;
kytaʼi;próximo;Adjetivo;Normal;;
kyto;ínfimo;Adjetivo;Normal;;
kytomi;poquito;Adjetivo;Normal;;
kyty;cepillar;Verbo;Normal;;
kytã;verruga, callo, nudo;Substantivo;Normal;;
kytĩ;rebanar;Verbo;Normal;;
kytĩha;incisivo;Adjetivo;Normal;;
kytĩkõi;bisectriz;Substantivo;Normal;;
kytĩmbyre;cortado;Adjetivo;Normal;;
kyveʼỹ;sequía;Substantivo;Normal;;
kyvy;hermano;Substantivo;Normal;;
kyvõ;aqui;Adjetivo;Normal;;
kyʼa;poluido;Adjetivo;Normal;;
kyʼakue;suciedad;Substantivo;Normal;;
kyʼo;espulgar;Verbo;Normal;;
kyʼỹi;pimiento;Substantivo;Normal;;
kái;incendiar;Verbo;Normal;;
káma;mama;Substantivo;Normal;;
kárse;cárcel;Substantivo;Normal;;
káso;narración;Substantivo;Normal;;
káusa;culpa;Substantivo;Normal;;
káva;abeja;Substantivo;Normal;;
káña;caña;Substantivo;Normal;;
kã;deshidratarse;Verbo;Normal;;
kéra;sueño;Substantivo;Normal;;
kílo;kilogramo;Substantivo;Normal;;
kóga;plantación, sembrado, planta, cultivo;Substantivo;Normal;;
kóga ra’ỹi renda;granero;Substantivo;Normal;;
kóicha;así, de este modo;Adjetivo;Normal;;
kóina;tomar mate, aquí tienes;Interjeição;Normal;;
kóva;éste, esta;Pronome;Normal;;
kõi;doble;Adjetivo;Normal;;
kõingue;gemelo;Adjetivo;Normal;;
kõvida;invitar a comer;Verbo;Normal;;
kúi;despegarse, desprender, decolar, abdicar;Verbo;Normal;;
kýto;ínfimo;Adjetivo;Normal;;
kėdainiai;k;Substantivo;Normal;;
kũ;lengua;Substantivo;Normal;;
kũjera;buena pronunciación;Substantivo;Normal;;
kũmby;paladear, interpretar, comprender;Verbo;Normal;;
kũremói;apetito;Substantivo;Normal;;
kũsã;frenillo bucal;Substantivo;Normal;;
kũsẽ;jadear;Verbo;Normal;;
kũʼo;deslenguar;Verbo;Normal;;
kũʼã;paladar;Substantivo;Normal;;
lagoão;lago;Substantivo;Normal;;
lampĩu;vela;Substantivo;Normal;;
lansa;vomitar;Verbo;Normal;;
latapeʼa;abrelatas;Substantivo;Normal;;
lechu;lechuga;Substantivo;Normal;;
lechãi;vieja, anciana;Substantivo;Normal;;
lekaja;anciano;Substantivo;Normal;;
lembu;escarabajo;Substantivo;Normal;;
lepiju;viejo, anciano;Substantivo;Normal;;
leõ;león;Substantivo;Normal;;
le’ã;anciana;Substantivo;Normal;;
liga;conseguir;Verbo;Normal;;
limasutĩ;limón;Substantivo;Normal;;
liméta;botella, limeta;Substantivo;Normal;;
limõ;limón;Substantivo;Normal;;
litio;litio;Substantivo;Normal;;
lopi;amigo;Substantivo;Normal;;
luisõ;lobisón, séptimo hijo varón mítico, ser mitológico;Substantivo;Normal;;
ládo;lugar;Substantivo;Normal;;
lája;tipo;Substantivo;Normal;;
láta;lata;Substantivo;Normal;;
légua;legua;Substantivo;Normal;;
léi;ley;Substantivo;Normal;;
lénto;más o menos;Adjetivo;Normal;;
líña;cuerda;Substantivo;Normal;;
lómo;espalda;Substantivo;Normal;;
lúne;lunes;Substantivo;Normal;;
ma'e;mirada, atender, observar, ver;Verbo;Normal;;
ma'embuku;mirar lejos;Verbo;Normal;;
ma'erã;¿para qué?;Advérbio / Preposição / Conjunção;Normal;;
machu;partera, ama de casa, cocinera, abuela;Substantivo;Normal;;
machéte;machete;Substantivo;Normal;;
maheʼẽ;dulce;Substantivo;Normal;;
mahe’ẽ ryru;dulcera;Substantivo;Normal;;
maimbe;tostar;Verbo;Normal;;
maimbeha;torrefacción;Substantivo;Normal;;
mainumby;picaflor, colibrí;Substantivo;Normal;;
maitei;saludo;Interjeição;Normal;;
maiteípa;¡hola!, ¿cómo estás?;Interjeição;Normal;;
maka;juego de naipes, naipe;Substantivo;Normal;;
makatéro;comerciante;Substantivo;Normal;;
makáte;comercio;Substantivo;Normal;;
malisia;pensar;Verbo;Normal;;
mama;velar;Verbo;Normal;;
mamanga;abejorro, abejarrón;Substantivo;Normal;;
mamboreta;saltamontes;Substantivo;Normal;;
mamo;dónde;Adjetivo;Normal;;
mamoha;lugar;Substantivo;Normal;;
mamohápe;dónde quiera;Adjetivo;Normal;;
mamorei;a cualquier lugar;Adjetivo;Normal;;
mamove;neg a ningún lugar;Adjetivo;Normal;;
mamóne;papaya, mamón;Substantivo;Normal;;
mamópa;int dónde, ¿dónde?, donde;Adjetivo;Normal;;
mandi;de una vez;Adjetivo;Normal;;
manduʼa;evocar;Verbo;Normal;;
manduʼaha;recuerdo;Substantivo;Normal;;
manduʼapy;memorándum;Substantivo;Normal;;
manduʼapyre;recordado;Adjetivo;Normal;;
manduʼarã;memorable;Adjetivo;Normal;;
manduʼavy;reminiscencia;Substantivo;Normal;;
mandyju;algodón;Substantivo;Normal;;
manga;pelota;Substantivo;Normal;;
mangaisy;resina;Substantivo;Normal;;
mangaysy;resina;Substantivo;Normal;;
mangea;atisbar;Verbo;Normal;;
mano;morir;Verbo;Normal;;
manokatúva;mortal;Adjetivo;Normal;;
manokuaaʼỹva;inmortal;Adjetivo;Normal;;
manombota;agonizar;Verbo;Normal;;
manombotáva;moribundo;Adjetivo;Normal;;
manorei;desmayarse;Verbo;Normal;;
mante;únicamente;Adjetivo;Normal;;
manterei;constantemente;Adjetivo;Normal;;
mantra;mantra;Substantivo;Normal;;
marachachã;tembleque;Adjetivo;Normal;;
maraeʼỹ;sin mal. yvy m. paraíso terrenal;Adjetivo;Normal;;
maramove;jamás;Adjetivo;Normal;;
marandeko;crónica;Substantivo;Normal;;
marandu;manifiesto;Substantivo;Normal;;
marandurenda;prensa;Substantivo;Normal;;
maraneʼỹ;sin mancha;Adjetivo;Normal;;
marangatu;piadoso;Adjetivo;Normal;;
marangatukue;dignidad;Substantivo;Normal;;
marangaturã;sacramento;Substantivo;Normal;;
marangatuʼỹva;innoble;Adjetivo;Normal;;
maravichu;adivinanza;Substantivo;Normal;;
maravilla;adivinanza;Substantivo;Normal;;
marcha;funcionar;Verbo;Normal;;
marika;cazar;Verbo;Normal;;
marmota;marmota;Substantivo;Normal;;
marã;mancha, defectuoso, puro, impureza;Substantivo;Normal;;
marãiko;int equivalente a mbaʼerã piko ¿para qué, ¿para qué?;Adjetivo;Normal;;
marãmbotayga;fragata;Substantivo;Normal;;
marãngatu;justo;Adjetivo;Normal;;
marãva;culpable;Adjetivo;Normal;;
marãve;para nada;Adjetivo;Normal;;
marãʼỹ;intacto;Adjetivo;Normal;;
marõ;nunca;Adjetivo;Normal;;
masakaragua'i;pajarito, zorzal;Substantivo;Normal;;
masakaraguaʼi;ruiseñor;Substantivo;Normal;;
matéria;pus;Substantivo;Normal;;
matúla;viático, provisiones para el viaje;Substantivo;Normal;;
mavaite;todos;Pronome;Normal;;
mavave;ningún;Adjetivo;Normal;;
mayma;cada;Adjetivo;Normal;;
maymáva;todo;Adjetivo;Normal;;
maína;madrina;Substantivo;Normal;;
maña;vigilar;Verbo;Normal;;
mañaha;observatorio;Substantivo;Normal;;
mañandára;guardián;Substantivo;Normal;;
mañañemi;espiar;Verbo;Normal;;
maʼerã;int para qué;Adjetivo;Normal;;
maʼẽ;vigilar;Verbo;Normal;;
maʼẽha;vigilante;Substantivo;Normal;;
maʼẽra;ése;Substantivo;Normal;;
mba'apo;trabajar, laborar, trabalhar;Verbo;Normal;;
mba'aporeka;buscar trabalho;Verbo;Normal;;
mba'aporepy;jornal, salario;Substantivo;Normal;;
mba'apose'ỹ;holgazán, haragán;Adjetivo;Normal;;
mba'asy;enfermedad, dolencia, achaque;Substantivo;Normal;;
mba'asypo'i;tisis, tuberculosis;Substantivo;Normal;;
mbaguari;cigüeña;Substantivo;Normal;;
mbaipy;polenta; entrevero, polenta, plato típico;Substantivo;Normal;;
mbaraka;guitarra, mbaraka;Substantivo;Normal;;
mbarakaja;gato, mbarakaja;Substantivo;Normal;;
mbarakaja kuña;gato;Substantivo;Normal;;
mbarakaja% guahu;maullar;Verbo;Normal;;
mbarakapu;guitarreo, toque de guitarra;Substantivo;Normal;;
mbarete;fuertemente, fuerte, fortaleza, energía;Adjetivo;Normal;;
mbaretekue;firmeza;Substantivo;Normal;;
mbareteʼỹ;flojo;Adjetivo;Normal;;
mbaretépe;a la fuerza;Adjetivo;Normal;;
mbarigui;mosquito, polvorín, jején;Substantivo;Normal;;
mbatara;polícromo;Adjetivo;Normal;;
mbaupe;para qué;Adjetivo;Normal;;
mbaʼapo;trabajar;Verbo;Normal;;
mbaʼapo% rehegua;laboral;Adjetivo;Normal;;
mbaʼapoha;empresa;Substantivo;Normal;;
mbaʼapohára;obrero;Adjetivo;Normal;;
mbaʼapohára aty;sindicato;Substantivo;Normal;;
mbaʼapokuaa;técnico;Adjetivo;Normal;;
mbaʼapokue;obra;Substantivo;Normal;;
mbaʼaporepy;jornal;Substantivo;Normal;;
mbaʼapoʼára;jornada;Substantivo;Normal;;
mbaʼapoʼỹ;desocupado;Adjetivo;Normal;;
mbaʼasy;como;Adjetivo;Normal;;
mbaʼasyguasu;epidemia;Substantivo;Normal;;
mbaʼasypoʼi;tisis;Substantivo;Normal;;
mbaʼe;qué;Pronome;Normal;;
mbaʼeapo;fabricar;Verbo;Normal;;
mbaʼeapokuaa;ingeniería;Substantivo;Normal;;
mbaʼeapopyha;fábrica;Substantivo;Normal;;
mbaʼeapovõ;pegamento;Substantivo;Normal;;
mbaʼeavy;equivocarse;Verbo;Normal;;
mbaʼeheta;rico;Adjetivo;Normal;;
mbaʼejavy;error;Substantivo;Normal;;
mbaʼejere;orbe;Substantivo;Normal;;
mbaʼejerure;mendicidad;Substantivo;Normal;;
mbaʼejogua;hacer compras;Verbo;Normal;;
mbaʼejopy;apretar;Verbo;Normal;;
mbaʼejára;titular;Verbo;Normal;;
mbaʼembotyha;tranca;Substantivo;Normal;;
mbaʼembyasy;melancolía;Substantivo;Normal;;
mbaʼemeʼẽ;concesión;Substantivo;Normal;;
mbaʼemotepa;adivinanza;Substantivo;Normal;;
mbaʼeopuʼi;timbre;Substantivo;Normal;;
mbaʼepochy;diablo;Substantivo;Normal;;
mbaʼepohýi;carga;Substantivo;Normal;;
mbaʼepoko;manipular;Verbo;Normal;;
mbaʼeporurã;kit;Substantivo;Normal;;
mbaʼepota;deseo;Substantivo;Normal;;
mbaʼepu;sonido;Substantivo;Normal;;
mbaʼepu porã;melodía;Substantivo;Normal;;
mbaʼepuku;barra;Substantivo;Normal;;
mbaʼepuru;recibir en préstamo;Verbo;Normal;;
mbaʼepuʼã;cuesta;Substantivo;Normal;;
mbaʼepyahu;innovación;Substantivo;Normal;;
mbaʼeraʼã;prueba;Substantivo;Normal;;
mbaʼeraʼãha;balanza;Substantivo;Normal;;
mbaʼerechakuaahára;solidario;Adjetivo;Normal;;
mbaʼerei;disparate;Substantivo;Normal;;
mbaʼerekaha;detector;Substantivo;Normal;;
mbaʼerendy;foco;Substantivo;Normal;;
mbaʼerepy;mercadería;Substantivo;Normal;;
mbaʼerereko;poseer;Verbo;Normal;;
mbaʼererekoha;rico;Adjetivo;Normal;;
mbaʼereta;riqueza;Substantivo;Normal;;
mbaʼero;amargura;Substantivo;Normal;;
mbaʼery;líquido;Adjetivo;Normal;;
mbaʼeryru;recipiente;Substantivo;Normal;;
mbaʼerã;para qué;Adjetivo;Normal;;
mbaʼesyvo;ricino;Substantivo;Normal;;
mbaʼetee;patrimonio;Substantivo;Normal;;
mbaʼetĩ;gas;Substantivo;Normal;;
mbaʼevai;mal;Adjetivo;Normal;;
mbaʼeve;nada;Pronome;Normal;;
mbaʼevegua;nulo;Adjetivo;Normal;;
mbaʼeveichavérõ;de ninguna manera;Adjetivo;Normal;;
mbaʼevende;comerciar;Verbo;Normal;;
mbaʼeveregua;nulidad;Substantivo;Normal;;
mbaʼevu;globo;Substantivo;Normal;;
mbaʼeñemu;artículo;Substantivo;Normal;;
mbaʼeñongatu;economizar;Substantivo;Normal;;
mbaʼeʼapo;manufactura;Substantivo;Normal;;
mbaʼeʼapoha;fábrica;Substantivo;Normal;;
mbaʼeʼapopy;industria;Substantivo;Normal;;
mbaʼeʼupy;comida;Substantivo;Normal;;
mbaʼeʼỹ;no propio;Adjetivo;Normal;;
mbaʼyru;caja;Substantivo;Normal;;
mbaʼyruguata;camión;Substantivo;Normal;;
mbaʼyrumýi;camión;Substantivo;Normal;;
mbaʼyrurãʼi;urna;Substantivo;Normal;;
mbaʼyruveve;avión;Substantivo;Normal;;
mbaʼyruñongatuha;garaje;Substantivo;Normal;;
mbaʼyruʼi;maletín;Substantivo;Normal;;
mbaʼégui;por qué;Adjetivo;Normal;;
mbaʼéicha;qué;Adjetivo;Normal;;
mbaʼépa;qué;Pronome;Normal;;
mbaʼére;por qué;Adjetivo;Normal;;
mbaʼéva;posesivo;Adjetivo;Normal;;
mba’e ombohecha tuichavéva;lupa;Substantivo;Normal;;
mba’eavykýva;ladronzuelo;Substantivo;Normal;;
mba’eguasu;cosa importante, portento;Substantivo;Normal;;
mba’eichagua;qué clase de;Substantivo;Normal;;
mba’etekópa;¿qué tal? ¿cómo estás?;Substantivo;Normal;;
mba’everei;sonsera, poca cosa;Substantivo;Normal;;
mba’éichapa;¡hola! ¿qué tal? ¿cómo estás?;Interjeição;Normal;;
mba’éiko;cómo, por qué; ¿qué tal?;Adjetivo;Normal;;
mbe;chato;Adjetivo;Normal;;
mbegue;despacio;Adjetivo;Normal;;
mbeju;torta de almidón de mandioca;Substantivo;Normal;;
mberu;mosca;Substantivo;Normal;;
mbichy;asar;Verbo;Normal;;
mbigua;variedad de pato;Substantivo;Normal;;
mbirai;lepra;Substantivo;Normal;;
mbiraíva;leproso;Adjetivo;Normal;;
mbiriki;retozar;Verbo;Normal;;
mbiruʼa;viruela;Substantivo;Normal;;
mbiruʼatavy;varicela;Substantivo;Normal;;
mbita´i;dermatitis;Substantivo;Normal;;
mbitaʼi;dermatitis;Substantivo;Normal;;
mbiti;sufijo;Substantivo;Normal;;
mboaguara;halagar;Verbo;Normal;;
mboaguaraha;zalamero;Adjetivo;Normal;;
mboaguarapyre;adulado;Adjetivo;Normal;;
mboaguaráva;halagador;Adjetivo;Normal;;
mboai;llagar;Verbo;Normal;;
mboajaka;encestar;Verbo;Normal;;
mboaje;acceder;Verbo;Normal;;
mboajeʼỹ;oponerse;Verbo;Normal;;
mboaju;madurar;Verbo;Normal;;
mboaku;calentar;Verbo;Normal;;
mboao;vestir;Verbo;Normal;;
mboaojoja;uniformar;Verbo;Normal;;
mboaoveve;embanderar;Verbo;Normal;;
mboapa;paralizar;Verbo;Normal;;
mboapajeréi;revolcar;Verbo;Normal;;
mboapakua;arrollar;Verbo;Normal;;
mboapakuajera;desliar;Verbo;Normal;;
mboape;embalar;Verbo;Normal;;
mboapeha;forro;Substantivo;Normal;;
mboapeju;dorar;Verbo;Normal;;
mboapesỹi;lustrar;Verbo;Normal;;
mboapiro;pelar;Verbo;Normal;;
mboapiruʼa;ampollar;Verbo;Normal;;
mboapuʼa;tornear;Verbo;Normal;;
mboapuʼaha;tomo;Substantivo;Normal;;
mboapía;circuncidar;Verbo;Normal;;
mboapýra;limitar;Verbo;Normal;;
mboare;prorrogar;Verbo;Normal;;
mboarete;festejar;Verbo;Normal;;
mboareve;prolongar;Verbo;Normal;;
mboaruru;poner en remojo;Verbo;Normal;;
mboatukupe;respaldar;Verbo;Normal;;
mboaty;reunir;Verbo;Normal;;
mboava;personificar;Verbo;Normal;;
mboavevo;esponjar;Verbo;Normal;;
mboavevoha;levadura;Substantivo;Normal;;
mbochivu;derrotar;Verbo;Normal;;
mbochovi;colmar;Verbo;Normal;;
mbochuchu;intimidar;Verbo;Normal;;
mbochyryry;freír;Substantivo;Normal;;
mbochyryryha;sartén;Substantivo;Normal;;
mbogua;colar;Verbo;Normal;;
mboguaha;filtro;Substantivo;Normal;;
mboguapy;sentar;Verbo;Normal;;
mboguata;impulsar;Verbo;Normal;;
mboguataha;guía;Substantivo;Normal;;
mbogue;apagar;Verbo;Normal;;
mbogueha;borrador;Adjetivo;Normal;;
mboguejy;bajar;Verbo;Normal;;
mboguyguy;investigar;Verbo;Normal;;
mbohague;emplumar;Verbo;Normal;;
mbohaku;calentar;Verbo;Normal;;
mbohakuvevúi;entibiar;Verbo;Normal;;
mbohakykue;retrasar;Verbo;Normal;;
mbohape;facilitar, encaminar, allanar dificultades;Verbo;Normal;;
mbohapeha;jefatura;Substantivo;Normal;;
mbohapehára;jefe;Substantivo;Normal;;
mbohapo;radicar;Verbo;Normal;;
mbohapy;tres;Adjetivo;Normal;;
mbohapyha;tercera;Adjetivo;Normal;;
mbohapyjey;triple;Adjetivo;Normal;;
mbohapypa;treinta;Adjetivo;Normal;;
mboharu;dañar;Verbo;Normal;;
mbohasa;traficar;Verbo;Normal;;
mbohasahára;traductor;Substantivo;Normal;;
mbohasaʼasy;mortificar;Verbo;Normal;;
mbohasy;infestar;Verbo;Normal;;
mbohayviha;ducha;Substantivo;Normal;;
mbohe;sazonar, condimentar;Verbo;Normal;;
mboheha;adobo;Substantivo;Normal;;
mboheko;moderar;Verbo;Normal;;
mbohekojojáva;justiciero;Adjetivo;Normal;;
mbohekoporã;humanizar;Verbo;Normal;;
mbohekovai;degenerar;Verbo;Normal;;
mbohekovia;sustituir;Verbo;Normal;;
mbohepy;sancionar;Verbo;Normal;;
mboheraguapy;firmar;Verbo;Normal;;
mbohero;apodar;Verbo;Normal;;
mbohesamimbi;deslumbrar;Verbo;Normal;;
mbohesapeʼa;instruir;Verbo;Normal;;
mbohesarea;embarullar;Verbo;Normal;;
mbohesavi;guiñar;Verbo;Normal;;
mboheta;acrecentar, aumentar, multiplicar;Verbo;Normal;;
mbohetarei;redundar;Verbo;Normal;;
mbohetave;aumentar;Verbo;Normal;;
mbohetiaʼe;vivificar;Verbo;Normal;;
mbohogaygua;domesticar;Verbo;Normal;;
mbohoguepiru;marchitar;Verbo;Normal;;
mbohokái;rodear;Verbo;Normal;;
mbohory;agradar, animar, mbohory;Verbo;Normal;;
mbohovake;carear;Verbo;Normal;;
mbohovasa;bendecir;Verbo;Normal;;
mbohovái;desobedecer, contestar, enfrentar, responder;Verbo;Normal;;
mbohováiva;contestador;Substantivo;Normal;;
mbohugua;arrinconar;Verbo;Normal;;
mbohuguy;sangrar;Verbo;Normal;;
mbohuguyaku;soliviantar;Verbo;Normal;;
mbohupa;albergar;Verbo;Normal;;
mbohuparenda;hospedaje;Substantivo;Normal;;
mbohy'ái;hacer sudar;Verbo;Normal;;
mbohyapu;hacer ruido;Verbo;Normal;;
mbohyeguasu;embarazar;Verbo;Normal;;
mbohyku;fundir;Verbo;Normal;;
mbohykue;empapar;Verbo;Normal;;
mbohykuejei;enjugar;Verbo;Normal;;
mbohypa;agotar;Verbo;Normal;;
mbohypy;profundizar;Verbo;Normal;;
mbohypyʼa;cuajar;Verbo;Normal;;
mbohypyʼũ;condensar;Verbo;Normal;;
mbohyru;envolver, envasar, embotellar;Verbo;Normal;;
mbohysýi;clasificar, listar, poner en hilera;Verbo;Normal;;
mbohyvi;tirar, lanzar;Verbo;Normal;;
mbohái;amargar;Verbo;Normal;;
mbohéra;nominar;Verbo;Normal;;
mboi;desnudar;Verbo;Normal;;
mboichini;víbora de cascabel;Substantivo;Normal;;
mboichumbe;víbora de coral;Substantivo;Normal;;
mboijagua;boa constrictora;Substantivo;Normal;;
mboiko;promover;Verbo;Normal;;
mboikove;dar vida;Verbo;Normal;;
mboita;petrificar;Verbo;Normal;;
mboity;echar;Verbo;Normal;;
mboja;soldar;Verbo;Normal;;
mbojaha;adhesivo;Adjetivo;Normal;;
mbojaheʼo;hacer llorar;Verbo;Normal;;
mbojahu;bañar;Verbo;Normal;;
mbojaite;lacrar;Verbo;Normal;;
mbojapajeréi;revolcar;Verbo;Normal;;
mbojapiche;quemar la comida;Verbo;Normal;;
mbojapiro;pelar el prepucio;Verbo;Normal;;
mbojapu;hacer mentir;Verbo;Normal;;
mbojaru;bromear;Verbo;Normal;;
mbojavorái;embarullar;Verbo;Normal;;
mbojavoʼói;embarullar;Verbo;Normal;;
mbojavy;confundir;Verbo;Normal;;
mbojayvy;inclinar;Verbo;Normal;;
mbojaʼo;compartir;Verbo;Normal;;
mbojaʼohara;desdoblar;Verbo;Normal;;
mbojaʼopy;partido;Substantivo;Normal;;
mbojaʼopyre;fraccionado;Adjetivo;Normal;;
mbojegua;ornamentar;Verbo;Normal;;
mbojeguaru;repugnar;Verbo;Normal;;
mbojeheʼa;licuar;Verbo;Normal;;
mbojehu;provocar;Verbo;Normal;;
mbojei;desunir;Verbo;Normal;;
mbojeko;reclinar;Verbo;Normal;;
mbojekuaa;propalar;Verbo;Normal;;
mbojekuaave;resaltar;Verbo;Normal;;
mbojepi;perpetuar;Verbo;Normal;;
mbojepokuaa;habituar;Verbo;Normal;;
mbojepy;sancionar;Verbo;Normal;;
mbojere;volcar;Verbo;Normal;;
mbojereha;perímetro;Substantivo;Normal;;
mbojeroky;hacer bailar;Verbo;Normal;;
mbojerovia;avalar;Verbo;Normal;;
mbojeroviapyre;mimado;Adjetivo;Normal;;
mbojeroʼa;inclinar;Verbo;Normal;;
mbojevy;rebotar;Verbo;Normal;;
mbojeʼeavýva;paradoja;Substantivo;Normal;;
mbojeʼo;tachar;Verbo;Normal;;
mbojeʼoha;borrador;Substantivo;Normal;;
mbojoaju;vincular;Verbo;Normal;;
mbojoapy;agregar;Verbo;Normal;;
mbojoavy;diferenciar;Verbo;Normal;;
mbojoguáva;metáfora;Substantivo;Normal;;
mbojoja;afinar;Verbo;Normal;;
mbojojaha;regla;Substantivo;Normal;;
mbojojahara;desempatar;Verbo;Normal;;
mbojojái;burla;Substantivo;Normal;;
mbojojáva;comparativo;Adjetivo;Normal;;
mbojopara;entreverar;Verbo;Normal;;
mbojoporuka;intercambio;Substantivo;Normal;;
mbojopypyre;apretado;Adjetivo;Normal;;
mbojopyru;alternar;Verbo;Normal;;
mbojopói;regalar;Verbo;Normal;;
mbojovake;poner frente a frente;Verbo;Normal;;
mbojovi;rebosar;Verbo;Normal;;
mbojovái;enfrentar;Verbo;Normal;;
mbojoyvy;duplicar;Verbo;Normal;;
mbojoʼa;amontonar;Verbo;Normal;;
mbojuaju;ligar;Verbo;Normal;;
mbojuapy;plegar;Verbo;Normal;;
mbojuasa;cruzar;Verbo;Normal;;
mbojuavy;separar;Verbo;Normal;;
mbojuky;salar;Verbo;Normal;;
mbojupi;subir;Verbo;Normal;;
mbojuru;perforar;Verbo;Normal;;
mbojuruheʼẽ;lisonjear;Verbo;Normal;;
mbojuruja;embobar;Verbo;Normal;;
mbojurujái;abobar;Verbo;Normal;;
mbojurusã;encabestrar;Verbo;Normal;;
mbojuruvy;entornar;Verbo;Normal;;
mbojy;cocinar;Verbo;Normal;;
mbojypyre;guisado;Adjetivo;Normal;;
mbojára;marcar ganado;Verbo;Normal;;
mboka;fusil;Substantivo;Normal;;
mboka mbyky;pistola, revólver, arma de fuego corta;Substantivo;Normal;;
mboka rembi’u;proyectil, munición de arma de fuego;Substantivo;Normal;;
mboka ryru;pistolera, funda de arma;Substantivo;Normal;;
mbokacha;agitar;Verbo;Normal;;
mbokaguasu;fusil;Substantivo;Normal;;
mbokaigue;aburrir;Verbo;Normal;;
mbokajaʼa;coco;Substantivo;Normal;;
mbokapu;tirar (dar fuego);Verbo;Normal;;
mbokapuha;pólvora;Substantivo;Normal;;
mbokapusoro;estallar;Verbo;Normal;;
mbokapĩ;fusil;Substantivo;Normal;;
mbokaráu;dislocar;Verbo;Normal;;
mbokatu;licenciar;Verbo;Normal;;
mbokatupyry;adiestrar;Verbo;Normal;;
mbokatuʼỹ;imposibilitar;Verbo;Normal;;
mbokavaju;retar;Verbo;Normal;;
mbokavicho;petardo;Substantivo;Normal;;
mbokaʼi;pistola;Substantivo;Normal;;
mbokaʼupoi;desemborrachar;Verbo;Normal;;
mbokerayvoty;soñar;Verbo;Normal;;
mbokesu;poner queso a una comida;Verbo;Normal;;
mbokichiʼĩha;sierra;Substantivo;Normal;;
mbokua;perforar;Verbo;Normal;;
mbokuaa;relacionar;Verbo;Normal;;
mbokuaave;resaltar;Verbo;Normal;;
mbokuaha;torno;Substantivo;Normal;;
mbokuapyre;ahuecado;Adjetivo;Normal;;
mbokuarahy;solear;Verbo;Normal;;
mbokuatiañemu;facturar;Verbo;Normal;;
mbokuchu;agitar;Verbo;Normal;;
mbokuerái;impacientar;Verbo;Normal;;
mbokuruvi;triturar;Verbo;Normal;;
mbokusugue;destruir;Substantivo;Normal;;
mbokái;quemar;Verbo;Normal;;
mboliga;incitar;Verbo;Normal;;
mbopaha;terminar;Verbo;Normal;;
mbopaje;hechizar;Verbo;Normal;;
mbopapa;numerar;Verbo;Normal;;
mbopapapyre;contado;Adjetivo;Normal;;
mbopara;colorear;Verbo;Normal;;
mbopaveʼỹ;eternizar;Verbo;Normal;;
mbope;aplastar;Verbo;Normal;;
mbopeve;ensanchar;Verbo;Normal;;
mbopi;circuncidar;Verbo;Normal;;
mbopicha;avergonzar;Verbo;Normal;;
mbopichoro;embriagar;Verbo;Normal;;
mbopiguasu;vampiro;Substantivo;Normal;;
mbopiroʼy;refrescar;Verbo;Normal;;
mbopiru;marchitar;Verbo;Normal;;
mbopiʼi;enflaquecer;Verbo;Normal;;
mbopochy;enfadar;Verbo;Normal;;
mbopoguasu;engrosar;Verbo;Normal;;
mbopoguy;subordinar;Verbo;Normal;;
mbopohãjuka;envenenar;Verbo;Normal;;
mbopohéi;yuxtaponer;Verbo;Normal;;
mbopohýi;agravar;Verbo;Normal;;
mbopojái;proporcionar;Verbo;Normal;;
mbopopegua;regalar;Verbo;Normal;;
mbopopi;descortezar;Verbo;Normal;;
mbopoʼi;adelgazar;Verbo;Normal;;
mbopu;sonar;Verbo;Normal;;
mbopuha;tecla;Substantivo;Normal;;
mbopuhaʼaty;orquesta;Substantivo;Normal;;
mbopuka;hacer reír;Verbo;Normal;;
mbopukahára;payaso;Substantivo;Normal;;
mbopuku;alargar;Verbo;Normal;;
mbopukuve;prolongar;Verbo;Normal;;
mbopukáva;jocoso;Adjetivo;Normal;;
mbopupu;hervir;Verbo;Normal;;
mbopuraheiha;grabadora, reproductor musical;Substantivo;Normal;;
mbopuruʼa;fecundar;Verbo;Normal;;
mbopyahu;innovar;Verbo;Normal;;
mbopyaʼe;apurar;Verbo;Normal;;
mbopyaʼeha;acelerador;Adjetivo;Normal;;
mbopygua;abollar;Verbo;Normal;;
mbopypuku;ahondar;Verbo;Normal;;
mbopytujoko;asfixiar;Verbo;Normal;;
mbopytuʼu;sosegar;Verbo;Normal;;
mbopyve;ensanchar;Verbo;Normal;;
mbopyʼaguapy;apaciguar;Verbo;Normal;;
mbopyʼaguasu;envalentonar;Verbo;Normal;;
mbopyʼajuka;martirizar;Verbo;Normal;;
mbopyʼakangy;debilitar;Verbo;Normal;;
mbopyʼamano;narcotizar;Verbo;Normal;;
mbopyʼamirĩ;amedrentar;Verbo;Normal;;
mbopyʼaporã;predisponer;Verbo;Normal;;
mbopyʼapy;preocupar;Verbo;Normal;;
mbopyʼarasy;vejar;Verbo;Normal;;
mbopyʼaro;enemistar;Verbo;Normal;;
mbopyʼarory;alegrar;Verbo;Normal;;
mbopyʼatarova;alborotar;Verbo;Normal;;
mbopyʼatyai;intranquilizar;Verbo;Normal;;
mbopyʼavai;disgustar;Verbo;Normal;;
mbopípu;vitorear;Verbo;Normal;;
mborari;reanimar;Verbo;Normal;;
mborayhu;cariño;Substantivo;Normal;;
mbore;cicatriz;Substantivo;Normal;;
mborevi;tapir;Substantivo;Normal;;
mborevi pire;guasca, látigo de cuero de tapir;Substantivo;Normal;;
mborevi rape;vía láctea (camino del tapir);Substantivo;Normal;;
mboriahu;pobre;Adjetivo;Normal;;
mboriahuhápe;pobremente;Adjetivo;Normal;;
mboro;amargar;Verbo;Normal;;
mborovire;yerba canchada;Substantivo;Normal;;
mboruru;inflamar;Verbo;Normal;;
mbosakoʼi;predisponer;Verbo;Normal;;
mbosapatu;calzar;Verbo;Normal;;
mbosarái;torturar;Verbo;Normal;;
mbosaʼi;desmenuzar;Verbo;Normal;;
mbosaʼisaʼi;detallar;Verbo;Normal;;
mbosaʼy;pintar;Verbo;Normal;;
mbosaʼyha;pincel;Substantivo;Normal;;
mbosaʼyju;dorar;Verbo;Normal;;
mbosogue;empobrecer;Verbo;Normal;;
mbosope;sustraer;Verbo;Normal;;
mbososo;rendir;Verbo;Normal;;
mbosyry;escurrir;Verbo;Normal;;
mbosỹi;refinar;Verbo;Normal;;
mbota;chocar;Verbo;Normal;;
mbotaha;martillo;Substantivo;Normal;;
mbotakykuepyre;pospuesto;Adjetivo;Normal;;
mbotapykue;retrasar;Verbo;Normal;;
mbotapyre;golpeado;Adjetivo;Normal;;
mbotarova;trastornar;Verbo;Normal;;
mbotavy;engañar;Verbo;Normal;;
mbotiri;resquebrajar;Verbo;Normal;;
mbotorore;acunar;Verbo;Normal;;
mbotove;repudiar;Verbo;Normal;;
mbotuicha;agrandar;Verbo;Normal;;
mbotuichave;incrementar;Verbo;Normal;;
mbotuicháva;hipérbole;Substantivo;Normal;;
mbotuju;pudrir;Verbo;Normal;;
mboty;recluir;Verbo;Normal;;
mbotyai;perturbar;Verbo;Normal;;
mbotyha;tapa;Substantivo;Normal;;
mbotyryry;remolcar;Verbo;Normal;;
mbotyʼo;abrir;Verbo;Normal;;
mbou;vomitar;Verbo;Normal;;
mbova;contagiar;Verbo;Normal;;
mbovai;condenar;Verbo;Normal;;
mbovaive;empeorar;Verbo;Normal;;
mbovapy;poner boca abajo;Verbo;Normal;;
mbovava;balancear;Verbo;Normal;;
mbovayva;poner boca arriba;Verbo;Normal;;
mbovayvy;poner boca abajo;Verbo;Normal;;
mbovera;lustrar;Verbo;Normal;;
mboveve;aventar;Verbo;Normal;;
mboveverã;hélice;Substantivo;Normal;;
mbovevúi;paliar;Verbo;Normal;;
mbovo;rebanar;Verbo;Normal;;
mbovopyre;fraccionado;Adjetivo;Normal;;
mbovore;pedazo;Substantivo;Normal;;
mbovosa;embolsar;Verbo;Normal;;
mbovu;inflar;Verbo;Normal;;
mbovuha;levadura, agente de leudado;Substantivo;Normal;;
mbovy;escasear;Verbo;Normal;;
mbovyve;menos;Adjetivo;Normal;;
mbovyvy;coser;Verbo;Normal;;
mbovyvyjegua;bordar;Verbo;Normal;;
mbovyʼa;satisfacer;Verbo;Normal;;
mboy;cuanto;Adjetivo;Normal;;
mboyga;navegar;Verbo;Normal;;
mboyke;ladear;Verbo;Normal;;
mboykeʼã;ladear;Verbo;Normal;;
mboyku;derretir;Verbo;Normal;;
mboypa;agotar un líquido;Verbo;Normal;;
mboypy;originar;Verbo;Normal;;
mboypýri;más allá;Adjetivo;Normal;;
mboyvate;enaltecer;Verbo;Normal;;
mboyve;antes;Adjetivo;Normal;;
mboyvegua;prefijo;Substantivo;Normal;;
mboyvoty;florear;Verbo;Normal;;
mboyvyguy;enterrar;Verbo;Normal;;
mboyvytimbo;levantar polvo;Verbo;Normal;;
mboyvytu;airear;Verbo;Normal;;
mboyʼu;abrevar;Verbo;Normal;;
mboʼa;poner huevos;Verbo;Normal;;
mboʼae;reconciliar;Verbo;Normal;;
mboʼe;educar;Verbo;Normal;;
mboʼeha;lección;Substantivo;Normal;;
mboʼehao;escuela;Substantivo;Normal;;
mboʼehaogua;escolar;Adjetivo;Normal;;
mboʼehaorusu;universidad;Substantivo;Normal;;
mboʼehaovusu;universidad;Substantivo;Normal;;
mboʼehavete;facultad;Substantivo;Normal;;
mboʼehára;maestra;Adjetivo;Normal;;
mboʼekuaa;persuadir;Verbo;Normal;;
mboʼekuaahára;licenciado;Adjetivo;Normal;;
mboʼepy;lección;Substantivo;Normal;;
mboʼepyre;enseñado;Adjetivo;Normal;;
mboʼesyry;grado;Substantivo;Normal;;
mboʼi;descuartizar;Verbo;Normal;;
mboʼipyre;descuartizado;Adjetivo;Normal;;
mboʼopívo;desvestir;Verbo;Normal;;
mboʼy;hidratar;Verbo;Normal;;
mboʼyguy;ahogar;Verbo;Normal;;
mboʼára;fechar;Verbo;Normal;;
mbo’eharóga;escuela, casa de enseñanza;Substantivo;Normal;;
mbo’y ajurigua;gargantilla, collar;Substantivo;Normal;;
mbuai;echar a perder;Verbo;Normal;;
mbuaju;aburrir;Verbo;Normal;;
mbuapuʼa;resumir;Verbo;Normal;;
mbuaty;juntar;Verbo;Normal;;
mbuekovia;relevar;Verbo;Normal;;
mbuepoti;vapulear;Verbo;Normal;;
mbujape;galleta;Substantivo;Normal;;
mbujape karai;hostia;Substantivo;Normal;;
mbujaʼapyte;empanada;Substantivo;Normal;;
mburea;mugir;Verbo;Normal;;
mburika;mulo;Substantivo;Normal;;
mburikarana;cebra;Substantivo;Normal;;
mburukuja;pasionaria, maracuyá;Substantivo;Normal;;
mburutue;descomunal;Adjetivo;Normal;;
mburuvicha;ejecutivo;Adjetivo;Normal;;
mburuvicha guasu;general;Substantivo;Normal;;
mburuvicha róga;palacio;Substantivo;Normal;;
mburuvicha% guasu;general;Adjetivo;Normal;;
mburuvichavete renda;presidencia;Substantivo;Normal;;
mbusia;morcilla;Substantivo;Normal;;
mbusu;anguila;Substantivo;Normal;;
mbutu;tábano;Substantivo;Normal;;
mbya;gente;Substantivo;Normal;;
mbyai;descomponer;Verbo;Normal;;
mbyaiha;dañino;Adjetivo;Normal;;
mbyaipa;destrucción;Substantivo;Normal;;
mbyaipaite;devastar;Verbo;Normal;;
mbyaipyre;descompuesto;Adjetivo;Normal;;
mbyaive;desmejorar;Verbo;Normal;;
mbyaje;demorar;Verbo;Normal;;
mbyaju;sazonar;Verbo;Normal;;
mbyaku;calentar;Verbo;Normal;;
mbyakuvo;abochornar;Verbo;Normal;;
mbyao;vestir;Verbo;Normal;;
mbyape;forrar;Verbo;Normal;;
mbyasy;lamentar;Verbo;Normal;;
mbyaty;compilar;Verbo;Normal;;
mbyengoviaha;relevo;Substantivo;Normal;;
mbyepoti;reprimir;Verbo;Normal;;
mbyja;estrella;Substantivo;Normal;;
mbyjakuaa;astronomía;Substantivo;Normal;;
mbyjausuveve;cometa;Substantivo;Normal;;
mbyjaʼaty;galaxia;Substantivo;Normal;;
mbyjaʼi;asterisco;Substantivo;Normal;;
mbyjuʼi;golondrina;Substantivo;Normal;;
mbyky;corto;Substantivo;Normal;;
mbykyhápe;brevemente;Adjetivo;Normal;;
mbyryʼái;calor (tengo calor);Substantivo;Normal;;
mbytaʼa;andamio;Substantivo;Normal;;
mbyte;centro, medio, blanco;Substantivo;Normal;;
mbyte rasaha;diámetro;Substantivo;Normal;;
mbytegua;neutral;Adjetivo;Normal;;
mbytepegua;neutro;Adjetivo;Normal;;
mbytere;el que está en el medio;Adjetivo;Normal;;
mbytépe;en medio de;Adjetivo;Normal;;
mbéu;pus;Substantivo;Normal;;
mbíra;encía;Substantivo;Normal;;
mbói;desnudar;Verbo;Normal;;
mbói chini;cascabel;Substantivo;Normal;;
mbóre;malo;Adjetivo;Normal;;
me;estar;Verbo;Normal;;
me'ẽ;dar, entregar, otorgar, aportar;Verbo;Normal;;
megua;del, perteneciente a;Advérbio / Preposição / Conjunção;Normal;;
meguã;tarado;Adjetivo;Normal;;
meguä;defectuoso, deforme, grosería;Adjetivo;Normal;;
membe;derretido;Adjetivo;Normal;;
memby;tener hijos, hijo;Verbo;Normal;;
membyanga;hijastro;Substantivo;Normal;;
membykua;aborto, abortar;Substantivo;Normal;;
membykõi;gemelo, mellizo;Substantivo;Normal;;
membymbohapy;trillizo;Substantivo;Normal;;
membyména;yerno;Substantivo;Normal;;
membyryme;anticonceptivo;Substantivo;Normal;;
membyryru;útero;Substantivo;Normal;;
membyrã;parto;Substantivo;Normal;;
membyrãkuaapy;obstetricia;Substantivo;Normal;;
membyʼanga;hijastro;Substantivo;Normal;;
membyʼý;esterilidad;Substantivo;Normal;;
membyʼỹ;estéril;Adjetivo;Normal;;
meme;enseguida, continuado, siempre;Adjetivo;Normal;;
memegua;perenne;Adjetivo;Normal;;
menarã;novio;Substantivo;Normal;;
menasy;suegro;Substantivo;Normal;;
menda;casarse, casar, boda, matrimonio;Verbo;Normal;;
mendare;casado;Adjetivo;Normal;;
mendareʼỹ;soltero;Adjetivo;Normal;;
mendasakoʼi;noviazgo;Substantivo;Normal;;
mendáva;casado;Adjetivo;Normal;;
mensu;yerbatero, peón de yerbal;Substantivo;Normal;;
menta’i;menta piperita, hierbabuena;Substantivo;Normal;;
meryvy;cuñado;Substantivo;Normal;;
merõ;melón;Substantivo;Normal;;
mesa;mesa;Substantivo;Normal;;
mesaʼao;mantel;Substantivo;Normal;;
meña;género;Substantivo;Normal;;
meña% rehegua;sexual;Adjetivo;Normal;;
meñakõi;hermafrodita;Adjetivo;Normal;;
meʼẽ;vender;Verbo;Normal;;
meʼẽha;donante;Substantivo;Normal;;
meʼẽmbyre;derrotado;Adjetivo;Normal;;
michïvéva;inferioridad;Substantivo;Normal;;
michĩ;poco;Adjetivo;Normal;;
michĩmi;poquito;Adjetivo;Normal;;
michĩve;menos;Adjetivo;Normal;;
michĩvéva;inferioridad;Substantivo;Normal;;
mie;más;Adjetivo;Normal;;
milíko;militar;Substantivo;Normal;;
mimbi;brillar;Verbo;Normal;;
mimbihápe;brillantemente;Adjetivo;Normal;;
mimbiʼo;deslucir;Verbo;Normal;;
mimbuku;lanza;Substantivo;Normal;;
mimby;pito;Substantivo;Normal;;
mimi;poquito;Adjetivo;Normal;;
mimoimbyre;cocinado;Adjetivo;Normal;;
mimói;guisar;Verbo;Normal;;
minduʼu;masticar;Verbo;Normal;;
minga;ayudarse por turno;Verbo;Normal;;
mini;chico;Adjetivo;Normal;;
mirĩ;cobarde;Substantivo;Normal;;
mitarã;feto;Substantivo;Normal;;
mitã;joven;Adjetivo;Normal;;
mitãkuimbaʼe;niño;Substantivo;Normal;;
mitãkuña;niño;Substantivo;Normal;;
mitãnguéra;niñez;Substantivo;Normal;;
mitãpohanohára;pediatra;Substantivo;Normal;;
mitãraʼy;neonato;Adjetivo;Normal;;
mitãraʼãnga;muñeca;Substantivo;Normal;;
mitãreko;infancia;Substantivo;Normal;;
mitãrekokuaapy;pediatría;Substantivo;Normal;;
mitãrerekua;niñera;Substantivo;Normal;;
mitãrupa;cuna;Substantivo;Normal;;
mitãrusu;adolescente;Adjetivo;Normal;;
mitãrã;feto;Substantivo;Normal;;
mitãʼao;pañal;Substantivo;Normal;;
mitãʼi;nene;Substantivo;Normal;;
mive;un poco más;Adjetivo;Normal;;
mo jey;implante;Substantivo;Normal;;
mo% porã;graduar;Verbo;Normal;;
mo'ã;cubrir, casi, sospechar;Verbo;Normal;;
moagui;arrimar;Verbo;Normal;;
moaguí;arrimar;Verbo;Normal;;
moaguĩ;arrimar;Verbo;Normal;;
moagẽ;apurar;Verbo;Normal;;
moakuruchĩ;acurrucar;Verbo;Normal;;
moakã;encabezar;Verbo;Normal;;
moakãhára;director;Substantivo;Normal;;
moakãngaʼu;marear;Verbo;Normal;;
moakãperõ;pelar;Verbo;Normal;;
moakãraku;incitar;Verbo;Normal;;
moakãrapuʼã;promover;Verbo;Normal;;
moakãratĩ;poner los cuernos;Verbo;Normal;;
moakãtarova;atontar;Verbo;Normal;;
moakỹ;empapar;Verbo;Normal;;
moambue;cambio;Substantivo;Normal;;
moanambusu;engrosar;Verbo;Normal;;
moangapyhy;servir;Verbo;Normal;;
moangata;entristecer;Verbo;Normal;;
moangekói;importunar;Verbo;Normal;;
moapañuãi;enredar;Verbo;Normal;;
moapeno;hinchar;Verbo;Normal;;
moapesã;enristrar;Verbo;Normal;;
moapesỹi;alisar;Verbo;Normal;;
moapokytã;anudar;Verbo;Normal;;
moapopẽ;ondular;Verbo;Normal;;
moapovõ;engomar;Verbo;Normal;;
moaramirõ;almidonar;Verbo;Normal;;
moarandu;enseñar;Verbo;Normal;;
moaranduha;instrucción;Substantivo;Normal;;
moaranduhára;instructor;Substantivo;Normal;;
moasãi;desparramar;Verbo;Normal;;
moatymói;columpiar;Verbo;Normal;;
moatyrõ;poner en orden;Verbo;Normal;;
moatã;congelar;Verbo;Normal;;
moaña;pervertir;Verbo;Normal;;
moañete;certificar;Verbo;Normal;;
mochaʼĩ;fruncir;Verbo;Normal;;
mochichĩ;acariciar;Verbo;Normal;;
moenyhẽ;atestar;Verbo;Normal;;
moguahë;hospedar;Verbo;Normal;;
moguahẽ;hospedar;Verbo;Normal;;
mohaguinoha;levadura;Substantivo;Normal;;
mohaimbe;afilar;Verbo;Normal;;
mohakuã;perfumar;Verbo;Normal;;
mohakã;ramificar;Verbo;Normal;;
mohatã;endurecer;Verbo;Normal;;
mohavõ;jabonar;Verbo;Normal;;
mohavẽ;oxidar;Verbo;Normal;;
mohaʼanga;representar;Verbo;Normal;;
mohaʼangapyre;dibujado;Adjetivo;Normal;;
mohaʼeño;aislar;Verbo;Normal;;
mohaʼuvõ;vaticinar;Verbo;Normal;;
mohaʼãnga;modelar;Verbo;Normal;;
mohembeʼy;marginar;Verbo;Normal;;
mohembiporu;amueblar;Verbo;Normal;;
mohembiʼu;alimentar;Verbo;Normal;;
mohemby;sobrar;Verbo;Normal;;
mohenda;radicar;Verbo;Normal;;
mohendaporã;ajustar;Verbo;Normal;;
mohenduka;hacer escuchar;Verbo;Normal;;
mohendy;encender;Verbo;Normal;;
mohenimboʼo;deshilar;Verbo;Normal;;
mohenyhẽ;colmar;Verbo;Normal;;
moherakuã;proclamar;Verbo;Normal;;
moherakuãha;pregonero;Substantivo;Normal;;
moherakuãvai;desprestigiar;Verbo;Normal;;
moherã;vacilar;Verbo;Normal;;
mohesakã;esclarecer;Verbo;Normal;;
mohesatĩ;transparentar;Verbo;Normal;;
mohesatũ;hacer a uno ciego o tuerto;Verbo;Normal;;
mohesãi;sanear;Verbo;Normal;;
mohetã;nacionalizar;Verbo;Normal;;
moheñói;germinar;Verbo;Normal;;
moheʼõ;regar;Verbo;Normal;;
moheʼẽ;salar;Verbo;Normal;;
mohoʼysã;refrigerar;Verbo;Normal;;
mohuʼã;egresar;Verbo;Normal;;
mohuʼũ;ablandar;Verbo;Normal;;
mohuʼũmbyre;machucado;Adjetivo;Normal;;
mohyakuã;perfumar;Verbo;Normal;;
mohyguatã;hartar;Verbo;Normal;;
mohypyʼũ;condensar;Verbo;Normal;;
mohénduha;receptor;Substantivo;Normal;;
mohũ;ennegrecer;Verbo;Normal;;
mohũmbyre;ennegrecido;Substantivo;Normal;;
moimemba;totalizar;Verbo;Normal;;
moinge;meter;Verbo;Normal;;
moingepyre;introducido;Adjetivo;Normal;;
moingo;hacer andar;Verbo;Normal;;
moingoe;hacer diferencia;Verbo;Normal;;
moingojey;recuperar;Verbo;Normal;;
moingoporã;conciliar;Verbo;Normal;;
moingove;dar vida;Verbo;Normal;;
moingovejevy;reanimar;Verbo;Normal;;
moingovejey;resucitar;Verbo;Normal;;
moinimbo;enhebrar;Verbo;Normal;;
moirũ;secundar;Verbo;Normal;;
mojeheʼa;enredar;Verbo;Normal;;
mokamba;ennegrecer;Verbo;Normal;;
mokambu;amamantar;Verbo;Normal;;
mokaneʼõ;fatigar;Verbo;Normal;;
mokangueso;descoyuntar;Verbo;Normal;;
mokangy;deprimir;Verbo;Normal;;
mokara;curvar;Verbo;Normal;;
mokaraiñeʼẽ;traducir al castellano;Verbo;Normal;;
mokarameguã;embaular;Verbo;Normal;;
mokarapachãi;agregar;Verbo;Normal;;
mokarapã;flexionar;Verbo;Normal;;
mokarapãʼo;enderezar;Verbo;Normal;;
mokarẽ;combar;Verbo;Normal;;
mokañy;secuestrar;Verbo;Normal;;
mokañymbyre;secuestrado;Adjetivo;Normal;;
mokaʼirãi;encarcelar;Verbo;Normal;;
mokaʼẽ;asar;Verbo;Normal;;
mokirirï;silenciar;Verbo;Normal;;
mokirirĩ;silenciar;Verbo;Normal;;
mokoʼẽ;dejar amanecer;Verbo;Normal;;
mokuarahyʼã;sombrear;Verbo;Normal;;
mokunuʼũ;acariciar;Verbo;Normal;;
mokuruchĩ;encoger;Verbo;Normal;;
mokychiʼĩ;serruchar;Verbo;Normal;;
mokyreʼỹ;instigar;Verbo;Normal;;
mokyreʼỹjera;descorazonar;Verbo;Normal;;
mokã;secar;Verbo;Normal;;
mokô;tragar;Verbo;Normal;;
mokõ;devorar;Verbo;Normal;;
mokõi;dos;Adjetivo;Normal;;
mokõiha;segundo;Adjetivo;Normal;;
mokõipa;veinte;Adjetivo;Normal;;
mokõipa% mokõi;veintidos;Numeral;Normal;;
mokõipa% petẽi;veiniuno;Substantivo;Normal;;
mokõipaha;vigésimo;Adjetivo;Normal;;
mokõisa;doscientos;Numeral;Normal;;
mokõive;los dos;Adjetivo;Normal;;
mokõkõ;engullir;Verbo;Normal;;
momaitei;saludar;Verbo;Normal;;
momanduʼa;acordar;Verbo;Normal;;
momarandu;notificar;Verbo;Normal;;
momaranduha;noticiario;Substantivo;Normal;;
momaranduhára;periodista;Substantivo;Normal;;
momaranduka;notificar;Verbo;Normal;;
momarangatu;dignificar;Verbo;Normal;;
momarã;profanar;Verbo;Normal;;
momarãngatu;santificar;Verbo;Normal;;
momaʼẽ;señalar m pysã guasúre matar;Verbo;Normal;;
momba;eyacular;Verbo;Normal;;
mombarete;vigorizar;Verbo;Normal;;
mombareteve;reforzar;Verbo;Normal;;
mombary;esperma;Substantivo;Normal;;
mombayha;despertador;Substantivo;Normal;;
mombaʼapo;fomentar;Verbo;Normal;;
mombaʼapo% asy;abrumar;Verbo;Normal;;
mombaʼapohára;empleador;Substantivo;Normal;;
mombaʼe;alabar;Verbo;Normal;;
mombaʼeguasu;venerar;Verbo;Normal;;
mombaʼeheta;enriquecer;Verbo;Normal;;
mombaʼembyasy;entristecer;Verbo;Normal;;
mombe;aplanar;Verbo;Normal;;
mombegue;retardar;Verbo;Normal;;
mombeʼu;denunciar;Verbo;Normal;;
mombeʼuanga;descripción;Substantivo;Normal;;
mombeʼuguasu;engrandecer;Verbo;Normal;;
mombeʼuguaʼu;mito;Substantivo;Normal;;
mombeʼuguaʼukuaa;mitología;Substantivo;Normal;;
mombeʼuha;narrador;Substantivo;Normal;;
mombeʼuhára;delator;Substantivo;Normal;;
mombeʼuka;mandar un recado;Verbo;Normal;;
mombeʼupa;contar todo;Verbo;Normal;;
mombeʼupy;relato;Adjetivo;Normal;;
mombeʼupyre;contado;Adjetivo;Normal;;
mombeʼupyrã;leyenda;Substantivo;Normal;;
mombeʼurã;cuento;Substantivo;Normal;;
mombeʼusyry;narración;Substantivo;Normal;;
mombeʼuvoi;predecir;Verbo;Normal;;
mombia;desviar;Verbo;Normal;;
mombichy;tostar;Verbo;Normal;;
mombo;arrojar;Verbo;Normal;;
mombopyre;tirado;Adjetivo;Normal;;
momborei;malgastar;Verbo;Normal;;
momboriahu;empobrecer;Verbo;Normal;;
mombovy;restar;Verbo;Normal;;
momboʼa;fecundar;Verbo;Normal;;
momboʼo;destetar;Verbo;Normal;;
mombu;hacer explotar;Verbo;Normal;;
mombuku;demorar;Verbo;Normal;;
mombyahu;renovar;Verbo;Normal;;
mombyaju;aburrir;Verbo;Normal;;
mombyky;truncar;Verbo;Normal;;
mombykypy;resumen;Substantivo;Normal;;
mombyry;lejos;Adjetivo;Normal;;
mombyrygua;lejano;Adjetivo;Normal;;
mombyryha;lejanía;Substantivo;Normal;;
mombyrykue;distancia;Substantivo;Normal;;
mombyta;estancar;Verbo;Normal;;
mombytaha;freno;Substantivo;Normal;;
mombyte;centrar;Verbo;Normal;;
mombytuʼu;hacer descansar;Verbo;Normal;;
mombáy;concientizar;Verbo;Normal;;
momeguã;estropear;Verbo;Normal;;
momembykuáva;abortivo;Adjetivo;Normal;;
momeme;continuar;Verbo;Normal;;
momenda;casar;Verbo;Normal;;
momeʼẽ;hacer dar;Verbo;Normal;;
momichi;reducir;Verbo;Normal;;
momichĩ;reducir;Verbo;Normal;;
momichĩve;reducir;Verbo;Normal;;
momimói;guisar;Verbo;Normal;;
momokõi;duplicar;Verbo;Normal;;
momombyry;alejar;Verbo;Normal;;
momondoha;emisor;Substantivo;Normal;;
momondýiva;peligroso;Adjetivo;Normal;;
momorotĩ;blanquear;Verbo;Normal;;
momorã;elogiar;Verbo;Normal;;
momorãhéi;himno;Substantivo;Normal;;
momorãmby;amado;Adjetivo;Normal;;
momorãmbyre;notable;Adjetivo;Normal;;
momorãmbyrã;loable;Adjetivo;Normal;;
momorãva;exclamativo;Adjetivo;Normal;;
momyanduhẽ;acentuar;Verbo;Normal;;
momyiha;motor;Substantivo;Normal;;
momymba;amansar;Verbo;Normal;;
momymýi;remover;Verbo;Normal;;
momytuẽ;consolar;Verbo;Normal;;
momýi;hojear;Verbo;Normal;;
mona;untar;Verbo;Normal;;
monambi;encarcelar;Verbo;Normal;;
monambipyre;preso;Adjetivo;Normal;;
monandi;vaciar;Verbo;Normal;;
monandipyre;vaciado;Adjetivo;Normal;;
monda;estafar;Verbo;Normal;;
mondaha;delincuente;Adjetivo;Normal;;
mondapyre;robado;Adjetivo;Normal;;
mondare;robo;Substantivo;Normal;;
monde;vestir;Verbo;Normal;;
mondo;remitir;Verbo;Normal;;
mondoho;tocar;Verbo;Normal;;
mondopyre;enviado;Adjetivo;Normal;;
mondoro;arrancar;Verbo;Normal;;
mondoso;romper;Verbo;Normal;;
mondyiha;espeluznante;Substantivo;Normal;;
mondyky;destilar;Verbo;Normal;;
mondyry;romper;Verbo;Normal;;
mondyryry;ver: mondyry;Substantivo;Normal;;
mondýi;asustar;Verbo;Normal;;
moneĩ;admitir;Verbo;Normal;;
moneĩva;afirmativo;Adjetivo;Normal;;
monflórito;afeminado;Adjetivo;Normal;;
mongakuaa;criar;Verbo;Normal;;
mongarai;consagrar;Verbo;Normal;;
mongaraipy;bendición;Substantivo;Normal;;
mongaraipyre;bendito;Adjetivo;Normal;;
mongaru;nutrir;Verbo;Normal;;
mongarukuaahára;nutricionista;Substantivo;Normal;;
mongaráu;dislocar;Verbo;Normal;;
mongarúva;nutritivo;Adjetivo;Normal;;
mongavaju;reprochar;Verbo;Normal;;
mongaʼu;embriagar;Verbo;Normal;;
mongaʼuha;embriagador;Adjetivo;Normal;;
mongaʼuhara;desemborrachar;Verbo;Normal;;
monge;adormecer;Verbo;Normal;;
mongeleʼe;halagar;Verbo;Normal;;
mongeta;conversar;Verbo;Normal;;
mongetajere;debate;Substantivo;Normal;;
mongolo;colorear;Verbo;Normal;;
mongora;cercar;Verbo;Normal;;
mongoraha;muralla;Substantivo;Normal;;
mongorapyre;sitiado;Adjetivo;Normal;;
mongovia;cambiar;Verbo;Normal;;
monguarahy;solear;Verbo;Normal;;
monguchu;sacudir;Verbo;Normal;;
monguera;curar;Verbo;Normal;;
monguerái;saturar;Verbo;Normal;;
mongurusu;crucificar;Verbo;Normal;;
monguʼe;movilizar;Verbo;Normal;;
monguʼejey;reactivar;Verbo;Normal;;
monguʼi;moler;Verbo;Normal;;
monguʼiha;molino;Substantivo;Normal;;
monguʼipyre;molido;Substantivo;Normal;;
mongy;hacer llover;Verbo;Normal;;
mongyhyje;aterrar;Verbo;Normal;;
mongyhyjeha;peligro;Substantivo;Normal;;
mongyhyjéva;temible;Adjetivo;Normal;;
mongyra;engordar;Verbo;Normal;;
mongyʼa;manchar;Verbo;Normal;;
mongyʼapyre;poluido;Adjetivo;Normal;;
mongéva;soporífero;Adjetivo;Normal;;
mongúi;destituir;Verbo;Normal;;
mono;mono;Substantivo;Normal;;
monoʼõ;cosechar;Verbo;Normal;;
monoʼõmby;cosecha;Substantivo;Normal;;
monoʼõmbyre;ahorrado;Adjetivo;Normal;;
monoʼõnoʼõ;agrupar;Verbo;Normal;;
moopi;mezquino;Adjetivo;Normal;;
mopavẽ;universalizar;Verbo;Normal;;
mopaʼã;atascar;Verbo;Normal;;
mopaʼãha;obstrucción;Substantivo;Normal;;
mopaʼũ;alternar;Verbo;Normal;;
mopaʼũjera;obturar;Verbo;Normal;;
mopererĩ;afinar;Verbo;Normal;;
moperõ;arrasar;Verbo;Normal;;
mopeteĩ;simplificar;Verbo;Normal;;
mopichaʼĩ;enrular;Verbo;Normal;;
mopini;tatuar;Verbo;Normal;;
mopirĩ;estremecer;Verbo;Normal;;
mopirĩha;espeluznante;Substantivo;Normal;;
mopirĩmbáva;espeluznante;Adjetivo;Normal;;
mopirĩva;pavoroso;Adjetivo;Normal;;
mopohã;medicar;Verbo;Normal;;
mopokã;espaciar;Verbo;Normal;;
moporã;embellecer;Verbo;Normal;;
moporãha;ornamentación;Substantivo;Normal;;
moporãve;perfeccionar;Verbo;Normal;;
mopotï;purgar;Verbo;Normal;;
mopotĩ;purgar;Verbo;Normal;;
mopotĩha;limpiador;Adjetivo;Normal;;
mopotĩmbyre;aseado;Adjetivo;Normal;;
mopunga;empachar;Verbo;Normal;;
mopuʼã;elevar;Verbo;Normal;;
mopuʼãha;elevador;Substantivo;Normal;;
mopuʼãhára;propulsor;Substantivo;Normal;;
mopyenda;fundar;Verbo;Normal;;
mopykoʼẽ;ahuecar;Verbo;Normal;;
mopysykuãi;pasar resbalando;Verbo;Normal;;
mopytã;hacer enrojecer;Verbo;Normal;;
mopytũ;obscurecer;Verbo;Normal;;
mopyʼakyrỹi;emocionar;Verbo;Normal;;
mopyʼandýi;sorprender;Verbo;Normal;;
mopẽ;tronchar;Verbo;Normal;;
mopẽmby;fracturado;Adjetivo;Normal;;
moraguyrõ;enardecer sexualmente;Verbo;Normal;;
moragẽ;urgir;Verbo;Normal;;
morangu;fábula;Substantivo;Normal;;
morombi;infeliz;Adjetivo;Normal;;
moroti;blanco;Adjetivo;Normal;;
morotï;blanco;Adjetivo;Normal;;
morotĩ;blanco;Adjetivo;Normal;;
morotĩngue;blancura;Substantivo;Normal;;
morotĩngy;blancuzco;Adjetivo;Normal;;
morotĩsaʼyju;bayo;Adjetivo;Normal;;
morotĩũ;agrisado;Adjetivo;Normal;;
moroʼysã;enfriar;Verbo;Normal;;
moroʼysãva;refrescante;Adjetivo;Normal;;
moryvatã;saciar;Verbo;Normal;;
mosaico;mosaico;Substantivo;Normal;;
mosaingo;tender;Verbo;Normal;;
mosaingoha;percha;Substantivo;Normal;;
mosakã;explicar;Verbo;Normal;;
mosarambi;esparcir;Verbo;Normal;;
mosarambipyre;extendido;Adjetivo;Normal;;
mosusũ;batir, conjugar, aclarar, silabear;Verbo;Normal;;
mosã;amarrar;Verbo;Normal;;
mosãhara;desencabestrar;Verbo;Normal;;
mosãingo;colgar;Verbo;Normal;;
mosãingoha;percha;Substantivo;Normal;;
mosãso;liberar;Verbo;Normal;;
mosẽ;hacer salir;Verbo;Normal;;
mosẽmbyre;desalojado;Adjetivo;Normal;;
mosỹi;lubricar;Verbo;Normal;;
motanimbu;incinerar;Verbo;Normal;;
motenonde;avanzar;Verbo;Normal;;
motenondeha;promotor;Substantivo;Normal;;
moteĩva;determinativo;Adjetivo;Normal;;
motieʼỹ;pervertir;Verbo;Normal;;
motimbo;humear;Verbo;Normal;;
motimboha;pipa;Substantivo;Normal;;
motindy;humillar;Verbo;Normal;;
motupã;endiosar;Verbo;Normal;;
motyarõ;sazonar;Verbo;Normal;;
motyreʼỹ;dejar huérfano;Verbo;Normal;;
motĩ;avergonzar;Verbo;Normal;;
motĩñeʼẽ;nasalizar;Verbo;Normal;;
movã;encorvar;Verbo;Normal;;
moypytũ;opacar;Verbo;Normal;;
moïjey;implante;Substantivo;Normal;;
moña;seguir;Verbo;Normal;;
moñahare;progenitor;Substantivo;Normal;;
moñahára;perseguidor;Substantivo;Normal;;
moñamby;perseguido;Adjetivo;Normal;;
moñanduavy;ilusionar;Verbo;Normal;;
moñandy;aceitar;Verbo;Normal;;
moñandyha;lubricante;Substantivo;Normal;;
moñandýva;lubricante;Adjetivo;Normal;;
moñangareko;encomendar;Verbo;Normal;;
moñapymi;sumergir;Verbo;Normal;;
moñarõ;embravecer;Verbo;Normal;;
moñasaingo;colgar;Verbo;Normal;;
moñaña;pervertir;Verbo;Normal;;
moñekoʼõi;fastidiar;Verbo;Normal;;
moñemboʼy;enderezar;Verbo;Normal;;
moñembyai;echar a perder;Verbo;Normal;;
moñemi;esconder;Verbo;Normal;;
moñemoña;engendrar;Verbo;Normal;;
moñemyrõ;agraviar;Verbo;Normal;;
moñeno;acostar;Verbo;Normal;;
moñepyrũ;estrenar;Verbo;Normal;;
moñepyrũhára;fundador;Substantivo;Normal;;
moñepã;lisiar;Verbo;Normal;;
moñesũ;postrar;Verbo;Normal;;
moñeʼẽ;flirtear;Verbo;Normal;;
moñeʼẽngu;enmudecer;Verbo;Normal;;
moñeʼẽrã;lectura;Substantivo;Normal;;
moñe’ẽha;grabadora de audio, reproductor;Substantivo;Normal;;
moñondive;relacionar;Verbo;Normal;;
moñuhã;engatuzar;Verbo;Normal;;
moñuvã;defender;Verbo;Normal;;
moñyrõ;perdonar;Verbo;Normal;;
moñyñýi;encoger;Verbo;Normal;;
moñái;zafado;Adjetivo;Normal;;
moõ;dónde;Adjetivo;Normal;;
moõgua;procedente de dónde;Adjetivo;Normal;;
moõgui;que indica procedencia con verbos de movimiento de dónde;Adjetivo;Normal;;
moĩ;colocar;Verbo;Normal;;
moĩjey;implante;Substantivo;Normal;;
moĩmba;completar;Verbo;Normal;;
moĩmbaha;complemento;Substantivo;Normal;;
moĩmbyre;puesto;Adjetivo;Normal;;
moĩnge;meter;Verbo;Normal;;
moĩporã;graduar;Verbo;Normal;;
moĩve;añadir;Verbo;Normal;;
moʼã;pensar;Verbo;Normal;;
moʼãha;toldo;Substantivo;Normal;;
moʼãhára;abogado;Substantivo;Normal;;
moʼãmbyre;protegido;Adjetivo;Normal;;
moʼãrei;imaginar;Verbo;Normal;;
moʼãva;frustrativo;Adjetivo;Normal;;
muakỹ;mojar;Verbo;Normal;;
muanduhe;tilde;Substantivo;Normal;;
muangekói;molestar;Verbo;Normal;;
muasãi;sembrar;Verbo;Normal;;
muasãipyre;extendido;Adjetivo;Normal;;
muasẽ;hacer llorar;Verbo;Normal;;
muataindy;alumbrar;Verbo;Normal;;
muatyrõ;rehacer;Verbo;Normal;;
muatã;estirar;Verbo;Normal;;
muaña;propulsar;Verbo;Normal;;
mumu;hormiguear, abundar, pulular, brotar;Verbo;Normal;;
musaróga;museo;Substantivo;Normal;;
musulmã;musulmán;Substantivo;Normal;;
muã;luciérnaga;Substantivo;Normal;;
muña;perseguir, acosar;Verbo;Normal;;
myagẽ;apresurar;Verbo;Normal;;
myakateʼỹ;ahorrar;Verbo;Normal;;
myakuã;perfume;Substantivo;Normal;;
myakã;gobernar;Verbo;Normal;;
myakãha;encabezamiento;Substantivo;Normal;;
myakỹ;regar;Verbo;Normal;;
myandyha;fósforo;Substantivo;Normal;;
myangekói;alterar;Verbo;Normal;;
myanyhẽ;completar;Verbo;Normal;;
myasãi;propagar;Verbo;Normal;;
myasãiha;emisor;Substantivo;Normal;;
myataindy;alumbrar;Verbo;Normal;;
myatatĩ;disparar;Verbo;Normal;;
myatimói;balancear;Verbo;Normal;;
myatyrõ;remendar;Verbo;Normal;;
myatyrõmbyre;arreglado;Adjetivo;Normal;;
myatã;tramar;Verbo;Normal;;
myaña;empujar;Verbo;Normal;;
myendy;prender;Verbo;Normal;;
myendyha;mechero;Substantivo;Normal;;
myengovia;reemplazar;Verbo;Normal;;
myengoviaha;relevo;Substantivo;Normal;;
myenondehára;dirigente;Substantivo;Normal;;
myenyhẽ;cargar;Verbo;Normal;;
myerakuã;divulgar;Verbo;Normal;;
myesakã;traslucir;Verbo;Normal;;
myiʼỹ;estar quieto;Verbo;Normal;;
mykurẽ;comadreja;Substantivo;Normal;;
mykychĩ;batata silvestre;Substantivo;Normal;;
mykũpopo;canguro;Substantivo;Normal;;
mymba;fauna, animal domesticado, mascota;Substantivo;Normal;;
mymbajuka;cazar;Verbo;Normal;;
mymbapy;pata;Substantivo;Normal;;
mymbaraʼy;pichón;Substantivo;Normal;;
mymbarekokuaapy;zoología;Substantivo;Normal;;
mymbarenda;estancia;Substantivo;Normal;;
mymbarerekua;pastor;Substantivo;Normal;;
mymbarokái;jaula;Substantivo;Normal;;
mymbavai;bestia;Substantivo;Normal;;
mymbañarõ;fiera;Adjetivo;Normal;;
mymbaʼaty;rebaño;Substantivo;Normal;;
mymbuku;pica;Substantivo;Normal;;
mymýi;pulular;Verbo;Normal;;
mytuẽ;reposo;Substantivo;Normal;;
mytũ;pavo, pavo montés;Substantivo;Normal;;
myʼỹi;chismoso;Adjetivo;Normal;;
máicha;int cómo;Adjetivo;Normal;;
máramo;nunca;Adjetivo;Normal;;
márõ;dónde;Adjetivo;Normal;;
máta;árbol;Substantivo;Normal;;
máu;ilegal;Adjetivo;Normal;;
máva;quién, ¿quién?, un individuo, persona;Pronome;Normal;;
médiko;curandero;Substantivo;Normal;;
ména;esposo, marido, consorte;Substantivo;Normal;;
mínga;cooperación;Substantivo;Normal;;
móto;motocicleta;Substantivo;Normal;;
mýi;moverse, mover, menear, circular;Verbo;Normal;;
na;embadurnarse;Verbo;Normal;;
nahesakãi;poco claro;Adjetivo;Normal;;
nahániri;no;Adjetivo;Normal;;
naimokõivai;impar;Adjetivo;Normal;;
naipohãiva;irremediable;Adjetivo;Normal;;
naiporãitéi;ni malo ni bueno;Adjetivo;Normal;;
naiñambuéiva;inalterable;Adjetivo;Normal;;
nambi;oreja, nambi;Substantivo;Normal;;
nambijepoka;jugar a las cartas;Verbo;Normal;;
nambikupe;espía;Substantivo;Normal;;
nambiʼo;desorejar;Verbo;Normal;;
nambre;no (interjección de rechazo);Substantivo;Normal;;
nami;dinamita;Substantivo;Normal;;
namichãi;aro;Substantivo;Normal;;
namichäi;aro, zarcillo, cresta, arete;Substantivo;Normal;;
nandi;vacante, vacío, suelto, libre, nandi;Adjetivo;Normal;;
nandipyre;vaciado;Adjetivo;Normal;;
napeteĩchai;variado;Adjetivo;Normal;;
narã;naranja;Adjetivo;Normal;;
nase;nacer;Verbo;Normal;;
nay;puerto;Substantivo;Normal;;
nañangarekovéi;desatender;Verbo;Normal;;
ndachaʼéi;aversión;Substantivo;Normal;;
ndahasýi;simple, fácil, sencillo;Adjetivo;Normal;;
ndahepýi;barato, económico;Adjetivo;Normal;;
ndahepýiva;módico;Adjetivo;Normal;;
ndahetái;poco;Adjetivo;Normal;;
ndahiʼaréi;fugaz;Adjetivo;Normal;;
ndahéi;desabrido, insípido, no es sabroso;Adjetivo;Normal;;
ndaijeroviahái;poco confiable;Adjetivo;Normal;;
ndaipochýiva;manso;Adjetivo;Normal;;
ndaipukúi;temporáneo;Adjetivo;Normal;;
ndaipóri;falta, no hay;Advérbio / Preposição / Conjunção;Normal;;
ndaje;se dice, según dicen;Advérbio / Preposição / Conjunção;Normal;;
ndareíri;no sin razón;Adjetivo;Normal;;
ndavoka;llave;Substantivo;Normal;;
nde;te, tú, de ti;Pronome;Normal;;
ndehegui;de ti, desde ti;Pronome;Normal;;
nderehe;por ti;Pronome;Normal;;
nderehe'ÿ;sin ti;Advérbio / Preposição / Conjunção;Normal;;
ndive;con, con alguien;Advérbio / Preposição / Conjunção;Normal;;
ndivegua;concubino/a;Adjetivo;Normal;;
ndoikomeméiva;insólito;Adjetivo;Normal;;
ndojehecháiva;invisible;Adjetivo;Normal;;
ndokéiva;despierto;Adjetivo;Normal;;
ndokúiva;perenne;Adjetivo;Normal;;
ndopavéiva;interminable;Adjetivo;Normal;;
ndopáiva;crónico;Adjetivo;Normal;;
ndu;ruido;Substantivo;Normal;;
ndyry;precipitarse;Verbo;Normal;;
ndyryry;precipitarse;Verbo;Normal;;
ndyvu;escupir, saliva;Verbo;Normal;;
ndyvuha;glándula salival;Substantivo;Normal;;
ndé;tú;Pronome;Normal;;
ndéve;te, tú también, a ti;Pronome;Normal;;
ndýi;susto;Substantivo;Normal;;
ne;tener mal olor;Verbo;Normal;;
ne'ïra;todavía, aún no;Advérbio / Preposição / Conjunção;Normal;;
neipamirõ;enseguida;Adjetivo;Normal;;
nemba'e;tuyo;Pronome;Normal;;
nembaʼe;tuyo;Pronome;Normal;;
neporãva;excelente;Adjetivo;Normal;;
nevu;heder;Verbo;Normal;;
neĩ;decir que sí;Verbo;Normal;;
neʼĩra;no aún;Adjetivo;Normal;;
nga'u;ojalá, nga'u;Interjeição;Normal;;
ngaʼu;añorar;Verbo;Normal;;
ngotyo;hacia;Advérbio / Preposição / Conjunção;Normal;;
nguasu;grande;Adjetivo;Normal;;
ngue;inservible;Adjetivo;Normal;;
ngululu;murmullo, rezongar;Substantivo;Normal;;
nguru;rezongar;Verbo;Normal;;
ngururu;rezongar;Verbo;Normal;;
nguéra;aquellos;Adjetivo;Normal;;
niko;en verdad;Adjetivo;Normal;;
nipo;posiblemente;Adjetivo;Normal;;
niñosote;mimosa;Substantivo;Normal;;
no'ö;reunión, conjunto, asamblea, no'o;Substantivo;Normal;;
nohendúiva;sordo;Adjetivo;Normal;;
nohë;sacar, extirpar, ordeñar;Verbo;Normal;;
nohẽ;extirpar;Verbo;Normal;;
noinupäi;no pega, no golpea;Verbo;Normal;;
nomaʼẽiva;desatento;Adjetivo;Normal;;
nombaʼaposéiva;haragán;Adjetivo;Normal;;
nombaʼapovéiva;desocupado;Adjetivo;Normal;;
nombaʼapóiva;desocupado;Adjetivo;Normal;;
nomendáiva;soltero;Adjetivo;Normal;;
notĩvai;sinvergüenza;Adjetivo;Normal;;
noñandúiva;insensible;Adjetivo;Normal;;
noñemovãiva;constante;Adjetivo;Normal;;
noĩmbáiva;deficiente;Adjetivo;Normal;;
noʼõ;reunirse;Verbo;Normal;;
ntende;entender;Verbo;Normal;;
nundu;zumbar, latir, inflamarse;Verbo;Normal;;
nune;acaso;Adjetivo;Normal;;
nunga;casi, un poco, nunga;Adjetivo;Normal;;
nupã;apalear;Verbo;Normal;;
nupãha;mazo;Substantivo;Normal;;
nupä;azotar, castigar, golpear;Verbo;Normal;;
náko;tabaco mascado; nada;Substantivo;Normal;;
níño ára;navidad;Substantivo;Normal;;
oakãvo;de cabeza;Adjetivo;Normal;;
ogagua;familia;Substantivo;Normal;;
ogaguasu;mansión;Substantivo;Normal;;
ogaguy;galería;Substantivo;Normal;;
ogaguy guasu;galpón;Substantivo;Normal;;
ogahoja;techo;Substantivo;Normal;;
ogapegua;familia;Substantivo;Normal;;
ogapepo;alero;Substantivo;Normal;;
ogapepoguy;alero techado, galería;Substantivo;Normal;;
ogapy;hogar, interior de la casa;Substantivo;Normal;;
ogapygua;particular;Adjetivo;Normal;;
ogapypegua;familia;Substantivo;Normal;;
ogaraity;hornero;Substantivo;Normal;;
ogarokái;muralla;Substantivo;Normal;;
ogarova;fachada;Substantivo;Normal;;
ogasoja;techo;Substantivo;Normal;;
ogavoña;fábrica;Substantivo;Normal;;
ogaygua;pariente, de la casa, doméstico, ogaygua;Adjetivo;Normal;;
ogaykegua;vecino;Adjetivo;Normal;;
ogaykepegua;vecino;Substantivo;Normal;;
oguahẽ;arriba;Adjetivo;Normal;;
oguatáva;caminante, turista, viajante;Adjetivo;Normal;;
oguejýva;descendente;Adjetivo;Normal;;
oguepyre;apagado;Adjetivo;Normal;;
oguerekóva;tenedor;Substantivo;Normal;;
oguevíva;renegado;Adjetivo;Normal;;
oguéva;fugaz;Adjetivo;Normal;;
oguévo;patas arriba;Adjetivo;Normal;;
oguývo;por abajo;Adjetivo;Normal;;
ogyhũhai;pizarrón;Substantivo;Normal;;
ogyke;pared;Substantivo;Normal;;
ohaiʼỹva;y s. analfabeto;Adjetivo;Normal;;
ohasaʼasýva;víctima;Substantivo;Normal;;
ohaʼuvõva;profeta;Substantivo;Normal;;
ohechakuaáva;agradecido;Adjetivo;Normal;;
ohechapukúva;profeta;Substantivo;Normal;;
ohecháva;vidente;Substantivo;Normal;;
ohendúva;oyente;Substantivo;Normal;;
oho;irse;Verbo;Normal;;
oikekuaáva;transversal;Adjetivo;Normal;;
oikeramóva;aprendiz;Substantivo;Normal;;
oikereíva;y s. intruso;Adjetivo;Normal;;
oiko% asy;incómodo;Adjetivo;Normal;;
oikoporãva;bien hecho;Adjetivo;Normal;;
oikoreíva;ocioso;Adjetivo;Normal;;
oikotevẽva;pobre;Adjetivo;Normal;;
oikovéva;habitante;Adjetivo;Normal;;
oikuaaséva;curioso;Adjetivo;Normal;;
oikuaáva;informado;Adjetivo;Normal;;
oikéva;penetrante;Adjetivo;Normal;;
oikóva;suceso;Substantivo;Normal;;
oimbáma;listo, ya está, acabado;Adjetivo;Normal;;
oimehaichagua;cualquier;Adjetivo;Normal;;
oimeháicha;de cualquier manera;Adjetivo;Normal;;
oimehápe;en todas partes, en qualquer lugar;Adjetivo;Normal;;
oimeraëva;cualquiera;Pronome;Normal;;
oimeraẽva;cualquier;Pronome;Normal;;
oiméne;quizá;Adjetivo;Normal;;
oiméva;existente;Adjetivo;Normal;;
oipotapáva;ambicioso;Adjetivo;Normal;;
oiypýva;natural;Adjetivo;Normal;;
ojaha;juntura, ensamble;Substantivo;Normal;;
ojahúva;bañista;Substantivo;Normal;;
ojapoporãva;prolijo;Adjetivo;Normal;;
ojaposetégui;adrede;Adjetivo;Normal;;
ojapóva;ejecutante;Adjetivo;Normal;;
ojasurúva;invasor;Adjetivo;Normal;;
ojavýva;fracasado;Adjetivo;Normal;;
ojayvýva;agachado;Adjetivo;Normal;;
oje'e;se dice, dicen que;Advérbio / Preposição / Conjunção;Normal;;
oje'ói;van, se retiran;Verbo;Normal;;
ojeguerohorýva;agasajado;Adjetivo;Normal;;
ojehayhúva;amado;Adjetivo;Normal;;
ojehechakuaáva;visual;Adjetivo;Normal;;
ojehecháva;visible;Adjetivo;Normal;;
ojehúva;suceso, lo que ocurre;Substantivo;Normal;;
ojei;abierto;Substantivo;Normal;;
ojejapokuaáva;factible;Adjetivo;Normal;;
ojejapóva;engreído;Adjetivo;Normal;;
ojejaʼeʼỹva;odiado;Adjetivo;Normal;;
ojekareíva;frágil;Adjetivo;Normal;;
ojekuaáva;público, conocido, célebre;Adjetivo;Normal;;
ojepokuaáva;habituado, práctico, baqueano;Adjetivo;Normal;;
ojepykuáva;preso, esposado, encadenado;Adjetivo;Normal;;
ojeroviáva;optimista;Adjetivo;Normal;;
ojeréva;que gira;Adjetivo;Normal;;
ojetuʼúva;tenaz;Adjetivo;Normal;;
ojoehe;entre sí;Adjetivo;Normal;;
ojohuguy;consanguíneo;Adjetivo;Normal;;
ojohuguyre;pariente;Substantivo;Normal;;
ojojogua;semejanza;Substantivo;Normal;;
ojojoguáva;similar;Adjetivo;Normal;;
ojojáva;idéntico;Adjetivo;Normal;;
ojopohéi;juntos, acostados;Advérbio / Preposição / Conjunção;Normal;;
ojopýva;que aprieta, opresor;Adjetivo;Normal;;
ojoupe;unos a otros;Adjetivo;Normal;;
ojovái;frente a frente;Advérbio / Preposição / Conjunção;Normal;;
ojoykére;junto, juntos, en colaboración;Adjetivo;Normal;;
ojuavýva;distinto;Adjetivo;Normal;;
ojuehegua;mutua;Adjetivo;Normal;;
ojuehegui;de entre sí;Adjetivo;Normal;;
ojukáva;letal;Adjetivo;Normal;;
ojupíva;trepador;Adjetivo;Normal;;
oka;exterior;Adjetivo;Normal;;
okambúva;mamífero;Adjetivo;Normal;;
okaragua;forastero;Adjetivo;Normal;;
okaraygua;forastero;Adjetivo;Normal;;
okañýva;prófugo;Substantivo;Normal;;
okeʼỹva;insomne;Adjetivo;Normal;;
okyta;pilar;Substantivo;Normal;;
okyveʼỹ;sequía;Substantivo;Normal;;
okápe;afuera;Adjetivo;Normal;;
okára;silvestre;Adjetivo;Normal;;
okẽ;puerta;Substantivo;Normal;;
okẽ arigua;dintel de puerta;Substantivo;Normal;;
oleeʼỹva;analfabeto;Adjetivo;Normal;;
omano'ÿva;inmortal, eterno;Adjetivo;Normal;;
omanóva;muerto, el muerto, difunto;Adjetivo;Normal;;
omañáva;observador;Adjetivo;Normal;;
ombaʼaposéva;laborioso;Adjetivo;Normal;;
ombaʼe;suyo propio;Adjetivo;Normal;;
ombohováiva;oponente;Adjetivo;Normal;;
ombojeréva;circundante;Adjetivo;Normal;;
ombopukuaáva;músico;Substantivo;Normal;;
omboryrýiva;tremebundo;Adjetivo;Normal;;
omboróva;fastidioso;Adjetivo;Normal;;
ombotuicháva;lupa;Substantivo;Normal;;
ombovyʼáva;recreativo;Adjetivo;Normal;;
omboʼéva;docente;Substantivo;Normal;;
ombyasýva;triste;Adjetivo;Normal;;
omendaʼỹva;soltero;Adjetivo;Normal;;
omoherakuäva;pregonero, altavoz, difusor;Substantivo;Normal;;
omoingéva;introductor, importador;Substantivo;Normal;;
omondýiva;horrendo;Adjetivo;Normal;;
omyakãva;caudillo;Substantivo;Normal;;
omyiʼỹva;inmóvil;Adjetivo;Normal;;
ondive;juntos;Adjetivo;Normal;;
opa;todo, termina, se acaba;Adjetivo;Normal;;
opa'ŷva;interminable, infinito, ilimitado;Adjetivo;Normal;;
opaha;límite;Substantivo;Normal;;
opahendárupi;por todas partes;Advérbio / Preposição / Conjunção;Normal;;
opaichagua;múltiple;Adjetivo;Normal;;
opaite;todo;Adjetivo;Normal;;
opamba'e;todos, todo;Pronome;Normal;;
oparupigua;universal;Adjetivo;Normal;;
opavave;todos, toditos;Pronome;Normal;;
opavavenunga;mayoría;Substantivo;Normal;;
opaveʼỹva;eterno;Adjetivo;Normal;;
opaʼãva;trancado;Adjetivo;Normal;;
opaʼỹva;perdurable;Adjetivo;Normal;;
opaʼỹvo;eternamente;Adjetivo;Normal;;
opichoro;bebido, borracho;Adjetivo;Normal;;
opirakambúva;mantenido;Substantivo;Normal;;
opiãva;prófugo;Adjetivo;Normal;;
oporojukáva;letal;Adjetivo;Normal;;
oporomomembýva;matrona;Substantivo;Normal;;
oporomongyhyjéva;tenebroso;Adjetivo;Normal;;
opuʼãva;erguido;Adjetivo;Normal;;
opytaitéva;definitivo;Adjetivo;Normal;;
opytaʼỹva;nómada;Adjetivo;Normal;;
opytáva;parado;Adjetivo;Normal;;
opáicha;de cualquier modo;Adjetivo;Normal;;
opáma;acabó ya (se), fin, se terminó, acabado;Substantivo;Normal;;
opámava;listo;Adjetivo;Normal;;
opárupi;por doquier, por todas partes;Adjetivo;Normal;;
opáva;total;Adjetivo;Normal;;
opáyva;despierto;Adjetivo;Normal;;
opívo;desnudo;Adjetivo;Normal;;
opóvo;en cuatro patas guata o gatear, a gatas, a cuatro patas;Adjetivo;Normal;;
opýri;consigo mismo;Adjetivo;Normal;;
opývo;de pie;Adjetivo;Normal;;
ore;nos;Pronome;Normal;;
orehegui;de nosotros;Pronome;Normal;;
oremba'e;lo nuestro;Pronome;Normal;;
orembaʼe;nuestro;Pronome;Normal;;
oryrýiva;tembleque;Adjetivo;Normal;;
oré;nosotros;Pronome;Normal;;
oréicha;como nosotros;Pronome;Normal;;
oréma;nos toca;Pronome;Normal;;
oréve;le;Pronome;Normal;;
osaingóva;colgante;Adjetivo;Normal;;
osoro;roto (está);Substantivo;Normal;;
osóva;suelto;Adjetivo;Normal;;
osẽva;saliente;Adjetivo;Normal;;
oteʼõva;muerto;Adjetivo;Normal;;
otyryrýva;reptil;Substantivo;Normal;;
otĩo;de nariz;Adjetivo;Normal;;
otĩva;tímido;Adjetivo;Normal;;
otĩʼỹva;cínico;Adjetivo;Normal;;
ou;venir;Verbo;Normal;;
ovaléva;valioso;Adjetivo;Normal;;
ovameméva;nómada;Substantivo;Normal;;
ovapývo;al revés;Adjetivo;Normal;;
ovaváva;oscilante;Adjetivo;Normal;;
ovayvávo;en decúbito dorsal;Adjetivo;Normal;;
ovaʼỹ;fijo;Adjetivo;Normal;;
ovecha;oveja;Substantivo;Normal;;
ovechara;lana;Substantivo;Normal;;
ovecharague;lana;Substantivo;Normal;;
ovecharaʼy;cordero;Substantivo;Normal;;
overáva;brillante;Adjetivo;Normal;;
ovetã;ventana;Substantivo;Normal;;
ovetãʼi;ventanilla;Substantivo;Normal;;
ovevéva;volátil;Adjetivo;Normal;;
ovevúiva;flotante;Adjetivo;Normal;;
ovoñanga;fábrica;Substantivo;Normal;;
ovyʼáva;gozoso;Adjetivo;Normal;;
ováva;contagioso;Adjetivo;Normal;;
ovúva;pedante;Adjetivo;Normal;;
oykévo;de costado;Adjetivo;Normal;;
oïháicha;todos;Pronome;Normal;;
oñe'ëva;orador, conferenciante;Substantivo;Normal;;
oñehẽha;vertiente;Substantivo;Normal;;
oñembojaʼokuaáva;divisible;Adjetivo;Normal;;
oñemboty;cerrado (está);Adjetivo;Normal;;
oñemboʼýva;parado;Adjetivo;Normal;;
oñemoĩva;puesto;Adjetivo;Normal;;
oñokuäre;de las manos, agarrados;Advérbio / Preposição / Conjunção;Normal;;
oñondive;juntos, mutuamente;Adjetivo;Normal;;
oñondivéva;grupal;Adjetivo;Normal;;
oñopehẽngue;consanguíneos;Adjetivo;Normal;;
oñoñeʼẽ;acuerdo;Substantivo;Normal;;
oñoñeʼẽme;unánimemente;Adjetivo;Normal;;
oútava;venidero;Adjetivo;Normal;;
oúva;proveniente;Adjetivo;Normal;;
oĩ;haber;Verbo;Normal;;
oĩma;listo (está);Adjetivo;Normal;;
oĩmbaʼỹ;defectuoso;Adjetivo;Normal;;
oĩmbáva;perfecto;Adjetivo;Normal;;
oĩreíva;inútil;Adjetivo;Normal;;
oĩʼỹva;inexistente;Adjetivo;Normal;;
pa;acabarse;Verbo;Normal;;
paapy;trece;Numeral;Normal;;
paaryjere;década;Substantivo;Normal;;
paga;pagar;Verbo;Normal;;
pague;terminado;Adjetivo;Normal;;
paha;último;Adjetivo;Normal;;
paha% mboyvegua;penúltimo;Adjetivo;Normal;;
pahague;extremo;Substantivo;Normal;;
pahápe;finalmente;Adjetivo;Normal;;
paite;global;Adjetivo;Normal;;
paje;hechicería;Substantivo;Normal;;
pajeʼo;desencantar;Verbo;Normal;;
pakova;banana;Substantivo;Normal;;
pakovakuã;plátano;Substantivo;Normal;;
pakovaty;bananal, plantación de bananos;Substantivo;Normal;;
pakovaʼa;banana;Substantivo;Normal;;
pakéte;bien vestido;Adjetivo;Normal;;
pakõi;doce;Adjetivo;Normal;;
pama;infectarse;Verbo;Normal;;
panambi;mariposa, panambi;Substantivo;Normal;;
pane;malogrado;Adjetivo;Normal;;
papa;contar, enumerar, calcular;Verbo;Normal;;
papagua;numeral;Adjetivo;Normal;;
papaha;número, contador;Substantivo;Normal;;
papahára;contador;Substantivo;Normal;;
papapy;número, contado, cifra;Substantivo;Normal;;
papapykuaa;matemática;Adjetivo;Normal;;
papapyre;numerado;Adjetivo;Normal;;
papapýva;numeral;Adjetivo;Normal;;
papaʼỹ;cero;Substantivo;Normal;;
papo;quince;Adjetivo;Normal;;
papoapy;dieciocho;Numeral;Normal;;
papokõi;diecisiete;Numeral;Normal;;
paporundy;diecinueve;Numeral;Normal;;
papotẽi;dieciséis;Numeral;Normal;;
papyeta;plural;Substantivo;Normal;;
papára;numeral;Adjetivo;Normal;;
para;apostar, matizado, abigarrado, overo;Verbo;Normal;;
para% rehegua;marino;Substantivo;Normal;;
para'i;color grisáceo;Adjetivo;Normal;;
paragua;corona, paragua;Substantivo;Normal;;
paraguaigua;paraguayo;Adjetivo;Normal;;
paraguasu;océano;Substantivo;Normal;;
paraipyete;golfo;Substantivo;Normal;;
parana;río caudaloso, mar, parana;Substantivo;Normal;;
parapa;multicolor, overo, pecoso;Adjetivo;Normal;;
parapaha;estuario;Substantivo;Normal;;
parapyte;golfo;Substantivo;Normal;;
pararã;ruido (hacer);Substantivo;Normal;;
pararä;ruido fuerte, estrépito;Substantivo;Normal;;
paray;mar;Substantivo;Normal;;
pareha;mensajero;Substantivo;Normal;;
parehegua;década;Substantivo;Normal;;
parral;parra;Substantivo;Normal;;
parralty;viña;Substantivo;Normal;;
parto;parto;Substantivo;Normal;;
parundy;catorce;Adjetivo;Normal;;
paráda;ostentoso;Adjetivo;Normal;;
parĩ;cojo;Adjetivo;Normal;;
pastel;empanada;Substantivo;Normal;;
pasu;hundirse en el lodo;Verbo;Normal;;
pateĩ;once;Adjetivo;Normal;;
patuka;golpear la ropa al lavarla, aporrear, golpear, machucar;Verbo;Normal;;
patula;remo;Substantivo;Normal;;
patĩ;pálido;Adjetivo;Normal;;
paveʼỹ;inacabable;Adjetivo;Normal;;
paveʼỹme;sin fin;Adjetivo;Normal;;
pavẽ;público;Adjetivo;Normal;;
paíno;padrino;Substantivo;Normal;;
paʼi;cura;Substantivo;Normal;;
paʼirã;seminarista;Substantivo;Normal;;
paʼã;depender;Verbo;Normal;;
paʼũ;paso;Substantivo;Normal;;
paʼũmegua;intermedio;Adjetivo;Normal;;
paʼỹre;sin fin;Adjetivo;Normal;;
pe;vosotros;Pronome;Normal;;
pegua;de;Advérbio / Preposição / Conjunção;Normal;;
pehenguekuéra;familia;Substantivo;Normal;;
pehẽ;trozo;Substantivo;Normal;;
pehẽngue;sección;Substantivo;Normal;;
pehẽnguemi;pizca;Substantivo;Normal;;
pehẽngueʼi;partícula;Substantivo;Normal;;
pehẽnguére;parcialmente;Adjetivo;Normal;;
pehẽnguéva;parcial;Adjetivo;Normal;;
pehẽʼa;filo;Substantivo;Normal;;
pehẽʼaty;mosaico;Substantivo;Normal;;
pehẽʼã;seccionar;Verbo;Normal;;
pehẽʼãmbyre;fraccionado;Adjetivo;Normal;;
peichagua;de esta clase;Adjetivo;Normal;;
peju;ventilar;Verbo;Normal;;
pejuha;abanico;Substantivo;Normal;;
peka;hojear;Verbo;Normal;;
pekue;anchura;Substantivo;Normal;;
peky;inmaduro;Adjetivo;Normal;;
pekõi;mellizo;Adjetivo;Normal;;
pena;preocuparse;Verbo;Normal;;
penarã;rótula;Substantivo;Normal;;
pende;os;Pronome;Normal;;
penembaʼe;vuestro;Pronome;Normal;;
pepe;aletear;Verbo;Normal;;
pepete;ahí mismo;Adjetivo;Normal;;
pepi;descubrir(se);Substantivo;Normal;;
pepire;invitar;Verbo;Normal;;
pepiru;invitar;Verbo;Normal;;
pepirũ;invitar;Verbo;Normal;;
pepo;ala;Substantivo;Normal;;
pepoʼa;alicaído;Adjetivo;Normal;;
pepoʼatã;aeronave;Substantivo;Normal;;
pepoʼatãrupa;aeropuerto;Substantivo;Normal;;
pepy;encorvar;Verbo;Normal;;
pepyhara;enderezar;Verbo;Normal;;
perere;latir rítmicamente;Verbo;Normal;;
pererï;delgado, fino;Adjetivo;Normal;;
pererĩ;tenue;Adjetivo;Normal;;
perevy;bazo;Substantivo;Normal;;
perõ;raso;Adjetivo;Normal;;
perö;pelado, calvo, perö;Adjetivo;Normal;;
pesu;balanza;Substantivo;Normal;;
pesẽngue;pedazo;Substantivo;Normal;;
pesẽʼã;partir;Verbo;Normal;;
pete;golpear, palmada, pegar, abofetear;Verbo;Normal;;
peteîha;primero;Numeral;Normal;;
peteï;uno;Numeral;Normal;;
peteï jevy;una vez;Advérbio / Preposição / Conjunção;Normal;;
peteïcha;igual, lo mismo;Adjetivo;Normal;;
peteĩ;uno;Pronome;Normal;;
peteĩcha;lo mismo;Adjetivo;Normal;;
peteĩchagua;uniforme;Adjetivo;Normal;;
peteĩha;primero;Adjetivo;Normal;;
peteĩnte;unico;Adjetivo;Normal;;
peteĩteĩ;uno a uno;Adjetivo;Normal;;
peteĩteĩme;individual;Adjetivo;Normal;;
petÿ;tabaco, petÿ;Substantivo;Normal;;
petÿndy;tabacal;Substantivo;Normal;;
petÿsu'u;mascar tabaco;Verbo;Normal;;
petỹ;tabaco;Substantivo;Normal;;
peu;yerno;Substantivo;Normal;;
peve;hasta;Advérbio / Preposição / Conjunção;Normal;;
pevu;abrir;Verbo;Normal;;
peʼa;privar;Verbo;Normal;;
peʼaha;abridor;Substantivo;Normal;;
peʼajey;reabrir;Verbo;Normal;;
peʼapyre;destituido;Adjetivo;Normal;;
peʼo;sacar un pedazo;Verbo;Normal;;
peẽ;vosotros;Pronome;Normal;;
peẽme;os;Pronome;Normal;;
pi;extinguirse;Verbo;Normal;;
pia;virar;Verbo;Normal;;
picha;abatatar;Verbo;Normal;;
pichaʼĩ;enrulado;Adjetivo;Normal;;
pichochõ;enrulado;Adjetivo;Normal;;
pichoro;medio borracho;Substantivo;Normal;;
pichy;refregar;Verbo;Normal;;
pichyhára;masajista;Substantivo;Normal;;
pichãi;pinchar;Verbo;Normal;;
piguy;achisparse;Verbo;Normal;;
pihotéro;tacaño;Substantivo;Normal;;
pijoha;malestar;Substantivo;Normal;;
pijy;remolón;Adjetivo;Normal;;
pika;pinzar;Verbo;Normal;;
piky;sardina;Substantivo;Normal;;
pilaʼi;desganado;Adjetivo;Normal;;
pimboi;despellejar;Verbo;Normal;;
pinda;anzuelo;Substantivo;Normal;;
pindo;palma;Substantivo;Normal;;
pindo joguaha;dátil;Substantivo;Normal;;
pini;peca;Substantivo;Normal;;
pipi;irritarse;Verbo;Normal;;
pipo;supuestamente;Adjetivo;Normal;;
pira pepo;aleta de pez;Substantivo;Normal;;
piraju;dorado;Substantivo;Normal;;
pirakutu;pescar;Verbo;Normal;;
pirakutuha;pescador;Substantivo;Normal;;
pirapire;moneda;Substantivo;Normal;;
piraʼi;sardina;Substantivo;Normal;;
pire;piel;Substantivo;Normal;;
pireguy;subcutáneo;Adjetivo;Normal;;
pireja;indolente;Adjetivo;Normal;;
pirejy;insensible;Adjetivo;Normal;;
pirekue;pellejo;Substantivo;Normal;;
pirekã;enjuto;Adjetivo;Normal;;
pirepererĩ;membrana;Substantivo;Normal;;
pireporã;de buen humor;Adjetivo;Normal;;
pirevai;malhumorado;Adjetivo;Normal;;
pireʼandu;táctil;Adjetivo;Normal;;
pireʼape;escama;Substantivo;Normal;;
pireʼo;desollar;Verbo;Normal;;
piri;junco;Substantivo;Normal;;
piriri;chisporrotear;Verbo;Normal;;
pirity;juncal;Substantivo;Normal;;
pirivevýi;junco;Substantivo;Normal;;
piro;descortezar;Verbo;Normal;;
piropyre;desollado;Adjetivo;Normal;;
piroʼy;cómodo;Adjetivo;Normal;;
piroʼyha;refresco;Substantivo;Normal;;
piroʼysã;fresco;Adjetivo;Normal;;
piru;marchitarse;Verbo;Normal;;
piruchĩ;raquítico;Adjetivo;Normal;;
piruʼa;ampolla;Substantivo;Normal;;
pirĩ;estremecerse;Verbo;Normal;;
pirĩmba;horrorizado;Adjetivo;Normal;;
pita;fumar;Verbo;Normal;;
pitarã;cigarrillo;Substantivo;Normal;;
pitarãʼi;cigarrillo;Substantivo;Normal;;
pitikiri´i;riñón;Substantivo;Normal;;
pitikiriʼi;riñón;Substantivo;Normal;;
pitikiriʼigua;renal;Adjetivo;Normal;;
pititi;moteado;Adjetivo;Normal;;
pitogue;benteveo, bicho feo (ave);Substantivo;Normal;;
pituva;inhábil;Adjetivo;Normal;;
piã;huir;Verbo;Normal;;
planeta;planeta;Substantivo;Normal;;
plástico;plástico;Substantivo;Normal;;
plãchea;planchar;Verbo;Normal;;
plíki;pequeño;Adjetivo;Normal;;
po;saltar;Verbo;Normal;;
po ao;guante;Substantivo;Normal;;
po arajere;lustro;Substantivo;Normal;;
po moporãha;manicura;Substantivo;Normal;;
po ryru;guante;Substantivo;Normal;;
po% arajere;lustro;Substantivo;Normal;;
po'a;suerte, fortuna, dicha;Substantivo;Normal;;
po'i;delgado, estrecho, angosto;Adjetivo;Normal;;
po'o;coger, destetar, tomar;Verbo;Normal;;
po'ë;meter la mano;Verbo;Normal;;
poandu;visitar;Verbo;Normal;;
poapuʼa;puño;Substantivo;Normal;;
poapy;ocho;Adjetivo;Normal;;
poapyha;octavo;Adjetivo;Normal;;
poapyhováva;octaedro;Substantivo;Normal;;
poapypa;ochenta;Adjetivo;Normal;;
poarajere;lustro;Substantivo;Normal;;
poasu;zurdo;Adjetivo;Normal;;
pochy;enojo;Substantivo;Normal;;
pochyjera;perdonar;Verbo;Normal;;
pochyrei;renegar;Verbo;Normal;;
pochyreíva;nervioso;Adjetivo;Normal;;
pochyʼỹ;paciencia;Adjetivo;Normal;;
poeja;escaparse de entre las manos;Verbo;Normal;;
poekýi;deshilachado;Adjetivo;Normal;;
poepy;premiar;Verbo;Normal;;
poguapy;constante;Adjetivo;Normal;;
poguasu;grueso;Adjetivo;Normal;;
poguasuke;grosor;Substantivo;Normal;;
poguy;mando;Substantivo;Normal;;
poguyguy;buscar;Verbo;Normal;;
poguyguáva;subalterno;Adjetivo;Normal;;
poguypegua;subalterno;Substantivo;Normal;;
poguypópe;yugo;Substantivo;Normal;;
poguyrõ;escabullirse;Verbo;Normal;;
poguyrõhára;traidor;Adjetivo;Normal;;
poguýpe;bajo, bajo el mando de;Advérbio / Preposição / Conjunção;Normal;;
poha;quinto;Substantivo;Normal;;
pohano;sanar;Verbo;Normal;;
pohanoha;medicina;Substantivo;Normal;;
pohanohára;doctor;Substantivo;Normal;;
pohe;buen cocinero;Adjetivo;Normal;;
pohekýi;arrebatar;Verbo;Normal;;
pohyikue;pesa;Substantivo;Normal;;
pohyiraʼaha;balanza;Substantivo;Normal;;
pohã;remedio;Substantivo;Normal;;
pohã mbokuarúva;diurético;Substantivo;Normal;;
pohã ro’ysã;remedio refrescante, yuyo para el agua del tereré;Substantivo;Normal;;
pohã ñana;planta medicinal, hierba curativa;Substantivo;Normal;;
pohãjuka;veneno;Substantivo;Normal;;
pohãkutu;inyección;Substantivo;Normal;;
pohãmano;veneno;Substantivo;Normal;;
pohãngyʼu;anticonceptivo;Substantivo;Normal;;
pohãnohára;médica;Adjetivo;Normal;;
pohãʼỹ;crónico;Adjetivo;Normal;;
pohéi;lavar las manos;Verbo;Normal;;
pohýi;pesado;Adjetivo;Normal;;
poi;dejar caer;Verbo;Normal;;
poipyre;liberado;Adjetivo;Normal;;
poiʼỹ;continuo;Adjetivo;Normal;;
poja;arrimar la mano;Verbo;Normal;;
pojava;rápido;Adjetivo;Normal;;
pojera;generoso;Adjetivo;Normal;;
pojoapy;arma;Substantivo;Normal;;
pojopy;beneficiar;Verbo;Normal;;
pojopói;obsequiar;Verbo;Normal;;
pojái;alargar la mano;Verbo;Normal;;
poka;torcer;Verbo;Normal;;
pokarẽ;fraude;Substantivo;Normal;;
pokarẽme;fraudulentamente;Adjetivo;Normal;;
pokatu;potestad;Substantivo;Normal;;
poko;palpar;Verbo;Normal;;
pokoka;bastón;Substantivo;Normal;;
pokokakuʼi;bacteria;Substantivo;Normal;;
pokovi;cleptómano;Adjetivo;Normal;;
pokua;maniatar;Verbo;Normal;;
pokuaa;encariñar;Verbo;Normal;;
pokuaha;esposar;Verbo;Normal;;
pokyra;cocinero;Substantivo;Normal;;
pokyty;manosear;Verbo;Normal;;
pokã;escasear;Verbo;Normal;;
pokõi;siete. p. sa. setecientos;Adjetivo;Normal;;
pokõiha;séptimo;Adjetivo;Normal;;
pokõipa;setenta;Adjetivo;Normal;;
pomboja;ladrón;Substantivo;Normal;;
pomboty;puño;Substantivo;Normal;;
pombovyʼáva;interesante;Adjetivo;Normal;;
pombéro;duende mitológico protector del bosque;Substantivo;Normal;;
pomombo;derroche;Substantivo;Normal;;
pomombóva;derrochador;Adjetivo;Normal;;
popa;cincuenta;Adjetivo;Normal;;
popaje;milagro;Substantivo;Normal;;
popaʼã;trabar;Verbo;Normal;;
popegua;manual;Adjetivo;Normal;;
popeno;mayúsculo;Adjetivo;Normal;;
popete;palmotear;Verbo;Normal;;
popi;roer;Verbo;Normal;;
popichy;masajear;Verbo;Normal;;
popinda;ladrón;Adjetivo;Normal;;
popo;brincar;Verbo;Normal;;
popore;huella;Substantivo;Normal;;
popuʼa;puño;Substantivo;Normal;;
popy;lado;Substantivo;Normal;;
popyʼỹi;profusamente;Adjetivo;Normal;;
popía;aguijón;Substantivo;Normal;;
popĩa;aguijón;Substantivo;Normal;;
porandu;preguntar;Verbo;Normal;;
poranduhaipy;cuestionario;Substantivo;Normal;;
porandupyrã;adivinanza;Substantivo;Normal;;
porandúva;interrogativo;Adjetivo;Normal;;
poravi;destino;Substantivo;Normal;;
poravo;elegir;Verbo;Normal;;
poravoha;opción;Substantivo;Normal;;
poravokuaa;opción;Substantivo;Normal;;
poravopyre;especial;Adjetivo;Normal;;
pore;marca;Substantivo;Normal;;
poreno;joder;Verbo;Normal;;
porenoséva;lujurioso;Adjetivo;Normal;;
porepy;galardón, recompensa, mérito;Substantivo;Normal;;
poreʼỹ;ausente;Adjetivo;Normal;;
poriahuvereko;apiadarse;Verbo;Normal;;
poriahuverekóva;misericordioso;Adjetivo;Normal;;
poro'o;grande, descomunal, colosal;Adjetivo;Normal;;
poro'u;fornicar;Verbo;Normal;;
poroapo;apreciar;Verbo;Normal;;
poroapytĩ;atar;Verbo;Normal;;
poroguerosapukáiva;pregonero;Substantivo;Normal;;
porogueru;atraer;Verbo;Normal;;
porohayhuʼyva;desamorado;Adjetivo;Normal;;
porohayhúva;cariñoso;Adjetivo;Normal;;
poroheka;provocar;Verbo;Normal;;
porohekáva;pendenciero;Adjetivo;Normal;;
porohupiha;ascensor;Substantivo;Normal;;
porojaʼóva;insultante;Adjetivo;Normal;;
porojokua;comprometer;Verbo;Normal;;
porojuka;matar, asesinar;Verbo;Normal;;
porojukaha;verdugo, matón, asesino, homicida;Substantivo;Normal;;
porojukavai% atýpe;linchar;Verbo;Normal;;
porojukáva;mortal;Adjetivo;Normal;;
porojuvy;ahorcar;Verbo;Normal;;
porojuvyha;verdugo;Substantivo;Normal;;
porokuaa;conocimiento, darse cuenta;Substantivo;Normal;;
porokutu;acuchillar;Verbo;Normal;;
porokuái;gobernar;Verbo;Normal;;
porombo'e;enseñar de oficio;Verbo;Normal;;
porombo'eha;maestro, profesor;Substantivo;Normal;;
poromboekovia;representar;Verbo;Normal;;
porombohyéva;purgante;Adjetivo;Normal;;
porombokuaapy;publicación;Substantivo;Normal;;
porombopochy;indignar;Verbo;Normal;;
porombopukáva;reidero;Adjetivo;Normal;;
porombopyʼajeréva;nauseabundo;Adjetivo;Normal;;
porombotavy;trampear;Verbo;Normal;;
porombotavyha;estafador;Adjetivo;Normal;;
porombotavyséva;estafador;Adjetivo;Normal;;
porombovyʼa;alegrar;Verbo;Normal;;
poromboʼe;enseñar;Verbo;Normal;;
porombyajúva;fastidioso;Adjetivo;Normal;;
porombyaíva;nocivo;Adjetivo;Normal;;
poromombaʼapóva;patrón;Substantivo;Normal;;
poromombaʼe;respeto;Substantivo;Normal;;
poromomembyha;partera;Substantivo;Normal;;
poromomembykuáva;abortivo;Adjetivo;Normal;;
poromongarúva;suculento;Adjetivo;Normal;;
poromongyhyjéva;peligroso;Adjetivo;Normal;;
poromongéva;somnífero;Adjetivo;Normal;;
poromotĩva;vergonzoso;Adjetivo;Normal;;
pororeraháva;vehículo;Substantivo;Normal;;
pororo;chisporrotear, crepita, chisporrotea, maíz frito;Verbo;Normal;;
pororupiha;escalera;Substantivo;Normal;;
porosapukái;proclamar;Verbo;Normal;;
porosãmbyhy;reinar;Verbo;Normal;;
poroʼo;grandioso;Adjetivo;Normal;;
poroʼu;fornicar;Verbo;Normal;;
poroʼuha;estafador;Substantivo;Normal;;
portiju;comida, manjar;Substantivo;Normal;;
poru;utilizar, usar, emplear;Verbo;Normal;;
poruha;recurso;Substantivo;Normal;;
poruhára;usuario;Adjetivo;Normal;;
poruka;alquilar, prestar;Verbo;Normal;;
porukapyre;dado en préstamo;Adjetivo;Normal;;
porukái;gobierno;Substantivo;Normal;;
porundy;nueve;Adjetivo;Normal;;
porundyha;noveno;Adjetivo;Normal;;
porundypa;noventa;Adjetivo;Normal;;
poruporã;aprovechar;Verbo;Normal;;
porupyre;gastado;Adjetivo;Normal;;
porupyrã;útil;Adjetivo;Normal;;
poruramo;estrenar;Verbo;Normal;;
poruru;gota;Substantivo;Normal;;
porurãjey;reciclar;Verbo;Normal;;
poruvai;abuso;Substantivo;Normal;;
poryru;guante;Substantivo;Normal;;
poryrýi;mano temblorosa;Substantivo;Normal;;
porã;lindo;Adjetivo;Normal;;
porãhápe;hermosamente;Adjetivo;Normal;;
porãite;excelentemente;Adjetivo;Normal;;
porãngareko;prenderse;Verbo;Normal;;
porãngue;hermosura;Substantivo;Normal;;
porãnguereko;apreciar;Verbo;Normal;;
porãpy;ideal;Adjetivo;Normal;;
porãve;selecto;Adjetivo;Normal;;
posa;quinientos;Adjetivo;Normal;;
posogue;inmenso;Adjetivo;Normal;;
posu'u;atar fuerte;Verbo;Normal;;
pota;desear, querer, ambicionar;Verbo;Normal;;
potaha;pretendiente, postor;Substantivo;Normal;;
potahápe;voluntariamente;Adjetivo;Normal;;
potaite;casi, muy luego, anhelar;Verbo;Normal;;
potaiterei;ansiar;Verbo;Normal;;
potapy;deseo, deseado, apetecido;Substantivo;Normal;;
potapyre;codiciado;Adjetivo;Normal;;
potapyrã;optativo;Adjetivo;Normal;;
potapyrä;envidiable, deseable;Adjetivo;Normal;;
potave;preferir;Verbo;Normal;;
potaʼỹ;indeseado;Adjetivo;Normal;;
potaʼỹme;involuntariamente;Adjetivo;Normal;;
poteïha;sexto;Adjetivo;Normal;;
poteĩ;seis. p. jasykue. semestre;Adjetivo;Normal;;
poteĩha;sexto;Adjetivo;Normal;;
poteĩpa;sesenta;Adjetivo;Normal;;
poteĩsa;seiscientos;Numeral;Normal;;
poti;fallecer, evacuar, defecar, morir, purificar;Verbo;Normal;;
potireko;aseo;Substantivo;Normal;;
poty;florecer, flor;Verbo;Normal;;
poty'o;coger, quitar la flor;Verbo;Normal;;
potyjera;florecer, flor abierta;Verbo;Normal;;
potykuru;capullo, pimpollo;Substantivo;Normal;;
potyʼo;desflorar;Verbo;Normal;;
potái;gancho;Substantivo;Normal;;
potávo;queriendo;Adjetivo;Normal;;
potãi;gancho, arpón pequeño;Substantivo;Normal;;
potĩ;virgen;Adjetivo;Normal;;
potĩngue;pureza;Substantivo;Normal;;
povevúi;ladrón, ratero, ladronzuelo;Adjetivo;Normal;;
povyvy;hurgar, registrar, palpar;Verbo;Normal;;
povã;hilar;Verbo;Normal;;
poyhu;recato, recelo, cortedad, respeto;Substantivo;Normal;;
poyvi;pabellón, bandera, poyvi;Substantivo;Normal;;
poyvi guerahaha;abanderado;Substantivo;Normal;;
poyvi% guerahaha;abanderado;Adjetivo;Normal;;
poñy;gatear;Verbo;Normal;;
poñénte;oeste;Substantivo;Normal;;
poʼa;fortuna;Substantivo;Normal;;
poʼapy;puño;Substantivo;Normal;;
poʼaraʼã;lotería;Substantivo;Normal;;
poʼareka;sortear;Verbo;Normal;;
poʼaʼỹ;infeliz;Adjetivo;Normal;;
poʼi;fino;Adjetivo;Normal;;
poʼikue;estrechez;Substantivo;Normal;;
poʼo;estar destetado;Verbo;Normal;;
poʼẽ;poner la mano;Verbo;Normal;;
poʼỹ;manco;Adjetivo;Normal;;
principado;principado;Substantivo;Normal;;
pu;surgir, sonido, nota musical, ruido;Verbo;Normal;;
pu'aka;ser poderoso, prevalecer, poder;Verbo;Normal;;
pu'ä;levantarse, estar derecho, alzar;Verbo;Normal;;
pu'ÿva;insonoro;Adjetivo;Normal;;
puapy;triptongo;Substantivo;Normal;;
puatarara;inquieto, atolondrado, alocado;Substantivo;Normal;;
puhoe;radio;Substantivo;Normal;;
pujoja;rima;Substantivo;Normal;;
pujojáva;onomatopéyico;Adjetivo;Normal;;
puka;reír, risa;Substantivo;Normal;;
pukaha;hazmerreír, que ríe, bromista;Substantivo;Normal;;
pukapo;soltar la risa;Verbo;Normal;;
pukarã;chistoso;Adjetivo;Normal;;
pukasoro;carcajada;Substantivo;Normal;;
pukavy;sonreír, sonrisa;Substantivo;Normal;;
puku;largamente, largo, alto, duradero;Adjetivo;Normal;;
pukukue;longitud;Substantivo;Normal;;
pukukueraʼã;metro;Substantivo;Normal;;
pukõi;diptongo;Substantivo;Normal;;
pumbyry;teléfono;Substantivo;Normal;;
pumbyrymýi;celular;Adjetivo;Normal;;
pundie;consonante;Substantivo;Normal;;
pundiekõi;dígrafo;Substantivo;Normal;;
punga;indigestión, diarrea, estar empachado;Substantivo;Normal;;
pupu;hervir, ebullición, bullir;Verbo;Normal;;
pupupyre;hervido;Adjetivo;Normal;;
puraheihára;músico;Substantivo;Normal;;
purahéi;cantar, canto, canción;Verbo;Normal;;
pureko;tonada;Substantivo;Normal;;
puru;utilizar, usar, emplear;Verbo;Normal;;
puru'a;prenez, embarazada;Substantivo;Normal;;
puru'asä;cordón umbilical;Substantivo;Normal;;
puru'ä;ombligo, medio centro;Substantivo;Normal;;
puruha;sustituto;Substantivo;Normal;;
purupyre;gastado;Adjetivo;Normal;;
pururã;util;Adjetivo;Normal;;
pururü;crujir, crujido, crepitar;Substantivo;Normal;;
pururũ;crujir;Verbo;Normal;;
puruʼa;embarazada;Adjetivo;Normal;;
puruʼã;ombligo;Substantivo;Normal;;
purãngatu;prosodia;Substantivo;Normal;;
puyvoty;música;Substantivo;Normal;;
puʼae;vocal;Adjetivo;Normal;;
puʼaka;derrotar;Verbo;Normal;;
puʼakaiteve;triunfador;Adjetivo;Normal;;
puʼakapáva;omnipotente;Adjetivo;Normal;;
puʼakave;superar;Verbo;Normal;;
puʼakaʼỹva;impotente;Adjetivo;Normal;;
puʼakáva;victorioso;Adjetivo;Normal;;
puʼã;levantarse;Verbo;Normal;;
puʼãjey;resurgir;Verbo;Normal;;
puʼãpyre;levantado;Adjetivo;Normal;;
puʼãvoi;madrugar;Verbo;Normal;;
pu’aekõi;diptongo;Substantivo;Normal;;
py;espacioso, ancho, pie, achura;Adjetivo;Normal;;
py'a;corazón, entraña, estómago;Substantivo;Normal;;
py'a angata;preocupación, ansia, solicitud;Substantivo;Normal;;
py'aguapy;paz, tranquilidad, sosiego;Substantivo;Normal;;
py'aguasu;valentía, coraje, audacia;Substantivo;Normal;;
py'ahatä;inhumano, cruel, duro, perverso;Adjetivo;Normal;;
py'ahe;tener apetito, hambre;Verbo;Normal;;
py'ahái;agriera, acidez del estómago;Substantivo;Normal;;
py'atutu;taquicardia, palpitación rápida;Substantivo;Normal;;
py'atyai;rencoroso, resentido, odiar;Adjetivo;Normal;;
py'atytýi;tener miedo, asustadizo;Substantivo;Normal;;
py'avai;sentir náuseas, indigestado;Substantivo;Normal;;
py'avu;timpanitis, hinchazón;Substantivo;Normal;;
py'i;pies pequeños;Substantivo;Normal;;
py'ÿi;con frecuencia, frequentemente;Advérbio / Preposição / Conjunção;Normal;;
pyaha;trama, tejer, zurcir, crear;Substantivo;Normal;;
pyahapy;tejido;Substantivo;Normal;;
pyahapyre;tejido;Adjetivo;Normal;;
pyahu;recluta, nuevo, novato, fresco, moderno;Substantivo;Normal;;
pyahuʼo;violar;Verbo;Normal;;
pyahë;gemido, gemir, suspirar;Substantivo;Normal;;
pyahẽ;gemido;Substantivo;Normal;;
pyambu;resollar, ruido de pisada;Verbo;Normal;;
pyandu;presentimiento;Substantivo;Normal;;
pyao;media;Substantivo;Normal;;
pyape;empeine;Substantivo;Normal;;
pyapy;pulso, muñeca;Substantivo;Normal;;
pyapë;uña de la mano, pezuña, garra;Substantivo;Normal;;
pyapë'o;cortarse las uñas;Verbo;Normal;;
pyapëmbuku;uñas largas;Substantivo;Normal;;
pyapẽ;pezuña;Substantivo;Normal;;
pyasy;espíritu profético, fuerte;Substantivo;Normal;;
pyatã;tenso;Adjetivo;Normal;;
pyaʼe;apurarse;Verbo;Normal;;
pyaʼekue;velocidad;Substantivo;Normal;;
pyaʼépe;rápidamente;Adjetivo;Normal;;
pychiʼĩ;reducido;Adjetivo;Normal;;
pychãi;con los pies llenos de piques;Adjetivo;Normal;;
pyenda;base;Substantivo;Normal;;
pyguara;investigar;Verbo;Normal;;
pyguasu;espacioso;Adjetivo;Normal;;
pyhare;por la noche;Adjetivo;Normal;;
pyharegua;nocturno. ver: pombéro;Adjetivo;Normal;;
pyhareguatáva;sonámbulo;Adjetivo;Normal;;
pyharekue;durante la noche;Adjetivo;Normal;;
pyharepegua;nocturno;Adjetivo;Normal;;
pyharepyte;medianoche;Substantivo;Normal;;
pyhareve;mañana;Adjetivo;Normal;;
pyharevegua;matinal;Adjetivo;Normal;;
pyharevekue;durante la mañana;Adjetivo;Normal;;
pyho;resbalar;Verbo;Normal;;
pyhy;coger;Verbo;Normal;;
pyhyha;prensil;Adjetivo;Normal;;
pyhypyre;recibido;Adjetivo;Normal;;
pyhéi;lavar los pies;Verbo;Normal;;
pyhýva;prensil;Adjetivo;Normal;;
pyi;resbalar;Verbo;Normal;;
pyjupiha;peldaño;Substantivo;Normal;;
pykasu;palomo;Substantivo;Normal;;
pykasuʼi;tórtola;Substantivo;Normal;;
pykatu;ancho;Adjetivo;Normal;;
pykaʼi;estrecho;Adjetivo;Normal;;
pykoʼẽ;hondo;Adjetivo;Normal;;
pykua;atar de pies;Verbo;Normal;;
pykuaha;grillo;Substantivo;Normal;;
pykue;anchura;Substantivo;Normal;;
pykuma;zancadilla;Substantivo;Normal;;
pykuévo;a lo ancho;Adjetivo;Normal;;
pykuʼi;tórtola;Substantivo;Normal;;
pykúi;remover;Verbo;Normal;;
pynandi;descalzo;Adjetivo;Normal;;
pyno;peer;Verbo;Normal;;
pynõ;pedar;Verbo;Normal;;
pype;adentro;Advérbio / Preposição / Conjunção;Normal;;
pypegua;interno;Adjetivo;Normal;;
pypo;convexo;Adjetivo;Normal;;
pypore;pista;Substantivo;Normal;;
pyporereka;rastrear;Verbo;Normal;;
pypuku;hondo;Adjetivo;Normal;;
pypy;reprimir;Verbo;Normal;;
pypyte;planta del pie;Substantivo;Normal;;
pyrague;espía;Substantivo;Normal;;
pyropyta;talón;Substantivo;Normal;;
pyru;suceder;Verbo;Normal;;
pyruha;lugarteniente;Substantivo;Normal;;
pyrupiha;escala;Substantivo;Normal;;
pyrusu;vasto;Adjetivo;Normal;;
pyryru;calzado;Substantivo;Normal;;
pyryrỹi;girar;Verbo;Normal;;
pyrũ;vencer;Verbo;Normal;;
pyrũvã;equivocación;Substantivo;Normal;;
pyso;estirar;Verbo;Normal;;
pysopyre;difuso;Adjetivo;Normal;;
pysove;ensanchar;Verbo;Normal;;
pysy;cárcel;Substantivo;Normal;;
pysykuãi;pasar rozando;Verbo;Normal;;
pysyry;patinar;Verbo;Normal;;
pysyryha;patín;Substantivo;Normal;;
pysyrõ;defender;Verbo;Normal;;
pysyrõha;salvavidas;Substantivo;Normal;;
pysyrõmbyre;salvado;Adjetivo;Normal;;
pysyrýi;resbalar;Verbo;Normal;;
pysyrỹi;resbalar;Verbo;Normal;;
pysã;dedo;Substantivo;Normal;;
pysãkangue;juanete;Substantivo;Normal;;
pysãnga;tropezar;Verbo;Normal;;
pysãpe;uña;Substantivo;Normal;;
pyta;pararse;Verbo;Normal;;
pytagua;extranjero;Adjetivo;Normal;;
pytaha;paradero;Substantivo;Normal;;
pytaryrýi;asustarse;Verbo;Normal;;
pytaso;aguantar;Verbo;Normal;;
pytasã;tendón de Aquiles, garrón;Substantivo;Normal;;
pytasãngue;tobillo;Substantivo;Normal;;
pytaũ;morado;Adjetivo;Normal;;
pytaʼi;voluble;Adjetivo;Normal;;
pytaʼỹ;tornadizo;Adjetivo;Normal;;
pyte;chupar;Verbo;Normal;;
pyteha;ventosa;Substantivo;Normal;;
pytimby;penumbra;Substantivo;Normal;;
pytiʼa;pecho;Substantivo;Normal;;
pytiʼachiã;asma;Substantivo;Normal;;
pytiʼu;apestar;Verbo;Normal;;
pytu;soplar;Verbo;Normal;;
pytuho;sofocarse;Verbo;Normal;;
pytuhẽ;respirar;Verbo;Normal;;
pytujoko;contener la respiración;Verbo;Normal;;
pytumby;penumbra;Substantivo;Normal;;
pytupa;expirar;Verbo;Normal;;
pytuʼu;descansar;Verbo;Normal;;
pyty;atorarse;Verbo;Normal;;
pytyvõ;ayudar;Verbo;Normal;;
pytyvõha;ayudante;Substantivo;Normal;;
pytyvõhára;auxiliar;Verbo;Normal;;
pytã;púrpura;Adjetivo;Normal;;
pytãho;morado;Adjetivo;Normal;;
pytãhũ;morado;Adjetivo;Normal;;
pytãngue;grana, carmín, color rojo vivo;Substantivo;Normal;;
pytãngy;rojizo;Adjetivo;Normal;;
pytãrovy;lila;Adjetivo;Normal;;
pytãʼyju;anaranjado;Adjetivo;Normal;;
pytũ;nebuloso;Adjetivo;Normal;;
pytũguýpe;encubiertamente;Adjetivo;Normal;;
pytũhápe;oscuramente;Adjetivo;Normal;;
pytũmby;penumbra;Substantivo;Normal;;
pytũngy;semioscuro;Adjetivo;Normal;;
pyvevúi;ágil de pies, andarín;Adjetivo;Normal;;
pyvoi;patear, patada, puntapié;Verbo;Normal;;
pyvu;revolver;Verbo;Normal;;
pyvã;patituerto;Adjetivo;Normal;;
pyáu;ronco;Adjetivo;Normal;;
pyñuã;tobillo;Substantivo;Normal;;
pyʼa;estómago;Substantivo;Normal;;
pyʼa atõi;impresión;Substantivo;Normal;;
pyʼaguapy;sosegado;Adjetivo;Normal;;
pyʼaguapyʼỹ;inquieto;Adjetivo;Normal;;
pyʼaguapýpe;tranquilamente;Adjetivo;Normal;;
pyʼaguapýva;plácido;Adjetivo;Normal;;
pyʼaguasu;intrépido;Adjetivo;Normal;;
pyʼahatã;rudo;Adjetivo;Normal;;
pyʼaheta;titubear;Verbo;Normal;;
pyʼahetáva;versátil;Adjetivo;Normal;;
pyʼaho;prenderse;Verbo;Normal;;
pyʼajere;náusea;Substantivo;Normal;;
pyʼajoko;merendar;Verbo;Normal;;
pyʼajokorã;merienda;Substantivo;Normal;;
pyʼajopy;afligir;Verbo;Normal;;
pyʼajopyha;preocupación;Substantivo;Normal;;
pyʼajoyvy;traicionar;Verbo;Normal;;
pyʼajoyvýva;traidor;Adjetivo;Normal;;
pyʼaju;cobarde;Adjetivo;Normal;;
pyʼakangy;desfallecer;Verbo;Normal;;
pyʼakoʼõ;odio;Substantivo;Normal;;
pyʼakõi;titubear;Verbo;Normal;;
pyʼamandyju;miedoso;Adjetivo;Normal;;
pyʼamano;desvanecerse;Verbo;Normal;;
pyʼambyaiha;tóxico;Adjetivo;Normal;;
pyʼamirĩ;temer;Verbo;Normal;;
pyʼamokõi;dudar;Verbo;Normal;;
pyʼamongeta;razonar;Verbo;Normal;;
pyʼamyaña;empujar el pecho;Verbo;Normal;;
pyʼanandi;estar en ayunas;Verbo;Normal;;
pyʼangata;perturbado;Adjetivo;Normal;;
pyʼangekói;melancólico;Adjetivo;Normal;;
pyʼaperere;inquietud;Substantivo;Normal;;
pyʼapopo;espantarse;Verbo;Normal;;
pyʼaporã;bondad;Substantivo;Normal;;
pyʼapotĩ;inocente;Adjetivo;Normal;;
pyʼapy;apenar;Verbo;Normal;;
pyʼapytuʼu;calmarse;Verbo;Normal;;
pyʼaraku;fervor;Substantivo;Normal;;
pyʼarasy;resentirse;Verbo;Normal;;
pyʼaraʼã;deseo;Substantivo;Normal;;
pyʼaremói;remordimiento;Substantivo;Normal;;
pyʼareraha;seducir;Verbo;Normal;;
pyʼarerahaha;seductor;Adjetivo;Normal;;
pyʼaro;odiar;Verbo;Normal;;
pyʼaropu;estallársele a uno el corazón;Substantivo;Normal;;
pyʼarory;ventura;Substantivo;Normal;;
pyʼarẽ;odiar;Verbo;Normal;;
pyʼasãngue;diafragma;Substantivo;Normal;;
pyʼatarova;frenético;Adjetivo;Normal;;
pyʼatyai;resentimiento;Substantivo;Normal;;
pyʼatã;convalecencia;Substantivo;Normal;;
pyʼavai;disgustado;Adjetivo;Normal;;
pyʼavaípe;maliciosamente;Adjetivo;Normal;;
pyʼañatõi;presentimiento;Substantivo;Normal;;
pyʼañemongeta;raciocinio;Substantivo;Normal;;
pyʼañopũ;enternecerse;Verbo;Normal;;
pyʼi;angosto;Adjetivo;Normal;;
pyʼỹi;a menudo;Adjetivo;Normal;;
py’andýi;espanto, sobresalto;Substantivo;Normal;;
páila;sartén;Substantivo;Normal;;
pámo;infección;Substantivo;Normal;;
páy;despertar;Verbo;Normal;;
péicha;de ese modo;Adjetivo;Normal;;
pépe;allí, en aquel tiempo, entonces;Adjetivo;Normal;;
péu;pus, materia;Substantivo;Normal;;
póra;duende;Substantivo;Normal;;
pórte;estado;Substantivo;Normal;;
púa;informal, puntiagudo, hierro de trompo, púa;Adjetivo;Normal;;
pýgoto;al revés;Adjetivo;Normal;;
pýra;crudo;Adjetivo;Normal;;
pẽ;romperse (en);Verbo;Normal;;
pẽngue;quebrado;Adjetivo;Normal;;
rabies;rabia;Substantivo;Normal;;
rague;pelo, cabello, pluma, lana;Substantivo;Normal;;
ragẽ;apresurarse;Verbo;Normal;;
raha;portar, llevar, cargar, acarrear;Verbo;Normal;;
rahaha;portador;Substantivo;Normal;;
rahauka;enviar, despachar;Verbo;Normal;;
raimbe;filoso. s. filo;Adjetivo;Normal;;
rairo;muy agrio, agrio;Adjetivo;Normal;;
rairõ;atacar;Verbo;Normal;;
rairõhápe;violentamente;Adjetivo;Normal;;
rairõrei;agresión;Substantivo;Normal;;
rairõʼỹ;inofensivo;Adjetivo;Normal;;
rajy;hija, hija (de un padre);Substantivo;Normal;;
rakamby;horquilla;Substantivo;Normal;;
rakambyjái;abrir las piernas;Verbo;Normal;;
rakaʼe;en aquel tiempo;Adjetivo;Normal;;
rako;vulva;Substantivo;Normal;;
rakuchi;calentura, celo, pasión;Substantivo;Normal;;
rakykuere;pasado;Adjetivo;Normal;;
rakykuerigua;rezagado;Adjetivo;Normal;;
rakã;gajo;Substantivo;Normal;;
rambi;dormitar, adormecer;Verbo;Normal;;
rambosa;desayunar;Verbo;Normal;;
rambosaguã;almuerzo;Substantivo;Normal;;
ramo;reciéntemente;Adjetivo;Normal;;
ramogua;reciente;Adjetivo;Normal;;
ramói;abuelo;Substantivo;Normal;;
rangue;que había de ser y no fue, en vez de, en lugar de;Adjetivo;Normal;;
rapicha;semejante;Substantivo;Normal;;
rapo;arraigar;Verbo;Normal;;
rapykue;atrasarse;Verbo;Normal;;
rapykuere;rastro;Substantivo;Normal;;
rapykuerigua;seguidor;Substantivo;Normal;;
rapykuépe;detrás de, después de;Substantivo;Normal;;
rapykuére;detrás de;Substantivo;Normal;;
rapykuéri;tras, detrás de;Substantivo;Normal;;
rapykuévo;hacia atrás;Adjetivo;Normal;;
rapére;por el camino;Adjetivo;Normal;;
rari;receloso, huidizo, arisco, ágil;Adjetivo;Normal;;
rasa;muy;Adjetivo;Normal;;
raso;agusanarse, agusanado;Verbo;Normal;;
rasy;enfermo, enfermar, estar enfermo, doler;Adjetivo;Normal;;
rasë;llorar, lamentar, quejarse;Verbo;Normal;;
rasẽ;lloroso;Adjetivo;Normal;;
rasẽngy;lloriquear;Verbo;Normal;;
rata;fuego;Substantivo;Normal;;
rataindy;vela, brillar, lucir, candela;Substantivo;Normal;;
ratykue;pulpa;Substantivo;Normal;;
ratĩ;cuerno;Substantivo;Normal;;
ravel;violín;Substantivo;Normal;;
ravichãi;desgreñado;Adjetivo;Normal;;
raviju;velludo;Adjetivo;Normal;;
raviru;blando;Adjetivo;Normal;;
ravẽ;enmohecerse;Verbo;Normal;;
rayhuha;amante;Substantivo;Normal;;
rayhupára;amante;Substantivo;Normal;;
rayhuʼỹ;enemigo;Adjetivo;Normal;;
rañykã;quijada;Substantivo;Normal;;
rañykãguyruru;papera;Substantivo;Normal;;
raʼa;hijo;Substantivo;Normal;;
raʼe;ahora me doy cuenta que;Adjetivo;Normal;;
raʼeve;activo;Adjetivo;Normal;;
raʼo;putrefacto;Adjetivo;Normal;;
raʼy;cachorro;Adjetivo;Normal;;
raʼyanga;ahijado;Substantivo;Normal;;
raʼykue;efecto;Substantivo;Normal;;
raʼymi;pequeñito;Adjetivo;Normal;;
raʼyranga;ahijado;Substantivo;Normal;;
raʼỹi;germen;Substantivo;Normal;;
raẽ;preceder;Verbo;Normal;;
raẽgua;previo;Adjetivo;Normal;;
ra’y;hijo;Substantivo;Normal;;
re;tú;Pronome;Normal;;
rechaserei;curiosidad;Substantivo;Normal;;
rehe;mediante;Advérbio / Preposição / Conjunção;Normal;;
reheʼỹ;sin;Advérbio / Preposição / Conjunção;Normal;;
rei;en vano;Adjetivo;Normal;;
reigua;gratuito;Adjetivo;Normal;;
reihápe;inútilmente;Adjetivo;Normal;;
reindy;hermana menor;Substantivo;Normal;;
reka;búsqueda;Substantivo;Normal;;
reko;mantener;Verbo;Normal;;
rekombyai;damnificar;Verbo;Normal;;
rekorã;reglamento;Substantivo;Normal;;
rekose;ambicionar;Verbo;Normal;;
rekotee;identidad;Substantivo;Normal;;
rekove;tener más;Verbo;Normal;;
rekovia;postizo;Adjetivo;Normal;;
rekécho;presa;Substantivo;Normal;;
rembe;orilla;Substantivo;Normal;;
rembeʼy;ribera;Substantivo;Normal;;
rembiasakue;vida;Substantivo;Normal;;
rembiayhu;querido;Substantivo;Normal;;
rembipota;intención;Substantivo;Normal;;
rembireko;esposa;Substantivo;Normal;;
rembirekorã;novia;Substantivo;Normal;;
rembiʼu;comida;Substantivo;Normal;;
remby;quedar;Verbo;Normal;;
remiandu;sentimiento;Substantivo;Normal;;
remiarirõ;nieto;Substantivo;Normal;;
remimeʼẽ;don;Substantivo;Normal;;
remói;tener comezón;Verbo;Normal;;
rendaʼỹ;desubicado;Adjetivo;Normal;;
rendy;encendido. tata r. llama. ver: tendy;Adjetivo;Normal;;
rendysyry;babear;Verbo;Normal;;
rendápe;junto a;Advérbio / Preposição / Conjunção;Normal;;
renonde;faz;Substantivo;Normal;;
renyhẽ;satisfecho;Adjetivo;Normal;;
renymyʼã;rodilla;Substantivo;Normal;;
repyno;peer;Verbo;Normal;;
reraguapy;firmar;Verbo;Normal;;
rerakuãva;famoso;Adjetivo;Normal;;
rerohory;celebrar;Verbo;Normal;;
rerovaha;contagioso;Adjetivo;Normal;;
reruha;y s. portador;Adjetivo;Normal;;
reruka;hacer traer;Verbo;Normal;;
rerupyre;importado;Adjetivo;Normal;;
resake;somnoliento;Adjetivo;Normal;;
resakuaguyry;marearse;Verbo;Normal;;
resarovy;de ojos claros;Adjetivo;Normal;;
resatĩ;de ojos claros;Adjetivo;Normal;;
resatũ;ciego;Adjetivo;Normal;;
resavi;guiñar;Verbo;Normal;;
resavã;estrábico;Adjetivo;Normal;;
resaysyry;derramar lágrimas;Verbo;Normal;;
resaʼyju;pálido;Adjetivo;Normal;;
resãi;estar sano;Verbo;Normal;;
reta;mucho(s);Adjetivo;Normal;;
rete;cuerpo;Substantivo;Normal;;
retiaʼe;de buen humor;Adjetivo;Normal;;
retyma;pata;Substantivo;Normal;;
retã;de;Advérbio / Preposição / Conjunção;Normal;;
revi;ano;Substantivo;Normal;;
reína;de aspecto imperfectivo usado con verbos de 2da per sing que indica acción prolongada;Adjetivo;Normal;;
reínte;sin razón;Adjetivo;Normal;;
reípe;sin razón;Adjetivo;Normal;;
rire;despu•és;Adjetivo;Normal;;
riregua;siguiente;Adjetivo;Normal;;
riremi;poco después;Adjetivo;Normal;;
ro;nosotros;Pronome;Normal;;
rochichĩ;adular;Verbo;Normal;;
roguahẽ;recibir;Verbo;Normal;;
roguata;hacer caminar;Verbo;Normal;;
rohasẽ;llorar;Verbo;Normal;;
rohory;agasajar;Verbo;Normal;;
roja;acarrear;Verbo;Normal;;
rojaheʼo;lamentar;Verbo;Normal;;
rojere;restituir al lugar de origen;Verbo;Normal;;
rojevy;recobrar;Verbo;Normal;;
rojopói;obsequiar;Verbo;Normal;;
rojy;hacer bajar;Verbo;Normal;;
rokañy;esconder;Verbo;Normal;;
rokirirĩ;no mencionar;Substantivo;Normal;;
rokái;paréntesis;Substantivo;Normal;;
romanduʼa;hacer recordar;Verbo;Normal;;
rombyasy;lamentar;Verbo;Normal;;
ropehýi;tener sueño;Verbo;Normal;;
ropeju;inmaduro;Adjetivo;Normal;;
ropepi;párpado;Substantivo;Normal;;
ropevy;dormitar;Verbo;Normal;;
ropipi;fastidiar;Verbo;Normal;;
ropojái;pasar;Verbo;Normal;;
ropurahéi;ensalzar;Verbo;Normal;;
ropuʼã;levantar;Verbo;Normal;;
ropyhare;pasar la tarde (hacer);Verbo;Normal;;
ropyta;base;Substantivo;Normal;;
ropáy;vigilar;Verbo;Normal;;
rora;salvado;Substantivo;Normal;;
rorakue;salvado;Substantivo;Normal;;
rory;placentero;Adjetivo;Normal;;
rosapukái;vitorear;Verbo;Normal;;
rosã;aguante;Substantivo;Normal;;
rova;transportar;Verbo;Normal;;
rovaja;cuñado;Substantivo;Normal;;
rovake;delante de;Substantivo;Normal;;
rovamokõi;de doble cara;Adjetivo;Normal;;
rovapuku;disgustado;Adjetivo;Normal;;
rovasy;apesadumbrado;Adjetivo;Normal;;
rovayva;levantar la cabeza;Verbo;Normal;;
rovaʼapi;reproche;Substantivo;Normal;;
rovaʼatã;desvergonzado;Adjetivo;Normal;;
rovetã;ventana;Substantivo;Normal;;
rovia;creer;Verbo;Normal;;
roviauka;persuadir;Verbo;Normal;;
roviru;semiseco;Adjetivo;Normal;;
rovu;ensoberbecer;Verbo;Normal;;
rovy;verde;Adjetivo;Normal;;
rovyũ;verde oscuro;Adjetivo;Normal;;
royrõ;desairar;Verbo;Normal;;
roína;de aspecto imperfectivo usado con verbos en 2da per pl que indica acción prolongada;Adjetivo;Normal;;
roʼoʼatã;(de) temple duro;Adjetivo;Normal;;
roʼy;tener frío;Verbo;Normal;;
roʼyrupa;glaciar;Substantivo;Normal;;
roʼyrypyʼa;estar helado;Verbo;Normal;;
roʼysã;fresco;Adjetivo;Normal;;
rrusiañeʼẽ;ruso;Substantivo;Normal;;
ru;presentar;Verbo;Normal;;
ruanga;padrastro;Substantivo;Normal;;
ruguái;rabo, cola, diarrea;Substantivo;Normal;;
rupi;por, mediante, a través de;Advérbio / Preposição / Conjunção;Normal;;
rupi'a;huevo, óvulo;Substantivo;Normal;;
rupive;por causa de;Advérbio / Preposição / Conjunção;Normal;;
rupiʼa;huevo;Substantivo;Normal;;
ruru;edematoso, hincharse, ruru;Adjetivo;Normal;;
ruruka;hacer traer;Verbo;Normal;;
rusu;crecido;Adjetivo;Normal;;
ruvicha;jefe;Substantivo;Normal;;
ruʼã;cima;Substantivo;Normal;;
ry;líquido;Substantivo;Normal;;
ry'ái;hilera, fila, lista, sudor;Substantivo;Normal;;
ryakuã;fragancia;Substantivo;Normal;;
rye;tener diarrea;Verbo;Normal;;
ryeguasu;estar embarazada;Verbo;Normal;;
ryepy;interior;Substantivo;Normal;;
ryguasu;gallina;Substantivo;Normal;;
ryguasu ra'y;pollito;Substantivo;Normal;;
ryguasu rokái;gallinero;Substantivo;Normal;;
ryguasukeha;gallinero;Substantivo;Normal;;
ryguasume;gallo;Substantivo;Normal;;
ryguasurupi'a;huevo de gallina;Substantivo;Normal;;
ryguatã;lleno. ver: tyguatã;Adjetivo;Normal;;
ryke;mi hermana mayor (de una mujer);Substantivo;Normal;;
rykeʼýra;hermano mayor;Substantivo;Normal;;
rykéra;hermana mayor;Substantivo;Normal;;
rymba;ganado, animal doméstico;Substantivo;Normal;;
rypa;agotado;Adjetivo;Normal;;
rypyʼa;congelarse;Verbo;Normal;;
rypyʼareʼẽ;helado;Substantivo;Normal;;
ryru;recipiente;Substantivo;Normal;;
ryrýi;tiritar, temblar, vibrar, sismo;Verbo;Normal;;
rysýi;línea;Substantivo;Normal;;
ryvi;fibra;Substantivo;Normal;;
ryvy;hermano, hermano mayor;Substantivo;Normal;;
ryvýra;hermano menor;Substantivo;Normal;;
ryʼái;transpirar;Verbo;Normal;;
rãi;tener hambre;Verbo;Normal;;
rãimbiti;mostrar los dientes;Verbo;Normal;;
réifu;pomelo;Substantivo;Normal;;
réra;llamarse;Verbo;Normal;;
rõ;cuando;Advérbio / Preposição / Conjunção;Normal;;
rẽ;hediondo. pyʼarẽ. rencoroso;Adjetivo;Normal;;
sa;grano;Substantivo;Normal;;
sacramento;sacramento;Substantivo;Normal;;
sagua'a;arisco, cerril, salvaje;Adjetivo;Normal;;
saguaʼa;rústico;Adjetivo;Normal;;
saguy;reojo;Substantivo;Normal;;
saihovy;vestido azul, bala perdida;Substantivo;Normal;;
saingo;colgado (estar), colgadura, colgante, estar colgado;Adjetivo;Normal;;
saipuku;vestido;Substantivo;Normal;;
saite;vivaracho, arisco, cerril, silvestre;Adjetivo;Normal;;
saiteʼoha;domador;Substantivo;Normal;;
saiteʼopyre;domesticado;Adjetivo;Normal;;
sakandu;de ojos saltones;Adjetivo;Normal;;
sake;palidecer;Verbo;Normal;;
sakoʼi;preparar;Verbo;Normal;;
sakuape;ciego de un ojo;Adjetivo;Normal;;
sakã;tenue;Adjetivo;Normal;;
sakä;transparente, claro, evidente, limpio;Adjetivo;Normal;;
salvia;salvia;Substantivo;Normal;;
samario;samario;Substantivo;Normal;;
sambo;flexible en las articulaciones;Adjetivo;Normal;;
sandia;sandía;Substantivo;Normal;;
sangy;llorón;Adjetivo;Normal;;
santoro;intratable;Adjetivo;Normal;;
santoʼára;cumpleaños;Substantivo;Normal;;
sapara;de ojos verdosos o moteados;Adjetivo;Normal;;
sapatu;zapato;Substantivo;Normal;;
sapatupe;sandalia;Substantivo;Normal;;
sapatupuku;bota;Substantivo;Normal;;
sapatusã;cordón;Substantivo;Normal;;
sapatuñemuha;zapatería;Substantivo;Normal;;
sapatuʼapoha;zapatero;Substantivo;Normal;;
sapikua;bolsa;Substantivo;Normal;;
sapileʼu;legaña;Substantivo;Normal;;
saple;puñetazo;Substantivo;Normal;;
sapukaihápe;gritando;Adjetivo;Normal;;
sapukaijoa;vocerío;Substantivo;Normal;;
sapukái;gritar;Verbo;Normal;;
sapy;entornar los ojos;Verbo;Normal;;
sapymi;entornar los ojos;Verbo;Normal;;
sapyʼa;instantáneamente;Adjetivo;Normal;;
sapyʼagua;fugaz;Adjetivo;Normal;;
sapyʼaitegua;instantáneo;Adjetivo;Normal;;
sapyʼamigua;excepción;Substantivo;Normal;;
sapyʼapyʼa;de vez en cuando;Adjetivo;Normal;;
sapyʼarã;momentáneo;Adjetivo;Normal;;
sapyʼánte;de repente;Adjetivo;Normal;;
sapyʼáva;fortuito;Adjetivo;Normal;;
saraki;juguetear;Verbo;Normal;;
sarambi;esparcirse;Verbo;Normal;;
sarambihápe;desordenadamente;Adjetivo;Normal;;
sarapĩu;sarampión;Substantivo;Normal;;
sarigue;indomable;Adjetivo;Normal;;
sarigueʼo;domar;Verbo;Normal;;
sarigueʼoha;domador;Substantivo;Normal;;
sarigueʼopyre;domesticado;Adjetivo;Normal;;
satĩ;puro;Adjetivo;Normal;;
savana;sábana;Substantivo;Normal;;
savaypo;borrachera;Substantivo;Normal;;
savi;guiño;Substantivo;Normal;;
savã;bizco;Substantivo;Normal;;
sayke;reojo;Substantivo;Normal;;
sayku;legañoso;Adjetivo;Normal;;
saʼary;siglo;Substantivo;Normal;;
saʼi;poco;Adjetivo;Normal;;
saʼiha;detalle;Substantivo;Normal;;
saʼikue;insignificancia;Substantivo;Normal;;
saʼy;color;Substantivo;Normal;;
saʼyju;lívido;Adjetivo;Normal;;
saʼyjuvy;amarillento;Adjetivo;Normal;;
saʼyry;tinta;Substantivo;Normal;;
saʼyʼỹ;incoloro;Adjetivo;Normal;;
serviha;concubina;Substantivo;Normal;;
sevoiry;ajo;Substantivo;Normal;;
sevoʼi;lombriz;Substantivo;Normal;;
sevói;cebolla;Substantivo;Normal;;
simapéna;descuidado;Adjetivo;Normal;;
so;carecer de todo;Verbo;Normal;;
so'o pýra;carne cruda;Substantivo;Normal;;
so'omimói;carne hervida;Substantivo;Normal;;
so'one;carne hedionda, carroña;Substantivo;Normal;;
so'opiru;carne seca, cecina, charqui;Substantivo;Normal;;
so'opyahu;carne fresca;Substantivo;Normal;;
sogue;cortado;Adjetivo;Normal;;
soite;perder todo;Verbo;Normal;;
soka;mazo;Substantivo;Normal;;
sope;ladrón;Adjetivo;Normal;;
soro;estallar;Verbo;Normal;;
sororo;prorrumpir;Verbo;Normal;;
soso;cansado;Adjetivo;Normal;;
sova;amasar;Verbo;Normal;;
soviétiko;soviético;Adjetivo;Normal;;
sovrádo;repisa;Substantivo;Normal;;
soʼo;carne;Substantivo;Normal;;
soʼohesy;asar carne;Verbo;Normal;;
soʼojosopy;cebolla;Substantivo;Normal;;
soʼoʼuha;carnívoro;Adjetivo;Normal;;
so’o josopy;sopa de carne machacada (sóyo);Substantivo;Normal;;
su;mil;Adjetivo;Normal;;
su'u;morder, mascar, masticar;Verbo;Normal;;
sua;millón;Adjetivo;Normal;;
suguy;reservadamente;Adjetivo;Normal;;
suinda;mochuelo;Substantivo;Normal;;
sunu;tronar, resonar, trueno;Verbo;Normal;;
sununu;tronar fuerte o prolongadamente;Verbo;Normal;;
supukukue;kilómetro;Substantivo;Normal;;
suru;meterse sin permiso o con violencia, entrar, allanamiento, invadir;Verbo;Normal;;
sururu;allanar;Verbo;Normal;;
susu;temblar;Verbo;Normal;;
susu'a;forúnculo, nacido, postema;Substantivo;Normal;;
susuʼa;furúnculo;Substantivo;Normal;;
susü;temblor, tiritar, temblar;Verbo;Normal;;
susũ;dar sacudidas;Verbo;Normal;;
suʼu;masticar;Verbo;Normal;;
suʼukue;mordedura;Substantivo;Normal;;
sy;madre;Adjetivo;Normal;;
sy% rehegua;materno;Adjetivo;Normal;;
sy% reko;maternal;Adjetivo;Normal;;
syanga;madrina;Substantivo;Normal;;
sype;azada;Substantivo;Normal;;
syry;fluir;Verbo;Normal;;
syryku;de un trago;Advérbio / Preposição / Conjunção;Normal;;
syrykupyreʼẽ;sorbete;Substantivo;Normal;;
syrymbe;molusco;Substantivo;Normal;;
syryry;deslizarse;Verbo;Normal;;
syrýky;instante;Substantivo;Normal;;
sysýi;tiritar;Verbo;Normal;;
syva;frente;Substantivo;Normal;;
syvapo;frente prominente;Substantivo;Normal;;
syvy;a escondidas;Adjetivo;Normal;;
sái;falda, pollera, saya;Substantivo;Normal;;
sálvia;salvia;Substantivo;Normal;;
sã;soga;Substantivo;Normal;;
sãmbuku;con libertad restringida;Adjetivo;Normal;;
sãmbyhy;regir;Verbo;Normal;;
sãmbyhyha;jefe;Substantivo;Normal;;
sãmbyhyha aty;directorio, consejo directivo;Substantivo;Normal;;
sãmbyky;restringido;Adjetivo;Normal;;
sãso;suelto;Adjetivo;Normal;;
sãsorayhúha;liberal;Adjetivo;Normal;;
sãʼo;soltar;Verbo;Normal;;
sãʼỹ;libre;Adjetivo;Normal;;
sénte;ser egoísta;Verbo;Normal;;
sýky;tirón;Substantivo;Normal;;
sÿi;resbaladizo, liso, lúbrico, afinar;Adjetivo;Normal;;
sẽ;salir;Verbo;Normal;;
sỹi;terso;Adjetivo;Normal;;
ta'anga;figura, imagen, retrato, dibujo;Substantivo;Normal;;
ta'yra\'i;pichón, conjunto de hijos;Substantivo;Normal;;
ta'yrusu;adolescente, cachorro, mozo, joven;Substantivo;Normal;;
ta'ä;medida, metro, balanza;Substantivo;Normal;;
ta'ýra;hijo;Substantivo;Normal;;
taguato;halcón, gavilán;Substantivo;Normal;;
tague;pelo, cabello, lana;Substantivo;Normal;;
tague'o;pelar, desplumar, trasquilar;Verbo;Normal;;
tagueky;vello;Substantivo;Normal;;
tagueʼo;desplumar;Verbo;Normal;;
taguyno;fermento;Substantivo;Normal;;
taguyrõ;erotismo;Substantivo;Normal;;
taguyrö;libido, lascivia, deseo sexual;Substantivo;Normal;;
tagë;prisa, apurarse, urgente;Substantivo;Normal;;
tagẽ;premura;Substantivo;Normal;;
tahachi;soldado;Adjetivo;Normal;;
tahachio;comisaría;Substantivo;Normal;;
tahýi;hormiga;Substantivo;Normal;;
tai;letra;Substantivo;Normal;;
taiky;guión;Substantivo;Normal;;
taipy;escritura;Substantivo;Normal;;
taita;abuelo, padre, taita;Substantivo;Normal;;
taitachu;bisabuelo;Substantivo;Normal;;
taitaguasu;bisabuelo;Substantivo;Normal;;
taity;nido;Substantivo;Normal;;
tajasu;deshonesto, puerco, sucio, jabalí;Adjetivo;Normal;;
tajasu guyra;grulla de monte (ave);Substantivo;Normal;;
taju;fibra;Substantivo;Normal;;
tajy;lapacho, nervio, tendón;Substantivo;Normal;;
tajygue;nervio, tendón;Substantivo;Normal;;
tajyguekuaapy;neurología;Substantivo;Normal;;
tajyjgue;tendón;Substantivo;Normal;;
tajypoty;flor de lapacho, primavera;Substantivo;Normal;;
tajýra;hija (de un padre);Substantivo;Normal;;
takamby;ángulo, horquilla, entrepiernas;Substantivo;Normal;;
takambyapy;triángulo;Substantivo;Normal;;
takambypa’i;entrepiernas;Substantivo;Normal;;
takambyruny;cuadrilátero;Substantivo;Normal;;
takape;garrote;Substantivo;Normal;;
takara'a;molleja, estómago;Substantivo;Normal;;
takara’a;molleja, estómago de aves;Substantivo;Normal;;
takate'ÿ;tacañería, avaricia, mezquindad;Substantivo;Normal;;
takateʼỹ;avaricia;Substantivo;Normal;;
takateʼỹme;mezquinamente;Adjetivo;Normal;;
tako;vagina;Substantivo;Normal;;
tako ruru;bubón, hinchazón inguinal;Substantivo;Normal;;
takokũ;clítoris;Substantivo;Normal;;
takope;hernia inguinal fistulada;Substantivo;Normal;;
takor;vagina;Substantivo;Normal;;
taku;entusiasmo, calor, caloría;Substantivo;Normal;;
takuapi;variedad de bambú de tallo hueco usado para bombillas;Substantivo;Normal;;
takuapu;instrumento musical de bambú;Substantivo;Normal;;
takuare'ẽ;caña dulce;Substantivo;Normal;;
takuare'ẽndy;cañaveral;Substantivo;Normal;;
takuarembo;mimbre;Substantivo;Normal;;
takuareʼẽndy;cañaveral;Substantivo;Normal;;
takuare’ẽ rykue;mosto de caña de azúcar;Substantivo;Normal;;
takuari;variedad de bambú;Substantivo;Normal;;
takuati;variedad de bambú;Substantivo;Normal;;
takuatĩ;caña de castilla;Substantivo;Normal;;
takuavusu;bambú grande, tacuara brava;Substantivo;Normal;;
takuchi;calentura, libido, celo;Substantivo;Normal;;
takuru;termitero, hormiguero;Substantivo;Normal;;
takuvevýi;tibieza;Substantivo;Normal;;
takuvo;ardor, tibio, templado;Substantivo;Normal;;
takuára;bambú, caña, tacuara;Substantivo;Normal;;
taky;embestir, discutir, pelearse, trabarse, atacar;Verbo;Normal;;
takykue;atrás, trasero, posterior;Substantivo;Normal;;
takã;rama;Substantivo;Normal;;
takãʼo;podar;Verbo;Normal;;
talla;criticar;Verbo;Normal;;
tamanakuna;orquídea;Substantivo;Normal;;
tamba;mejillón;Substantivo;Normal;;
tambeypy;ingle;Substantivo;Normal;;
tambo;paciente;Adjetivo;Normal;;
tambu;larvas de gusano;Substantivo;Normal;;
tamoi;antepasado, abuelo, chamán;Substantivo;Normal;;
tamói;chamán;Substantivo;Normal;;
tanimbu;ceniza;Substantivo;Normal;;
tanimbuguy;rescoldo;Substantivo;Normal;;
tanimbury;lejía;Substantivo;Normal;;
tape;calle, camino, modo, vía, ruta;Substantivo;Normal;;
tape yvate;viaducto, puente elevado;Substantivo;Normal;;
tapeatã;ruta;Substantivo;Normal;;
tapejere;circuito;Substantivo;Normal;;
tapembyky;atajo;Substantivo;Normal;;
tapepoʼi;picada;Adjetivo;Normal;;
tapepuku;ruta;Substantivo;Normal;;
tapere;ruina, tapera, casa abandonada;Substantivo;Normal;;
tapereko;vial;Adjetivo;Normal;;
taperyva;cafeto, café;Substantivo;Normal;;
taperã;itinerario;Substantivo;Normal;;
tapesuʼa;chinche;Substantivo;Normal;;
tapi'a;miembro, verga, testículo;Substantivo;Normal;;
tapia;ordinariamente;Adjetivo;Normal;;
tapiagua;frecuente;Substantivo;Normal;;
tapiaguaʼỹ;eventual;Adjetivo;Normal;;
tapicha;persona;Substantivo;Normal;;
tapiti;conejo, liebre;Substantivo;Normal;;
tapiáicha;frecuentemente;Adjetivo;Normal;;
tapo;raíz;Substantivo;Normal;;
tapy;quemazón;Substantivo;Normal;;
tapykue;trasero;Substantivo;Normal;;
tapykuegua;secuencia;Substantivo;Normal;;
tapykuere;pasada;Adjetivo;Normal;;
tapykuerigua;el que está detrás;Adjetivo;Normal;;
tapykuépe;atrás;Adjetivo;Normal;;
tapykuévo;hacia atrás;Adjetivo;Normal;;
tapypa'û;regazo, falda, entrepierna;Substantivo;Normal;;
tapypaʼũ;falda;Substantivo;Normal;;
tapypi;vulva;Substantivo;Normal;;
tapypikũ;clítoris;Substantivo;Normal;;
tapõ;tapón;Substantivo;Normal;;
tapýi;toldo, casita, hogar, cabaña;Substantivo;Normal;;
tapỹi;hogar;Substantivo;Normal;;
tarara;retemblar con estrépito;Verbo;Normal;;
tarave;cucaracha;Substantivo;Normal;;
tarekaja;tortuga;Substantivo;Normal;;
tarova;loco, demente, lunático, demente;Adjetivo;Normal;;
taruma;especie de olivo;Substantivo;Normal;;
tarumaiteʼa;aceituna;Substantivo;Normal;;
taryrýi;codiciar, ávido, avariento, ambicioso;Verbo;Normal;;
taso kuára;gusanera en herida;Substantivo;Normal;;
taso raity;gusanera, nido de gusanos;Substantivo;Normal;;
tasy;dolor;Substantivo;Normal;;
tasykatu;indisposición;Substantivo;Normal;;
tasyo;hospital;Substantivo;Normal;;
tasyópe% jeike;hospitalizar;Verbo;Normal;;
tasyʼỹ;facilidad;Substantivo;Normal;;
tasë;llanto, lloro, gruñido, rugido;Substantivo;Normal;;
tata;brasa, fuego, llama;Substantivo;Normal;;
tata'y;tizón;Substantivo;Normal;;
tataendy;llama;Substantivo;Normal;;
tataindy;vela, lámpara;Substantivo;Normal;;
tatakua;horno;Substantivo;Normal;;
tatambogueha;extintor;Substantivo;Normal;;
tatapiriri;chispa;Substantivo;Normal;;
tatapuʼãʼỹ;argón;Substantivo;Normal;;
tatapýi;lumbre;Substantivo;Normal;;
tatapŷi;brasa, carbón encendido;Substantivo;Normal;;
tatapỹi;lumbre;Substantivo;Normal;;
tatarenda;hornillo;Substantivo;Normal;;
tatarendy;fogata;Substantivo;Normal;;
tatasẽ;volcán;Substantivo;Normal;;
tatatendy;neón;Substantivo;Normal;;
tatati;humo;Substantivo;Normal;;
tatatimbo;humareda;Substantivo;Normal;;
tatatina;neblina;Substantivo;Normal;;
tatatĩ;humo, vapor;Substantivo;Normal;;
tataupa;fogón;Substantivo;Normal;;
tataveve;cohete;Substantivo;Normal;;
tataypy;cocina;Substantivo;Normal;;
tatiʼy;hombro;Substantivo;Normal;;
tatu;armadillo, tatu;Substantivo;Normal;;
tatuáhe;tatuaje;Substantivo;Normal;;
tatypy;mejilla;Substantivo;Normal;;
tatã;fortaleza;Substantivo;Normal;;
tatãgue;dureza;Substantivo;Normal;;
tatãrayhuha;patriota;Adjetivo;Normal;;
tau;duende, mal espíritu, amen;Substantivo;Normal;;
taupéicha;amén;Substantivo;Normal;;
tavagua;urbano;Adjetivo;Normal;;
tavaguasu;capital, ciudad, urbe;Adjetivo;Normal;;
tavahu;vagabundear, vagar, andar sin rumbo;Verbo;Normal;;
tavamoporã;urbanizar;Verbo;Normal;;
tavao;municipalidad;Substantivo;Normal;;
tavapy;barrio;Substantivo;Normal;;
tavarandu;folclore;Substantivo;Normal;;
tavaróga;comuna, municipalidad, alcaldía;Substantivo;Normal;;
tavaygua;provincial;Adjetivo;Normal;;
tavaʼi;distrito;Substantivo;Normal;;
taveʼỹ;páramo;Substantivo;Normal;;
taveỹ;desierto;Substantivo;Normal;;
taviju;vello, bozo, felpa;Substantivo;Normal;;
taviru;hinchazón, blandura, ternura;Substantivo;Normal;;
tavusu;capital;Substantivo;Normal;;
tavy;analfabeto, ignorante, indocto, tonto;Adjetivo;Normal;;
tavyrai;tilingo, idiota, bobo, demente, chiflado;Adjetivo;Normal;;
tavyrõ;tarambana;Adjetivo;Normal;;
tavyʼo;instruir;Verbo;Normal;;
tavẽ;moho;Substantivo;Normal;;
taxón;taxón;Substantivo;Normal;;
tayhu;ternura, amor, caridad, devoción;Substantivo;Normal;;
tayhupápe;atentamente;Adjetivo;Normal;;
tayhupára;amante;Substantivo;Normal;;
tayhuʼỹ;desamor;Substantivo;Normal;;
tañykã;quijada;Substantivo;Normal;;
tañykãpy;barbilla;Substantivo;Normal;;
tañykä;quijada, mandíbula, barbilla, mentón;Substantivo;Normal;;
taʼanga;figura;Substantivo;Normal;;
taʼangaguaʼu;caricatura;Substantivo;Normal;;
taʼangahai;gráfico;Substantivo;Normal;;
taʼangambyry;televisión;Substantivo;Normal;;
taʼangamýi;cine;Substantivo;Normal;;
taʼangarenda;cuadro;Substantivo;Normal;;
taʼangaryru;álbum;Substantivo;Normal;;
taʼangaʼi;estampilla;Substantivo;Normal;;
taʼarõ;espera;Substantivo;Normal;;
taʼo;putrefacción;Substantivo;Normal;;
taʼuvõ;agüero;Substantivo;Normal;;
taʼy;grumo;Substantivo;Normal;;
taʼyra;hijo;Substantivo;Normal;;
taʼyranga;ahijado;Substantivo;Normal;;
taʼã;medida;Substantivo;Normal;;
taʼãha;medidor;Substantivo;Normal;;
taʼãnga;estampa;Substantivo;Normal;;
taʼãngambyry;televisión;Substantivo;Normal;;
taʼãngaʼi;maqueta;Substantivo;Normal;;
taʼýra;vástago;Substantivo;Normal;;
taʼỹi;testículo;Substantivo;Normal;;
taʼỹingue;pepita;Substantivo;Normal;;
ta’ỹi pire;escroto;Substantivo;Normal;;
ta’ỹi ryru;escroto;Substantivo;Normal;;
techa;visitar;Verbo;Normal;;
techaga'u;deseo de ver, añoranza, nostalgia;Substantivo;Normal;;
techagaʼu;extrañar;Verbo;Normal;;
techagi;tolerancia, descuido, negligencia, olvido;Substantivo;Normal;;
techahára;público;Adjetivo;Normal;;
techakuaa;reconocimiento, darse cuenta, inteligencia, compreensão, agradecer;Substantivo;Normal;;
techambyky;miopía;Substantivo;Normal;;
techapy;visto, fue visto, visual;Adjetivo;Normal;;
techapyrã;ejemplo;Substantivo;Normal;;
techapyrä;ejemplo, digno de verse, muestra;Substantivo;Normal;;
techarã;muestra;Substantivo;Normal;;
techase;añoranza;Substantivo;Normal;;
techaserei;curiosidad;Substantivo;Normal;;
techauka;indicación;Substantivo;Normal;;
techaukaha;signo;Substantivo;Normal;;
techaukapy;evidencia;Substantivo;Normal;;
techaukarã;pauta;Substantivo;Normal;;
techavai;angustia;Substantivo;Normal;;
techaʼỹ;ceguera;Substantivo;Normal;;
tee;propio;Adjetivo;Normal;;
teindy;hermana del varón;Substantivo;Normal;;
teju;lagarto;Substantivo;Normal;;
tejujagua;lagarto mitológico con cabeza de perro;Substantivo;Normal;;
tejuruguái;látigo;Substantivo;Normal;;
tejutara;camaleón;Substantivo;Normal;;
teka;búsqueda;Substantivo;Normal;;
tekaka;excremento;Substantivo;Normal;;
tekakapaʼã;estreñimiento;Substantivo;Normal;;
teko;temple;Substantivo;Normal;;
tekoaguyje;perfección;Substantivo;Normal;;
tekoanduha;conciencia;Substantivo;Normal;;
tekoasy;flagelo, pena, sufrimiento, pasión;Substantivo;Normal;;
tekoayhu;amistad;Substantivo;Normal;;
tekoañete;seriedad;Substantivo;Normal;;
tekochauka;teatro;Substantivo;Normal;;
tekochaukahakuaaty;etnología;Substantivo;Normal;;
tekoha;ambiente, morada, pueblo, valle;Adjetivo;Normal;;
tekohagua;regional;Adjetivo;Normal;;
tekohaguasu;colonia;Substantivo;Normal;;
tekohatyai;contaminación;Substantivo;Normal;;
tekohaʼanga;teatro;Substantivo;Normal;;
tekohaʼã;mímica;Substantivo;Normal;;
tekoite;rectitud;Substantivo;Normal;;
tekojoja;equidad, justicia, democracia;Substantivo;Normal;;
tekojoja rerekua;juez de justicia;Substantivo;Normal;;
tekojojaharenda;magistratura;Substantivo;Normal;;
tekokatu;salud;Substantivo;Normal;;
tekokuaa;razón;Substantivo;Normal;;
tekokyra;obesidad;Substantivo;Normal;;
tekomarãngatu;virtud;Substantivo;Normal;;
tekombo'e;educación, crianza, consejo;Substantivo;Normal;;
tekombojojaháva;jurídico;Adjetivo;Normal;;
tekomboʼe;enseñanza;Substantivo;Normal;;
tekomeʼẽva;calificativo;Adjetivo;Normal;;
tekoporã;ética;Adjetivo;Normal;;
tekoporä;vida privilegiada, ética, correcto;Adjetivo;Normal;;
tekopota;honestidad;Substantivo;Normal;;
tekopotĩ;honestidad;Substantivo;Normal;;
tekopuʼã;rebeldía;Substantivo;Normal;;
tekopy;estructura, régimen de vida, conducta, estrutura;Substantivo;Normal;;
tekopyahu;juventud;Substantivo;Normal;;
tekopykuaa;sociología;Substantivo;Normal;;
tekora'ä;imitación, remedo, esboço, parodia;Substantivo;Normal;;
tekoraʼã;parodia;Substantivo;Normal;;
tekorei;vago;Adjetivo;Normal;;
tekoreko;costumbre;Substantivo;Normal;;
tekoresa;corazón;Substantivo;Normal;;
tekorã;fin;Substantivo;Normal;;
tekorä;conducta, ocupación, obligación, norma;Substantivo;Normal;;
tekorä'ÿ;haragán, holgazanería, sin ocupación;Adjetivo;Normal;;
tekosãso;libertad;Substantivo;Normal;;
tekosãʼỹ;libertad;Substantivo;Normal;;
tekotevẽ;necesidad;Substantivo;Normal;;
tekotevẽtéva;indispensable;Adjetivo;Normal;;
tekovai;lacra;Substantivo;Normal;;
tekove;sujeto;Adjetivo;Normal;;
tekove arandu;genio;Substantivo;Normal;;
tekove% rehegua;orgánico;Adjetivo;Normal;;
tekoveaña;tirano;Substantivo;Normal;;
tekovehai;biografía;Substantivo;Normal;;
tekovekuaaty;biología;Substantivo;Normal;;
tekovenandi;vanidad;Substantivo;Normal;;
tekovepuku;longevidad;Substantivo;Normal;;
tekoveʼetaita;biodiversidad;Substantivo;Normal;;
tekovia;relevo;Substantivo;Normal;;
tekoyma;tradición;Substantivo;Normal;;
tekoʼavy;pecado;Substantivo;Normal;;
tekuaihára;gobernante;Substantivo;Normal;;
tekuái;gobierno;Substantivo;Normal;;
tembe;labio, belfo, orilla;Substantivo;Normal;;
tembe'a;labio caído, boquiabierto, estúpido;Substantivo;Normal;;
tembe'y;borde, orilla, ribera, costa, limite;Substantivo;Normal;;
tembejeguaru;repugnancia;Substantivo;Normal;;
temberague;bigote;Substantivo;Normal;;
temberegua;labial;Adjetivo;Normal;;
tembeta;barbote, disco labial;Substantivo;Normal;;
tembetãigua;labiodental;Adjetivo;Normal;;
tembevo;labio partido, leporino;Substantivo;Normal;;
tembevä;labio ladeado, torcido;Substantivo;Normal;;
tembeʼy;borde;Adjetivo;Normal;;
tembeʼy rechaukaha;mojón;Substantivo;Normal;;
tembeʼygua;ribereño;Adjetivo;Normal;;
tembi'u;comida, alimento, manjar, sustento;Substantivo;Normal;;
tembi'uhe;comida rica, prato saboroso, manjar;Substantivo;Normal;;
tembi'upaha;postre, final de la comida;Substantivo;Normal;;
tembi'utýra;pan, mandioca, arroz;Substantivo;Normal;;
tembi'uypy;aperitivo, entremés;Substantivo;Normal;;
tembiapo;obra, trabajo, tarefa, labor;Substantivo;Normal;;
tembiapo guasu;hazaña;Substantivo;Normal;;
tembiapochauka;exposición;Substantivo;Normal;;
tembiapoha;agencia, trabajador, fábrica;Substantivo;Normal;;
tembiapohára;trabajador;Substantivo;Normal;;
tembiapokuaa;oficio;Substantivo;Normal;;
tembiapokue;resultado;Substantivo;Normal;;
tembiapokue jehecha;interventor;Substantivo;Normal;;
tembiaporape;gestión;Substantivo;Normal;;
tembiaporaperã;estrategia;Substantivo;Normal;;
tembiaporepy;sueldo, salario, jornal;Substantivo;Normal;;
tembiaporã;obligación;Substantivo;Normal;;
tembiapoukapy;mandato;Substantivo;Normal;;
tembiapovai;perpetrar;Verbo;Normal;;
tembiasa;pasar, suceso, acontecimento, vida;Substantivo;Normal;;
tembiasaasy;sufrimiento, padecimiento, pasión;Substantivo;Normal;;
tembiasaguaʼu;novela;Substantivo;Normal;;
tembiasakue;historia;Substantivo;Normal;;
tembiasaʼasy;padecimiento;Substantivo;Normal;;
tembiasy;desgracia;Substantivo;Normal;;
tembiasyeta;tragedia;Substantivo;Normal;;
tembiayhu;amor, amante, amigo, carinho;Substantivo;Normal;;
tembiechapy;maravilla;Substantivo;Normal;;
tembiechapyrã;maravilla;Substantivo;Normal;;
tembiecharã;muestra;Substantivo;Normal;;
tembiecharä;camuflaje, simulação, muestra;Substantivo;Normal;;
tembiechauka;exposición;Substantivo;Normal;;
tembiesarái;juego;Substantivo;Normal;;
tembiguaireko;servil;Adjetivo;Normal;;
tembiguái;esclava, sirviente, criado, empregado, servo;Adjetivo;Normal;;
tembihai;escrito;Substantivo;Normal;;
tembijerure;solicitud;Substantivo;Normal;;
tembijoavy;discordancia;Substantivo;Normal;;
tembijogua;compra;Substantivo;Normal;;
tembijohéi;que se lava;Adjetivo;Normal;;
tembijoja;igualdad;Substantivo;Normal;;
tembijokuái;enviado, sirviente, criado, servo;Substantivo;Normal;;
tembikuaa;ciencia, sabedoria;Substantivo;Normal;;
tembikuaahára;científico;Adjetivo;Normal;;
tembikuatia;escrito;Substantivo;Normal;;
tembipe;luz, claridad, reverbero;Substantivo;Normal;;
tembiporavo;elección, selección, escolhida, preferida;Substantivo;Normal;;
tembiporu;utensilio;Substantivo;Normal;;
tembiporu renda;alacena;Substantivo;Normal;;
tembiporuenda;armario;Substantivo;Normal;;
tembipota;anhelar;Verbo;Normal;;
tembipotarei;antojo;Substantivo;Normal;;
tembipu;bomba;Substantivo;Normal;;
tembireka;propósito;Substantivo;Normal;;
tembireko;esposo, esposa, consorte;Substantivo;Normal;;
tembirekorä;novia, prometida;Substantivo;Normal;;
tembirekoveʼỹ;viudo;Substantivo;Normal;;
tembirereko;posesión, propriedade;Substantivo;Normal;;
tembirerukapy;envío, pacote, encomenda;Substantivo;Normal;;
tembiʼeuka;mensaje;Substantivo;Normal;;
tembiʼu;sustento;Substantivo;Normal;;
tembiʼuapo;cocinar;Verbo;Normal;;
tembiʼupyhare;cena;Substantivo;Normal;;
tembiʼurã;víveres;Substantivo;Normal;;
tembiʼuʼapoha;cocinero;Substantivo;Normal;;
tembo;retoño, vástago, falo, pene;Substantivo;Normal;;
tembo akã;glande;Substantivo;Normal;;
tembo apy;glande;Substantivo;Normal;;
temby;resto, resíduo, sobras;Substantivo;Normal;;
tembyre;resto, sobrante, resíduo, saldo;Substantivo;Normal;;
temiandu;sentimiento;Substantivo;Normal;;
temiapytĩ;atadura;Substantivo;Normal;;
temiarirõ;nieto;Substantivo;Normal;;
temikotevẽ;necesidad;Substantivo;Normal;;
temikuaveʼẽ;regalo;Substantivo;Normal;;
temimbo'e;doctrina, disciplina, ensino, aluno;Substantivo;Normal;;
temimbo'ehára;maestro, professor;Substantivo;Normal;;
temimbou;enviado;Substantivo;Normal;;
temimboʼe;alumno;Substantivo;Normal;;
temimbyasy;sentimiento;Substantivo;Normal;;
temimeʼẽ;regalo;Substantivo;Normal;;
temimeʼẽvaʼerã;pagaré;Substantivo;Normal;;
temimondo;enviado;Substantivo;Normal;;
temimoʼã;objetivo;Adjetivo;Normal;;
temiraʼãha;metro;Substantivo;Normal;;
temirendu;audiencia;Substantivo;Normal;;
temirendy;lámpara;Substantivo;Normal;;
temityngue;cosecha;Substantivo;Normal;;
temitỹ;plantación;Substantivo;Normal;;
temitỹhára;agricultor;Substantivo;Normal;;
temitỹndy;huerta;Substantivo;Normal;;
temitỹngue;cosecha;Substantivo;Normal;;
temiñemu;mercadería;Substantivo;Normal;;
temói;picazón, comezón, escozor, picor;Substantivo;Normal;;
tenda;sitio;Substantivo;Normal;;
tendagua;y s. lugareño;Adjetivo;Normal;;
tendaréra;toponimia;Substantivo;Normal;;
tendaʼỹme;fuera de lugar;Adjetivo;Normal;;
tendota;líder, conductor, chefe, caudilho, presidente;Adjetivo;Normal;;
tendu;oído, audición, percepção;Substantivo;Normal;;
tenduha;oyente;Substantivo;Normal;;
tendy;saliva, luz, chama, salivazo;Substantivo;Normal;;
tendyry;electricidad;Substantivo;Normal;;
tendysyry;baba, babear;Substantivo;Normal;;
tendyva;barba, barbear;Substantivo;Normal;;
tendyvaʼo;afeitar;Verbo;Normal;;
tenimbe;catre, cama, leito;Substantivo;Normal;;
tenimbo;hilo, su hilo;Substantivo;Normal;;
tenonde;primogénito, delante, anterior;Adjetivo;Normal;;
tenonde'a;adelantarse, antepor;Verbo;Normal;;
tenondegua;precedente;Adjetivo;Normal;;
tenondekue;primicia;Substantivo;Normal;;
tenonderã;futuro;Adjetivo;Normal;;
tenonderãgua;porvenir;Substantivo;Normal;;
tenondeterã;prioridad;Substantivo;Normal;;
tenondevegua;primordial;Adjetivo;Normal;;
tenondépe;delante;Adjetivo;Normal;;
tenondévo;hacia delante;Adjetivo;Normal;;
tenyhë;plenitud, satisfação, colmo, cheio;Adjetivo;Normal;;
tenyhẽ;satisfacción;Substantivo;Normal;;
tenypy'ä;rodilla, rótula;Substantivo;Normal;;
tenypyʼã;rodilla;Substantivo;Normal;;
tenyvanga;codo;Substantivo;Normal;;
tenói;llamamiento, vocação, chamado, convite;Substantivo;Normal;;
tepoti;excremento, bosta, merda;Substantivo;Normal;;
tepotihýi;ganas de evacuar;Substantivo;Normal;;
tepy;precio, carestia, valor, custo;Substantivo;Normal;;
tepyguejy;rebaja;Substantivo;Normal;;
tepymeʼẽ;paga;Substantivo;Normal;;
tepymeʼẽrã;pagaré;Substantivo;Normal;;
tepyno;pedo, flatulência;Substantivo;Normal;;
tepynombo;flatulência;Substantivo;Normal;;
tera;telar;Substantivo;Normal;;
tera'ÿ;sin nombre, inominado;Adjetivo;Normal;;
teraguapy;firma;Substantivo;Normal;;
teraguaʼu;seudónimo;Adjetivo;Normal;;
terahaha;lleva, transportador;Substantivo;Normal;;
terahai;inscribir;Verbo;Normal;;
teraite;nombre de pila;Substantivo;Normal;;
terajoapy;apellido;Substantivo;Normal;;
terakuatiáre;membrete;Substantivo;Normal;;
terakuã;notable;Adjetivo;Normal;;
terakuãporã;honor;Substantivo;Normal;;
terakuä;fama, rumor, glória;Substantivo;Normal;;
terarangue;pronombre;Substantivo;Normal;;
teraraʼãnga;logotipo;Substantivo;Normal;;
terarenda;rótulo;Substantivo;Normal;;
terarerekoha;tocayo;Substantivo;Normal;;
teraryru;nómina;Substantivo;Normal;;
terarysýi;padrón;Substantivo;Normal;;
teraʼãnga;estatua;Substantivo;Normal;;
terei;intensamente;Adjetivo;Normal;;
terekoha;poseedor;Substantivo;Normal;;
terekose;envidia;Substantivo;Normal;;
terekua;cuidador, encargado, apoderado, tutor;Substantivo;Normal;;
terekuaʼỹ;reverso;Substantivo;Normal;;
terere;mate frío, bebida de yerba mate con agua fría y yuyos, tereré;Substantivo;Normal;;
tero;sustantivo, nome;Substantivo;Normal;;
teroja;adjetivo;Substantivo;Normal;;
terã;o;Advérbio / Preposição / Conjunção;Normal;;
terõ;telón;Substantivo;Normal;;
tesa;ojo, grão, vista;Substantivo;Normal;;
tesa jo’a;anteojos, lentes;Substantivo;Normal;;
tesa pysoha;gafas, anteojos;Substantivo;Normal;;
tesa rasy;glaucoma, dolor de ojos;Substantivo;Normal;;
tesaho;ver por casualidad;Verbo;Normal;;
tesairũ;anteojos;Substantivo;Normal;;
tesaiteʼo;domar;Verbo;Normal;;
tesajajái;parpadeo;Substantivo;Normal;;
tesake;somnolencia;Substantivo;Normal;;
tesakuaguyry;mareo;Substantivo;Normal;;
tesakuape;tuerto;Adjetivo;Normal;;
tesakuare;ojera;Substantivo;Normal;;
tesakã;transparencia;Substantivo;Normal;;
tesakãhápe;claramente;Adjetivo;Normal;;
tesakãme;visiblemente;Adjetivo;Normal;;
tesakãʼỹ;oscuridad;Substantivo;Normal;;
tesangy;llorón;Adjetivo;Normal;;
tesapara;percance;Substantivo;Normal;;
tesape;iluminación;Substantivo;Normal;;
tesapeha;lámpara;Substantivo;Normal;;
tesapeharã;faro;Substantivo;Normal;;
tesapemoñanga;fotosíntesis;Substantivo;Normal;;
tesapeʼa;instrucción;Substantivo;Normal;;
tesapeʼũ;legaña;Substantivo;Normal;;
tesapirĩ;pestañeo;Substantivo;Normal;;
tesapirĩme;instantáneamente;Adjetivo;Normal;;
tesapymi;guiñada de ojo;Substantivo;Normal;;
tesapyso;panorama;Substantivo;Normal;;
tesareko;atención;Substantivo;Normal;;
tesarekohára;óptico;Adjetivo;Normal;;
tesarekokuaahára;oculista;Substantivo;Normal;;
tesarekokuaapy;oftalmología;Substantivo;Normal;;
tesarái;olvido;Substantivo;Normal;;
tesatĩ;transparencia;Substantivo;Normal;;
tesatũ;ceguera;Substantivo;Normal;;
tesavi;pestañeo;Substantivo;Normal;;
tesavã;estrabismo;Substantivo;Normal;;
tesay;lágrima;Substantivo;Normal;;
tesayku;legaña;Substantivo;Normal;;
tesaʼi;guiño;Substantivo;Normal;;
tesaʼyju;palidez;Substantivo;Normal;;
tesaʼã;ausencia;Substantivo;Normal;;
tesaʼỹ;ceguera;Substantivo;Normal;;
tesaʼỹi;pupila;Substantivo;Normal;;
tesãi;salud;Substantivo;Normal;;
tesãijey;restablecer;Verbo;Normal;;
teta;abundancia;Substantivo;Normal;;
tetaguã;nativo;Adjetivo;Normal;;
tetama;patria;Substantivo;Normal;;
tetaʼi;departamento;Substantivo;Normal;;
tete;cuerpo;Substantivo;Normal;;
tetekue;cadáver;Substantivo;Normal;;
tetekuʼe;ejercicio;Substantivo;Normal;;
tetemokangy;relajar;Verbo;Normal;;
tetemýi;ademán;Substantivo;Normal;;
tetepyecha;ecografía;Substantivo;Normal;;
teteraʼãnga;molde;Substantivo;Normal;;
teteraʼãngahai;tomografía;Substantivo;Normal;;
teteñeñangareko;inmunización;Substantivo;Normal;;
teteñeʼẽ;gesto;Substantivo;Normal;;
tetiaʼe;alegría;Substantivo;Normal;;
tetyma;pata;Substantivo;Normal;;
tetymakangue;tibia;Adjetivo;Normal;;
tetymaroʼo;pantorrilla;Substantivo;Normal;;
tetã;nación;Substantivo;Normal;;
tetã ñemongeta;diplomacia;Substantivo;Normal;;
tetãgua;nativo;Adjetivo;Normal;;
tetãmbaʼéva;oficial;Adjetivo;Normal;;
tetãpysokue;territorio;Substantivo;Normal;;
tetãreko;nacionalidad;Substantivo;Normal;;
tetãygua;nacional;Adjetivo;Normal;;
tetã’i;distrito, municipio pequeño;Substantivo;Normal;;
tevi;ano;Substantivo;Normal;;
tevikua;ano;Substantivo;Normal;;
teviro;homosexualidad;Substantivo;Normal;;
teñoiha;yacimiento;Substantivo;Normal;;
teñói;nacer, germen, germinação, botão, nascer;Verbo;Normal;;
teʼise;noción;Substantivo;Normal;;
teʼõ;defunción;Substantivo;Normal;;
teʼõngue;cadáver;Substantivo;Normal;;
teʼõnguety;cementerio;Substantivo;Normal;;
teʼõreko;humedad;Substantivo;Normal;;
teʼýi;clan;Substantivo;Normal;;
te’i;que diga;Substantivo;Normal;;
tieʼỹ;picardía;Adjetivo;Normal;;
tikichuéla;juego de niños;Substantivo;Normal;;
timbe;chato, ñato, nariz aplastada;Adjetivo;Normal;;
timbo;producir humo, vapor, fumaceira, vaho, fumaça;Verbo;Normal;;
timbopa;evaporarse;Verbo;Normal;;
timboʼo;desempolvar;Verbo;Normal;;
tindy;avergonzarse, abatimiento, encogimiento, decaimiento;Verbo;Normal;;
tinguaha;mordaza;Substantivo;Normal;;
tinguasu;picaza, urraca;Substantivo;Normal;;
tini;achicharrar, caliente, está bochornoso;Verbo;Normal;;
tinini;tintinear;Verbo;Normal;;
tio;tío;Substantivo;Normal;;
tipaʼã;resfrío;Substantivo;Normal;;
tiri;relampaguear;Verbo;Normal;;
tiruguy;sangra la nariz, hemorragia nasal;Substantivo;Normal;;
tirísia;ictericia;Substantivo;Normal;;
titi;mama, seno, teta, pacho;Substantivo;Normal;;
tiñe'ẽ;voz nasal;Substantivo;Normal;;
tiñeʼẽ;ganguear;Verbo;Normal;;
to'o;carne, corpulência;Substantivo;Normal;;
to'ysä;frío, fresco;Adjetivo;Normal;;
togue;hoja, página, togue;Substantivo;Normal;;
toguekúi;autumn, caída de las hojas, outono;Substantivo;Normal;;
toguepiru;hoja seca;Substantivo;Normal;;
togueʼa;otoñal;Adjetivo;Normal;;
tokoroʼo;cantar del gallo;Verbo;Normal;;
toky;retoño;Substantivo;Normal;;
toneláda;tonelada;Substantivo;Normal;;
tongea;pegar;Verbo;Normal;;
topa;hallar;Verbo;Normal;;
tope;pétalo;Substantivo;Normal;;
topea;pestaña;Substantivo;Normal;;
topehýi;somnolencia;Substantivo;Normal;;
topepi;párpado;Substantivo;Normal;;
topepireko;orzuelo;Substantivo;Normal;;
topeta;embestir;Verbo;Normal;;
topyta;popa;Substantivo;Normal;;
tororaʼy;novillo;Substantivo;Normal;;
torore;arrullar;Verbo;Normal;;
tororõ;borbollar;Verbo;Normal;;
tory;dicha;Adjetivo;Normal;;
toryja;hazmerreír;Substantivo;Normal;;
toryjára;payaso;Substantivo;Normal;;
torypópe;cordialmente;Adjetivo;Normal;;
tova;cara;Adjetivo;Normal;;
tova% rehegua;facial;Adjetivo;Normal;;
tovachaʼĩ;mueca;Substantivo;Normal;;
tovaja;cuñado;Substantivo;Normal;;
tovajepete;bofetada;Substantivo;Normal;;
tovamegua;mueca;Substantivo;Normal;;
tovameguã;traidor;Adjetivo;Normal;;
tovamokõi;falsear;Verbo;Normal;;
tovapete;bofetada;Substantivo;Normal;;
tovapire;cutis;Substantivo;Normal;;
tovaraʼãnga;máscara;Substantivo;Normal;;
tovasa;bendición;Substantivo;Normal;;
tovasy;seriedad;Substantivo;Normal;;
tovatavy;bobo;Adjetivo;Normal;;
tovatĩ;caolín;Substantivo;Normal;;
tovayke;mejilla;Substantivo;Normal;;
tovaʼatã;resuelto;Adjetivo;Normal;;
tovaʼatãme;osadamente;Adjetivo;Normal;;
tove;no;Adjetivo;Normal;;
toviru;hojarasca;Substantivo;Normal;;
tovy;verdor;Substantivo;Normal;;
tovykã;fibra;Substantivo;Normal;;
tovyũ;verde;Substantivo;Normal;;
továi;enfrente;Adjetivo;Normal;;
toʼo;corpulencia;Substantivo;Normal;;
toʼysã;fresco;Adjetivo;Normal;;
tractor;tractor;Substantivo;Normal;;
tu'u;trabarse, insistir, tos, tenaz;Verbo;Normal;;
tu'ä;cima, cumbre, copa;Substantivo;Normal;;
tu'ä'o;desmochar, podar;Verbo;Normal;;
tu'ï;cotorra, loro;Substantivo;Normal;;
tuanga;padrino;Substantivo;Normal;;
tugua;rincón, fondo, hondura;Substantivo;Normal;;
tugua'ÿ;sin fondo, abismo, sima;Substantivo;Normal;;
tuguai'o;cortar la cola;Verbo;Normal;;
tuguaimbovava;coleteo;Substantivo;Normal;;
tuguaipo'i;diarrea;Substantivo;Normal;;
tuguaipoʼi;diarrea;Substantivo;Normal;;
tuguare;resto;Substantivo;Normal;;
tuguaʼỹ;abismo;Substantivo;Normal;;
tuguy;sangre;Substantivo;Normal;;
tuguyho;inquietud;Substantivo;Normal;;
tuguykangy;anemia;Substantivo;Normal;;
tuguypytã’i;glóbulo rojo;Substantivo;Normal;;
tuguytĩ;leucocito, glóbulo blanco;Substantivo;Normal;;
tuguyʼi;anemia;Substantivo;Normal;;
tuguyʼuha;parásito;Adjetivo;Normal;;
tuguái;cola, rabo, apêndice;Substantivo;Normal;;
tuguái jetapa;variedad de golondrina tijereta;Substantivo;Normal;;
tuguái kapi'i;cola de paja;Substantivo;Normal;;
tuguáijetapa;tijereta, andorinha;Substantivo;Normal;;
tuicha;mucho, grande, muito, grão;Adjetivo;Normal;;
tuichahápe;grandemente;Adjetivo;Normal;;
tuichaite;voluminoso;Adjetivo;Normal;;
tuichaiterei;enorme;Adjetivo;Normal;;
tuichaiteve;el mayor;Adjetivo;Normal;;
tuichaitevéva;máxima;Adjetivo;Normal;;
tuichakue;tamaño;Substantivo;Normal;;
tuichave;superior;Adjetivo;Normal;;
tuicháva;feroz;Adjetivo;Normal;;
tuja;envejecer, viejo, ancião;Verbo;Normal;;
tujakue;vetusto;Adjetivo;Normal;;
tujarekokuaa;geriatría;Substantivo;Normal;;
tuju;podrirse, barro, charco, lodo;Verbo;Normal;;
tujuju;cigüeña, ave;Substantivo;Normal;;
tujukua;pantano;Substantivo;Normal;;
tujupyre;putrefacto;Adjetivo;Normal;;
tujutĩ;caolín;Substantivo;Normal;;
tujuvai;pantanoso;Adjetivo;Normal;;
tuka'ë;tocado, juego de niños;Substantivo;Normal;;
tuka’ẽ;juego infantil, tocado;Substantivo;Normal;;
tuku;saltamontes, langosta;Substantivo;Normal;;
tukumbo;duro, látigo, azote, disciplina, chicote;Adjetivo;Normal;;
tukã;tucán;Substantivo;Normal;;
tukä;tucán, ave;Substantivo;Normal;;
tumby;muslo, lomo, nalga, cadera;Substantivo;Normal;;
tumby'a;mal de cadera, derrengado;Substantivo;Normal;;
tumbyky;cadera, cintura;Substantivo;Normal;;
tumbyrasy;dolor de cadera;Substantivo;Normal;;
tumbyro'o;nalga, asentadera;Substantivo;Normal;;
tumby’a;mal de cadera del ganado;Substantivo;Normal;;
tumi;impalpable;Adjetivo;Normal;;
tumipyre;molido;Adjetivo;Normal;;
tungusu;pulga;Substantivo;Normal;;
tungusuʼo;espulgar;Verbo;Normal;;
tupa;lecho, cama, tupa;Substantivo;Normal;;
tupahoja;colcha;Substantivo;Normal;;
tupaitü;adoración, besar, adorar la cruz;Verbo;Normal;;
tupamba'e;limosna, dízimo, pojopy;Substantivo;Normal;;
tupamba'ejára;limosnero, pordiosero;Substantivo;Normal;;
tupanói;pedir la bendición;Verbo;Normal;;
tupapo;poner o preparar la cama;Verbo;Normal;;
tupara'ä;comulgar, comunhão;Verbo;Normal;;
tupe;bajo;Adjetivo;Normal;;
tupi;dialecto guaraní tupí; indígenas tupí, morocho, língua, tupi;Substantivo;Normal;;
tupi'a;huevo, tupi'a;Substantivo;Normal;;
tupi'amorotïngue;clara de huevo;Substantivo;Normal;;
tupi'apytangue;yema de huevo;Substantivo;Normal;;
tupiʼa;huevo;Substantivo;Normal;;
tupiʼáicha;ovalado;Adjetivo;Normal;;
tupyty;triunfo;Substantivo;Normal;;
tupã;dios;Substantivo;Normal;;
tupã% rehegua;divino;Adjetivo;Normal;;
tupãitu;adoración;Substantivo;Normal;;
tupãitũ;adorar;Verbo;Normal;;
tupãmbaʼe;limosna;Substantivo;Normal;;
tupãmbaʼejára;mendigo;Substantivo;Normal;;
tupão;iglesia;Substantivo;Normal;;
tupãoguasu;catedral;Substantivo;Normal;;
tupãoʼi;capilla;Substantivo;Normal;;
tupãrayhu;devoción;Substantivo;Normal;;
tupãreko;divinidad;Substantivo;Normal;;
tupãrekokuaa;teología;Substantivo;Normal;;
tupãremimbou;ángel;Substantivo;Normal;;
Tupãsy;Madre de Dios, Virgen María;Substantivo;Normal;;
tupä;Dios;Substantivo;Normal;;
tupäo;templo, igreja, casa de Dios, capela;Substantivo;Normal;;
tupäsy;madre de Dios;Substantivo;Normal;;
tupäsy ára;fiesta de la Virgen;Substantivo;Normal;;
turu;cuerno, cornetín de asta vacuna, turu;Substantivo;Normal;;
turuñe'ẽ;silbar, silbo;Verbo;Normal;;
turuñeʼẽ;silbar;Verbo;Normal;;
turuñeʼẽha;pito;Substantivo;Normal;;
tutu;correr;Verbo;Normal;;
tuty;tío materno;Substantivo;Normal;;
tuva'ÿva;huérfano, sin padre;Adjetivo;Normal;;
tuvajarýi;bisabuela paterna;Substantivo;Normal;;
tuvajukaha;parricida;Substantivo;Normal;;
tuvanga;padrastro;Substantivo;Normal;;
tuvaróga;casa paterna;Substantivo;Normal;;
tuva’ỹva;huérfano de padre;Substantivo;Normal;;
tuvicha;grandeza, grande, chefe, superior, autoridade;Substantivo;Normal;;
tuvicha ha’eño;dictador;Substantivo;Normal;;
tuã;cumbre;Substantivo;Normal;;
tuʼu;persistir;Verbo;Normal;;
tuʼã;cima;Substantivo;Normal;;
tuʼãmegua;sublime;Substantivo;Normal;;
tuʼãʼo;la copa o cima;Substantivo;Normal;;
tuʼĩ;cotorra;Substantivo;Normal;;
tu’ũ;blandura;Substantivo;Normal;;
ty;derribar, orina, conjunto de, ty;Verbo;Normal;;
ty'ái;sudor, transpiración, sudar;Substantivo;Normal;;
ty'äi;gancho, garabato, ganzúa, garfio;Substantivo;Normal;;
tyahýi;ganas de orinar;Substantivo;Normal;;
tyai;turbia, turbio, impuro, rencor, vício;Adjetivo;Normal;;
tyakuã;olor;Substantivo;Normal;;
tyakuãvu;perfume;Substantivo;Normal;;
tyakuä;odor, fragrância, aroma, perfume;Substantivo;Normal;;
tyakuävu;aroma, perfume;Substantivo;Normal;;
tyapu;ruido, estrépito, trueno;Substantivo;Normal;;
tyapúpe;ruidosamente;Adjetivo;Normal;;
tyarõ;adulto;Adjetivo;Normal;;
tyarö;maduro, sazonado, adulto;Adjetivo;Normal;;
tyasy;disuria, dificultad para orinar;Substantivo;Normal;;
tye;panza, vientre, tripa, diarreia, barriga;Substantivo;Normal;;
tyechivi;diarreia, colite;Substantivo;Normal;;
tyeguasu;gestación, mondongo, prenhez, gravidez, gorda;Substantivo;Normal;;
tyeguy;abdomen, bajo vientre, abdômen;Substantivo;Normal;;
tyeju;canario;Substantivo;Normal;;
tyekue;entraña, tripas, entranhas;Substantivo;Normal;;
tyekue'o;extirpação, despanzurrar;Verbo;Normal;;
tyekuepo'i;intestino delgado;Substantivo;Normal;;
tyekuesë;hérnia;Substantivo;Normal;;
tyekuesẽ;hernia;Substantivo;Normal;;
tyembovo;abrir el vientre;Verbo;Normal;;
tyeporeʼỹ;abdomen;Substantivo;Normal;;
tyepy;entraña, interior, entranhas;Substantivo;Normal;;
tyepypegua;interno;Adjetivo;Normal;;
tyepýgui;desde el interior;Advérbio / Preposição / Conjunção;Normal;;
tyepýpe;dentro;Adjetivo;Normal;;
tyepývo;al interior;Advérbio / Preposição / Conjunção;Normal;;
tyeraso;tenia, solitária;Substantivo;Normal;;
tyerasy;cólico, colite, cólica, indisposição;Substantivo;Normal;;
tyeruguy;disentería, deposição sanguínea, hemorragia intestinal;Substantivo;Normal;;
tyevu;flatulencia, meteorismo intestinal, flatulência;Substantivo;Normal;;
tygualala;ruidos de las tripas;Substantivo;Normal;;
tyguatã;satisfacción;Substantivo;Normal;;
tyjui'o;sacar la espuma;Verbo;Normal;;
tyjúi;espuma, burbuja nata;Substantivo;Normal;;
tyke;hermana mayor (de una mujer);Substantivo;Normal;;
tyke'y;mi hermano mayor (de un hombre);Substantivo;Normal;;
tyku;fluidez, humedad, mojadura, licor;Substantivo;Normal;;
tykua;cebar (mate), bebida, cebar;Verbo;Normal;;
tykuaha;embudo;Substantivo;Normal;;
tykue;sumo, jugo, zumo, caldo, extrato;Adjetivo;Normal;;
tykue'o;exprimir, sacar el jugo;Verbo;Normal;;
tykuere;zumo extraído, jugo;Substantivo;Normal;;
tyky;gotear, gota;Verbo;Normal;;
tyky'u;sorver;Verbo;Normal;;
tykyre;gota;Substantivo;Normal;;
tymba;animal, mi animal, tymba;Adjetivo;Normal;;
tymba aty;ganadería;Substantivo;Normal;;
tymba pepomokõiva;díptero, insecto de dos alas;Substantivo;Normal;;
tymbajára;ganadero;Adjetivo;Normal;;
tymbaʼapi;caza;Substantivo;Normal;;
tymbaʼapiha;cazador;Substantivo;Normal;;
tymýi;resonar;Verbo;Normal;;
typei;barrer, escoba;Verbo;Normal;;
typeka;remover, escarbar, rebuscar, averiguar;Verbo;Normal;;
typy;hondura;Substantivo;Normal;;
typy'a;coagular, coágulo, hielo, coalho;Substantivo;Normal;;
typy'ü;espesura, espeso;Substantivo;Normal;;
typycha;escoba;Substantivo;Normal;;
typykua;hoyitos en la mejilla;Substantivo;Normal;;
typyraty;afrecho de mandioca, farinha;Substantivo;Normal;;
typyʼa;solidificación;Substantivo;Normal;;
typyʼareʼẽ;helado;Substantivo;Normal;;
typyʼũ;espesura;Substantivo;Normal;;
typói;túnica, camisa de mujer, typói;Substantivo;Normal;;
typýi;riego;Substantivo;Normal;;
tyrape;uretra, conduto de urina;Substantivo;Normal;;
tyre'ÿ;huérfano, desamparado;Adjetivo;Normal;;
tyre'ÿróga;orfanato, asilo;Substantivo;Normal;;
tyreʼỹ;privado de algo;Adjetivo;Normal;;
tyru;vaina, recipiente, envoltorio, envase;Substantivo;Normal;;
tyrukue;recipiente usado;Substantivo;Normal;;
tyryru;vejiga, bacín;Substantivo;Normal;;
tyryrukue;vejiga extirpada;Substantivo;Normal;;
tyryry;arrastrarse, arrastrar;Verbo;Normal;;
tyrä;penacho, copete, tupé;Substantivo;Normal;;
tysyikue;gradación, sucesión ordenada;Substantivo;Normal;;
tysýi;lista, hilera, fila, línea, série;Adjetivo;Normal;;
tytýi;latir, palpitar, tytýi;Verbo;Normal;;
tyvi;filamento;Substantivo;Normal;;
tyvy;fosa;Substantivo;Normal;;
tyvyo;cementerio;Substantivo;Normal;;
tyvyro;sacudir, quitar el polvo;Verbo;Normal;;
tyvyta;ceja, tyvyta;Substantivo;Normal;;
tyvyty;cementerio, sepultura, cemitério;Substantivo;Normal;;
tyʼaivu;sudando;Adjetivo;Normal;;
tyʼái;sudar;Verbo;Normal;;
tyʼãi;gancho;Substantivo;Normal;;
tái;tener hambre, picante, pica, diente;Verbo;Normal;;
támbo;resistente, fuerte, tambo;Adjetivo;Normal;;
tápia;muralla, pared, tapia;Substantivo;Normal;;
táva;municipio, pueblo, aldea, cidade, comuna;Substantivo;Normal;;
táva rehegua;urbano;Substantivo;Normal;;
táva% rehegua;urbano;Adjetivo;Normal;;
tãi;muela;Substantivo;Normal;;
tãiguasu;molar;Adjetivo;Normal;;
tãimbore;mordisco;Substantivo;Normal;;
tãimbu;hambre;Substantivo;Normal;;
tãimbuku;colmillo;Substantivo;Normal;;
tãimbíra;encía;Substantivo;Normal;;
tãinguéra;dentadura;Substantivo;Normal;;
tãipohanohára;dentista;Substantivo;Normal;;
tãirasy;dolor de muelas;Substantivo;Normal;;
tãirekokuaa;odontología;Substantivo;Normal;;
tãiʼai;caries;Substantivo;Normal;;
täi;diente, muela;Substantivo;Normal;;
täigue'a;diente de juicio;Substantivo;Normal;;
täijehýi;dentera;Substantivo;Normal;;
täimbiti;mostrar los dientes;Verbo;Normal;;
täimbíra;encía;Substantivo;Normal;;
täirapo;raíz de la muela;Substantivo;Normal;;
täirasy;dolor de muela;Substantivo;Normal;;
técho;techo;Substantivo;Normal;;
téle;televisión;Substantivo;Normal;;
ténge;con dificultad;Adjetivo;Normal;;
téra;nombre, substantivo;Substantivo;Normal;;
téra% rehegua;onomástico;Adjetivo;Normal;;
térare;por el nombre;Adjetivo;Normal;;
térã;o;Advérbio / Preposição / Conjunção;Normal;;
tétano;tétanos;Substantivo;Normal;;
tóngo;golpe de puño, trompada;Substantivo;Normal;;
tóro;toro;Substantivo;Normal;;
túke;coscorrón, golpe en la cabeza;Substantivo;Normal;;
túky;palpitación;Substantivo;Normal;;
túna;cactus, chumbera, nopal;Substantivo;Normal;;
túva;progenitor, padre, papai;Substantivo;Normal;;
tü;pique, nigua;Substantivo;Normal;;
tü'o;sacar pique;Verbo;Normal;;
týra;pan, que acompanha a comida, mandioca;Substantivo;Normal;;
tĩ;tener verguenza, nariz, pico, hocico;Verbo;Normal;;
tĩchaʼĩ;mueca;Substantivo;Normal;;
tĩgua;nasal;Adjetivo;Normal;;
tĩguasu;nariz grande, narigón;Substantivo;Normal;;
tĩguaʼa;picado de gorgojo;Adjetivo;Normal;;
tĩkarapä;nariz corva;Substantivo;Normal;;
tĩkutu;topetarse;Verbo;Normal;;
tĩmbe;romo;Adjetivo;Normal;;
tĩmbu;bufar;Verbo;Normal;;
tĩnguára;fosas nasales;Substantivo;Normal;;
tĩpa'ä;constipación, estar resfriado, constipación;Substantivo;Normal;;
tĩpaʼã;tener las fosas nasales obstruidas;Verbo;Normal;;
tĩroʼysã;delator;Substantivo;Normal;;
tĩsyry;resfriarse, moco, resfrío, fluxo de la nariz;Verbo;Normal;;
tĩsẽ;asomarse;Verbo;Normal;;
tĩʼatã;desfachatado. orgulloso;Adjetivo;Normal;;
tũʼo;sacar piques;Verbo;Normal;;
tẽra;o;Advérbio / Preposição / Conjunção;Normal;;
uha;comedor;Substantivo;Normal;;
uhéi;sed;Substantivo;Normal;;
umi;aquellos;Adjetivo;Normal;;
umichagua;tales;Adjetivo;Normal;;
umícha;como aquéllos;Adjetivo;Normal;;
umíva;esos, aquelas;Pronome;Normal;;
upe;ese;Adjetivo;Normal;;
upeaja;entretanto, en ese ínterin;Advérbio / Preposição / Conjunção;Normal;;
upearä;para eso;Advérbio / Preposição / Conjunção;Normal;;
upeichagua;de esa clase o calidad;Adjetivo;Normal;;
upeichaite;exactamente, asimismo;Advérbio / Preposição / Conjunção;Normal;;
upeigua;futuro;Adjetivo;Normal;;
upekuévo;mientras tanto;Advérbio / Preposição / Conjunção;Normal;;
upepete;ahí mismo;Adjetivo;Normal;;
upepeve;hasta allá;Adjetivo;Normal;;
uperire;después, ulteriormente;Advérbio / Preposição / Conjunção;Normal;;
uperiregua;sucesivo;Adjetivo;Normal;;
upeve;más allá;Adjetivo;Normal;;
upy;víveres, comida, comestible;Substantivo;Normal;;
upéi;después, luego;Adjetivo;Normal;;
upéicha;así, de ese modo, de esa maneira;Adjetivo;Normal;;
upéicharamo;si así es, si así fuera;Advérbio / Preposição / Conjunção;Normal;;
upéichavo;de consiguiente, luego;Advérbio / Preposição / Conjunção;Normal;;
upémaramo;y entonces;Advérbio / Preposição / Conjunção;Normal;;
upépe;allá, ahí, allí;Adjetivo;Normal;;
upéramo;entonces, en ese caso;Adjetivo;Normal;;
upérupi;por allá, por ahí, por allí;Adjetivo;Normal;;
upérõ;entonces;Adjetivo;Normal;;
upérö;entonces;Advérbio / Preposição / Conjunção;Normal;;
upéva;ese, esa, aquele;Pronome;Normal;;
upévagui;por eso;Advérbio / Preposição / Conjunção;Normal;;
upévare;por eso;Advérbio / Preposição / Conjunção;Normal;;
upévo;al propio tiempo;Adjetivo;Normal;;
uru;capataz, gallina silvestre, caporal;Substantivo;Normal;;
urugua;caracol de mar;Substantivo;Normal;;
urugua'y;río de caracoles;Substantivo;Normal;;
urukure'a;lechuza, mochuelo;Substantivo;Normal;;
urukureʼa;mochuelo;Substantivo;Normal;;
urumbe;tuna, nopal, chumbera;Substantivo;Normal;;
urunde'y;especie de árbol, urunde'y;Substantivo;Normal;;
urupe;seta;Substantivo;Normal;;
urutáu;urutau, pájaro fantasmal;Substantivo;Normal;;
urë;eructo fétido, eructar;Substantivo;Normal;;
urẽ;eructar desagradablemente;Verbo;Normal;;
use;hambre;Substantivo;Normal;;
uvei;pero, más bien, al contrario;Advérbio / Preposição / Conjunção;Normal;;
uvyru;ceroulas, calzoncillos;Substantivo;Normal;;
uñe;herpes circinado, herpes;Substantivo;Normal;;
uʼi;sobriedad;Substantivo;Normal;;
va;cambiar de casa;Verbo;Normal;;
vai;mal, feo, inservible, nocivo, malo;Adjetivo;Normal;;
vaicha;como si;Adjetivo;Normal;;
vaietépe;malamente;Adjetivo;Normal;;
vaiha;mal;Substantivo;Normal;;
vaihápe;a las malas;Adjetivo;Normal;;
vaikue;viejo y feo;Adjetivo;Normal;;
vairasa;pésimo;Adjetivo;Normal;;
vaivai;medianamente, más o menos, tosco;Adjetivo;Normal;;
vaive;peor;Adjetivo;Normal;;
vaka;vaca;Substantivo;Normal;;
vaka% reheguáva;vacuno;Adjetivo;Normal;;
vakachi;piña;Substantivo;Normal;;
vakame;toro;Substantivo;Normal;;
vakapi;suela;Substantivo;Normal;;
vakaratĩ;cuerno;Substantivo;Normal;;
vakaraʼy;ternero;Substantivo;Normal;;
vale;valer;Verbo;Normal;;
valíta;bolita, canica;Substantivo;Normal;;
vareʼa;tener hambre;Verbo;Normal;;
varróko;barroco;Substantivo;Normal;;
vatõpuku;sotana;Substantivo;Normal;;
vava;vacilar;Verbo;Normal;;
vaícha;más o menos feo/a;Adjetivo;Normal;;
vaícho;más o menos feo/a;Adjetivo;Normal;;
vaípe;malamente;Adjetivo;Normal;;
vaʼekue;anteriormente;Adjetivo;Normal;;
vaʼerã;que indica tiempo futuro obligatorio necesariamente;Adjetivo;Normal;;
vaʼỹva;inalterable;Adjetivo;Normal;;
ve;nombre de la letra v;Adjetivo;Normal;;
vela;escarchar;Verbo;Normal;;
vende;vender;Verbo;Normal;;
vera;brillar;Verbo;Normal;;
verapy;gloria;Substantivo;Normal;;
verdeʼo;militar;Adjetivo;Normal;;
veríha;ijada;Substantivo;Normal;;
veve;volar;Verbo;Normal;;
veveha;avión, aeroplano;Substantivo;Normal;;
vevehajere;helicóptero;Substantivo;Normal;;
vevikue;pulmón;Substantivo;Normal;;
vevúi;sobrenadar, liviano, ligero, fofo, leve;Verbo;Normal;;
vichea;dar un vistazo, averiguar, indagar, acechar;Verbo;Normal;;
vigóte;bigote;Substantivo;Normal;;
vira;repetir la comida, repetir, reiterar;Verbo;Normal;;
viravíra;hierba aromática medicinal;Substantivo;Normal;;
viru;plata, dinero, riquezas;Substantivo;Normal;;
virugua;pecuniario;Adjetivo;Normal;;
virumeʼẽ;desembolsar;Verbo;Normal;;
virumonoʼõ;lucro;Substantivo;Normal;;
viruporu;crédito;Substantivo;Normal;;
viruporukuaa;inversión;Substantivo;Normal;;
virureko;economía;Substantivo;Normal;;
virureroha;ganancioso;Adjetivo;Normal;;
viruróga;banco;Substantivo;Normal;;
virãi;rojizo;Adjetivo;Normal;;
viña;pero;Advérbio / Preposição / Conjunção;Normal;;
vo;partirse;Verbo;Normal;;
voi;pronto, temprano, claro, de veras;Adjetivo;Normal;;
voko;saco;Substantivo;Normal;;
vokói;luego, dentro de poco, de repente;Adjetivo;Normal;;
vokóike;de sopetón;Adjetivo;Normal;;
volu;entrometido, mirón, curioso;Adjetivo;Normal;;
volícho;almacén;Substantivo;Normal;;
vona;bolsita;Substantivo;Normal;;
vopyre;trozo, pedazo, tajada;Substantivo;Normal;;
vore;segmento, huella, parte, vore;Substantivo;Normal;;
vori;albóndigas de maíz, comida típica;Substantivo;Normal;;
vosa;bolsa, saco;Substantivo;Normal;;
votõ;botón;Substantivo;Normal;;
votõkua;ojal;Substantivo;Normal;;
vovo;puente;Substantivo;Normal;;
vríngo;y s. extranjero;Adjetivo;Normal;;
vu;hinchado (estar), fermentar, inflado, oler mal;Adjetivo;Normal;;
vuku;largo;Adjetivo;Normal;;
vuruháka;maleta;Substantivo;Normal;;
vutifárra;chorizo;Substantivo;Normal;;
vy'a;bienestar, alegría, felicidade, tory;Substantivo;Normal;;
vy'a'ŷ;desazón, inquietud, malestar, tristeza;Substantivo;Normal;;
vy'araity;paraíso, edén;Substantivo;Normal;;
vy'ave'ŷ;desconsuelo, desesperación, infortunio;Substantivo;Normal;;
vyrea;hacer el burro;Verbo;Normal;;
vyro;tonto, necio, sonso, cretino;Adjetivo;Normal;;
vyrorei;tontería;Substantivo;Normal;;
vyroreko;necedad;Substantivo;Normal;;
vyrésa;tontería;Substantivo;Normal;;
vyso;alargar;Verbo;Normal;;
vyvy;cosido, costura;Adjetivo;Normal;;
vyvyhara;descoser;Verbo;Normal;;
vyvypy;costura;Substantivo;Normal;;
vyʼa;alegrarse;Verbo;Normal;;
vyʼaha;recreación;Substantivo;Normal;;
vyʼapavẽ;felicidad;Substantivo;Normal;;
vyʼaraity;paraíso;Substantivo;Normal;;
vyʼarenda;parque;Substantivo;Normal;;
vyʼaʼỹ;aflicción;Substantivo;Normal;;
vyʼaʼỹva;descontento;Adjetivo;Normal;;
váiro;feo;Adjetivo;Normal;;
váka;compartiendo ganancias y pérdidas;Adjetivo;Normal;;
válle;campesino;Adjetivo;Normal;;
vã;eludir;Verbo;Normal;;
vícho;bicho;Substantivo;Normal;;
vúrro;asno;Substantivo;Normal;;
výro;tonto;Adjetivo;Normal;;
výroicha;tontamente;Adjetivo;Normal;;
y'u;beber agua, tomar;Verbo;Normal;;
y'uhéi;sed de agua, sed;Substantivo;Normal;;
yakã;arroyo;Substantivo;Normal;;
yapeno;onda;Substantivo;Normal;;
yapo;pantano;Substantivo;Normal;;
yatã;hielo;Substantivo;Normal;;
yga;bote, canoa, barco, lancha;Substantivo;Normal;;
ygagua;naval;Adjetivo;Normal;;
ygaguahẽha;puerto;Substantivo;Normal;;
ygajára;naviero;Substantivo;Normal;;
ygakororõ;lancha;Substantivo;Normal;;
ygamýi;motonave, barco a motor;Substantivo;Normal;;
ygapaʼã;varar;Verbo;Normal;;
ygape;balsa;Substantivo;Normal;;
ygapykúi;remar;Verbo;Normal;;
ygapytaha;muelle;Substantivo;Normal;;
ygapóra;navegante;Substantivo;Normal;;
ygarape;ruta;Substantivo;Normal;;
ygarata;barco, embarcación, navío, lancha;Substantivo;Normal;;
ygarupa;fondeadero, puerto, astillero, muelle;Substantivo;Normal;;
ygarusu;transatlántico, buque grande, barco;Substantivo;Normal;;
ygary;cedro;Substantivo;Normal;;
ygasa;vadear;Verbo;Normal;;
ygatĩ;proa;Substantivo;Normal;;
ygañapymi;naufragar;Verbo;Normal;;
ygaʼaty;flota;Substantivo;Normal;;
ygua;aguada, bebedero, recipiente de agua;Adjetivo;Normal;;
yguasu;mar;Substantivo;Normal;;
ygue;espiga, marlo, puño, mango;Substantivo;Normal;;
yguy;sumergido, debajo del agua, ahogarse, buzo;Adjetivo;Normal;;
yguýpe;bajo agua;Adjetivo;Normal;;
ygáu;musgo, alga, esponja;Substantivo;Normal;;
yjara;sacar agua;Verbo;Normal;;
yjere;bahía;Substantivo;Normal;;
yjoapy;ola;Substantivo;Normal;;
yke;costado;Adjetivo;Normal;;
ykegua;lindante;Adjetivo;Normal;;
ykeko;apoyar;Verbo;Normal;;
ykere;al lado de;Substantivo;Normal;;
ykeregua;limítrofe;Adjetivo;Normal;;
yketeĩ;unilateral;Adjetivo;Normal;;
ykeʼã;ladeado;Adjetivo;Normal;;
ykua;pozo;Substantivo;Normal;;
ykuarembe;brocal;Substantivo;Normal;;
ykuayvu;manantial;Substantivo;Normal;;
ykyrã;perfil;Substantivo;Normal;;
yképe;lindando;Adjetivo;Normal;;
ykére;lateralmente;Adjetivo;Normal;;
ykévo;de costado;Adjetivo;Normal;;
yma;antes;Adjetivo;Normal;;
ymaguare;antes;Adjetivo;Normal;;
ymaite;hace mucho tiempo;Adjetivo;Normal;;
ymave;antiguamente;Adjetivo;Normal;;
ymondoro;surcar;Verbo;Normal;;
ynambu;perdiz;Substantivo;Normal;;
ynoʼõ;laguna;Substantivo;Normal;;
ynoʼõngue;estanque;Substantivo;Normal;;
ypa;acabársele a uno el agua;Substantivo;Normal;;
ypajereta;lagunoso;Adjetivo;Normal;;
ypaka’a;gallineta de agua (ave);Substantivo;Normal;;
ypaʼi;tajamar;Substantivo;Normal;;
ypaʼũ;isla;Substantivo;Normal;;
ypaʼũmi;islote;Substantivo;Normal;;
ype;pato;Substantivo;Normal;;
ypegua;del agua;Adjetivo;Normal;;
ypekũ;pájaro carpintero;Substantivo;Normal;;
ypi;mustio;Adjetivo;Normal;;
ypuʼã;ola;Substantivo;Normal;;
ypy;linde;Substantivo;Normal;;
ypygua;originario;Adjetivo;Normal;;
ypyguare;originario;Adjetivo;Normal;;
ypykue;primitivo;Adjetivo;Normal;;
ypykueʼaty;tribu;Substantivo;Normal;;
ypypegua;original;Adjetivo;Normal;;
ypytũ;espeso;Adjetivo;Normal;;
ypóra;marinero;Substantivo;Normal;;
ypýkoto;inversamente;Adjetivo;Normal;;
ypýpe;primeramente;Adjetivo;Normal;;
yregua;fluvial;Adjetivo;Normal;;
yreikue;aguado;Adjetivo;Normal;;
yrembeʼy;margen;Substantivo;Normal;;
yrupe;cedazo;Substantivo;Normal;;
yrupẽ;colador;Substantivo;Normal;;
yrypyʼa;hielo;Substantivo;Normal;;
yrypyʼaveve;nieve;Substantivo;Normal;;
yryru;balde;Substantivo;Normal;;
yryvu;buitre;Substantivo;Normal;;
ysaja;forma;Substantivo;Normal;;
ysajaapy;triforme;Adjetivo;Normal;;
ysajakõi;biforme;Adjetivo;Normal;;
ysajateĩ;uniforme;Adjetivo;Normal;;
ysapu;arpa;Substantivo;Normal;;
ysapy;sereno;Substantivo;Normal;;
yso;oruga;Substantivo;Normal;;
ysoindy;luciérnaga;Substantivo;Normal;;
ysope;sanguijuela;Substantivo;Normal;;
ysy;goma;Substantivo;Normal;;
ysypo;liana;Substantivo;Normal;;
ysypoñeʼẽ;teléfono;Substantivo;Normal;;
ysyry;arroyo;Substantivo;Normal;;
ysyryguasu;río;Substantivo;Normal;;
ysyrysẽ;inundación;Substantivo;Normal;;
ysã;poste;Substantivo;Normal;;
ysẽ;inundación;Substantivo;Normal;;
ysẽha;desagüe;Substantivo;Normal;;
yta;saber nadar;Verbo;Normal;;
ytakugua;caldera;Substantivo;Normal;;
ytarã;natatorio;Adjetivo;Normal;;
ytororõ;cascada;Adjetivo;Normal;;
ytu;cascada;Substantivo;Normal;;
yty;basura;Substantivo;Normal;;
ytyapy;basurero;Substantivo;Normal;;
yuhéi;sed;Substantivo;Normal;;
yva;manzana, fruta, fruto;Substantivo;Normal;;
yvaaky;fruta verde;Substantivo;Normal;;
yvagakundahára;planeta;Substantivo;Normal;;
yvagapegua;celestial;Adjetivo;Normal;;
yvagapy;firmamento, universo, cielo;Substantivo;Normal;;
yvaju;fruto, fruta madura;Substantivo;Normal;;
yvakúi;fruta que se cae;Substantivo;Normal;;
yvapo;más allá;Adjetivo;Normal;;
yvaporoity;planta frutal;Substantivo;Normal;;
yvapovõ;árbol de frutas amarillas comestibles;Substantivo;Normal;;
yvapovö;árbol de frutas amarillas;Substantivo;Normal;;
yvapurü;árbol frutal;Substantivo;Normal;;
yvapurũ;árbol de frutas negras comestibles (jabuticaba);Substantivo;Normal;;
yvapurũchuʼa;uva;Substantivo;Normal;;
yvasaʼi;mora;Substantivo;Normal;;
yvate;arriba, alto, elevado, altura;Adjetivo;Normal;;
yvategua;aéreo;Adjetivo;Normal;;
yvatejoja;nivel;Substantivo;Normal;;
yvatekue;nivel;Substantivo;Normal;;
yvatete;cúspide;Substantivo;Normal;;
yvateve;superior;Adjetivo;Normal;;
yvatevogua;lo de arriba;Adjetivo;Normal;;
yvaty;huerto frutal;Substantivo;Normal;;
yvatyarö;fruta madura;Substantivo;Normal;;
yvemby;seto;Substantivo;Normal;;
yvi;recto;Adjetivo;Normal;;
yvope;algarrobo;Substantivo;Normal;;
yvoty;flor, florería;Substantivo;Normal;;
yvoty apesã;guirnalda de flores;Substantivo;Normal;;
yvotyja;jardinero;Substantivo;Normal;;
yvotykuru;capullo, pimpollo, doncella;Substantivo;Normal;;
yvotyma;ramillete, ramos de flores;Substantivo;Normal;;
yvotyrenda;florería;Substantivo;Normal;;
yvotyresay;néctar;Substantivo;Normal;;
yvotyrope;pétalo;Substantivo;Normal;;
yvotyropea;pétalos de flor;Substantivo;Normal;;
yvotyry;néctar;Substantivo;Normal;;
yvotyty;jardín, rosedal, huerto florido;Substantivo;Normal;;
yvotytyjára;jardinero;Substantivo;Normal;;
yvotyñemuha;florería, florista;Substantivo;Normal;;
yvotyñeʼẽ;poesía;Substantivo;Normal;;
yvu;manantial, fuente;Substantivo;Normal;;
yvuku;alto;Adjetivo;Normal;;
yvy;suelo;Substantivo;Normal;;
yvy akytã;terrón de tierra, gleba;Substantivo;Normal;;
yvy ape;litósfera, superficie terrestre;Substantivo;Normal;;
yvy apu’a;globo terráqueo;Substantivo;Normal;;
yvyakua;cabo;Substantivo;Normal;;
yvyanga;mapa;Substantivo;Normal;;
yvyapekuaa;geografía;Substantivo;Normal;;
yvyatatĩ;neblina;Substantivo;Normal;;
yvyatã;piso;Substantivo;Normal;;
yvygua;terrenal;Adjetivo;Normal;;
yvyguasu;latifundio;Substantivo;Normal;;
yvyguy;subterráneo, subsuelo;Adjetivo;Normal;;
yvyhevykói;zanja;Substantivo;Normal;;
yvyja;culebra;Substantivo;Normal;;
yvyjoso;apisonar;Verbo;Normal;;
yvyjoʼo;labrar;Verbo;Normal;;
yvyjygue;ladrillo;Substantivo;Normal;;
yvyjyva;istmo;Substantivo;Normal;;
yvyjára;dueño de la tierra;Substantivo;Normal;;
yvykarãi;escarbar la tierra;Verbo;Normal;;
yvykaräi;escarbar, arañar la tierra, trabajar;Verbo;Normal;;
yvyku'i;arena;Substantivo;Normal;;
yvyku'itimbo;polvareda, polvo;Substantivo;Normal;;
yvykua;zanja, cueva, caverna, fosa, gruta;Substantivo;Normal;;
yvykua pypuku;abismo;Substantivo;Normal;;
yvykua% pypuku;abismo;Substantivo;Normal;;
yvykuaa;geografía;Substantivo;Normal;;
yvykuapuku;túnel;Substantivo;Normal;;
yvykuapypuku;precipicio;Substantivo;Normal;;
yvykuʼi;arena;Substantivo;Normal;;
yvykuʼipasu;desierto;Substantivo;Normal;;
yvykuʼity;arenal;Substantivo;Normal;;
yvymarae'ÿ;paraíso, tierra sin mal;Substantivo;Normal;;
yvymarãe’ỹ;tierra sin mal, edén, paraíso guaraní;Substantivo;Normal;;
yvymboavevo;abonar;Verbo;Normal;;
yvymboja'o;lotear, repartir la tierra;Verbo;Normal;;
yvymoporãha;abono;Substantivo;Normal;;
yvypavẽ;copa;Substantivo;Normal;;
yvype;llano, llanura, pampa, meseta;Adjetivo;Normal;;
yvypegua;terrenal;Adjetivo;Normal;;
yvypevusu;llanura;Substantivo;Normal;;
yvyporã;fértil;Adjetivo;Normal;;
yvypuʼã;cuesta;Substantivo;Normal;;
yvypóra;humano, hombre, persona, ser humano;Adjetivo;Normal;;
yvypóra reko;humanidad;Substantivo;Normal;;
yvyra;madera, árbol, palo, garrote, madeira;Substantivo;Normal;;
yvyra akamby;horquilla, caliguaya;Substantivo;Normal;;
yvyra atä;quebracho;Substantivo;Normal;;
yvyra puku;garrocha, vara larga;Substantivo;Normal;;
yvyrahakua;estaca;Substantivo;Normal;;
yvyraja;juez;Substantivo;Normal;;
yvyrajere;carro, carreta;Substantivo;Normal;;
yvyrakamby;árbol de la leche;Substantivo;Normal;;
yvyrakarapä;arco;Substantivo;Normal;;
yvyraku'i;aserrín, serrín, astilla;Substantivo;Normal;;
yvyrakua;prisión, cepo, cárcel;Substantivo;Normal;;
yvyrakuʼi;astilla;Substantivo;Normal;;
yvyrakytï;aserrar, cortar madeira;Verbo;Normal;;
yvyrakytĩ;talar;Verbo;Normal;;
yvyramáta;tronco, árbol;Substantivo;Normal;;
yvyrape;tabla;Substantivo;Normal;;
yvyrapoty;flor del árbol;Substantivo;Normal;;
yvyrapuku;columna, sauce llorón;Substantivo;Normal;;
yvyrarakã;tallo;Substantivo;Normal;;
yvyrarakä;rama, ramaje;Substantivo;Normal;;
yvyrareity;desmontar;Verbo;Normal;;
yvyrarykue;savia;Substantivo;Normal;;
yvyrata;volcán, montaña de fuego;Substantivo;Normal;;
yvyraty;parque;Substantivo;Normal;;
yvyray;tronco;Substantivo;Normal;;
yvyrañemboʼy;poste;Substantivo;Normal;;
yvyraʼakua;estaca;Substantivo;Normal;;
yvyraʼi;cetro;Substantivo;Normal;;
yvyraʼãnga;mapa;Substantivo;Normal;;
yvyraʼãngahai;topografía;Substantivo;Normal;;
yvyrei;terraplén;Substantivo;Normal;;
yvyreja;elevarse;Verbo;Normal;;
yvyrekokuaa;geología;Substantivo;Normal;;
yvyrekomboʼe;geología;Substantivo;Normal;;
yvyrupigua;peatón, a pie, caminante, pedestre;Substantivo;Normal;;
yvyrusu;continente;Substantivo;Normal;;
yvyryrýi;terremoto, temblor de la tierra;Substantivo;Normal;;
yvysaʼy;marrón;Adjetivo;Normal;;
yvysoka;mazo;Substantivo;Normal;;
yvysusũ;pantano;Substantivo;Normal;;
yvytimbo;polvo;Substantivo;Normal;;
yvytu;ir viento en popa;Verbo;Normal;;
yvytu jepyvu;remolino de viento, tornado;Substantivo;Normal;;
yvytu pochy;borrasca, tempestad de viento;Substantivo;Normal;;
yvytu yvate;viento norte cálido;Substantivo;Normal;;
yvytujere;torbellino;Substantivo;Normal;;
yvytujokoha;parabrisas;Substantivo;Normal;;
yvytukangy;brisa;Substantivo;Normal;;
yvytupochy;tormenta;Substantivo;Normal;;
yvytuʼatã;vendaval;Substantivo;Normal;;
yvyty;cerro;Substantivo;Normal;;
yvytykua;gruta;Substantivo;Normal;;
yvytymi;loma;Substantivo;Normal;;
yvytypaʼũ;valle;Substantivo;Normal;;
yvytyrokái;edén, jardín paradisíaco;Substantivo;Normal;;
yvytyrusu;cordillera;Substantivo;Normal;;
yvytyrysyi;cordillera;Substantivo;Normal;;
yvytyrysýi;cordillera;Substantivo;Normal;;
yvytyty;serranía;Substantivo;Normal;;
yvytyʼã;ladera;Substantivo;Normal;;
yvytĩ;neblina;Substantivo;Normal;;
yvyvo;foso;Substantivo;Normal;;
yvyvore;hemisferio;Substantivo;Normal;;
yvyvovo;puente;Substantivo;Normal;;
yvyʼa;tubérculo;Substantivo;Normal;;
yvyʼapuʼa;planeta;Substantivo;Normal;;
yvyʼã;barranco;Substantivo;Normal;;
yvága;paraíso, cielo, la gloria, vida eterna;Substantivo;Normal;;
yvíra;planta textil;Substantivo;Normal;;
yvóra;mundo;Substantivo;Normal;;
yvýgotyo;hacia el sur;Adjetivo;Normal;;
yvýi;bajo;Adjetivo;Normal;;
yvýpe;abajo, en la tierra;Adjetivo;Normal;;
yvýre;al suelo, por tierra, por el suelo;Adjetivo;Normal;;
yvýrupi;a pie;Adjetivo;Normal;;
yñu;arrecife;Substantivo;Normal;;
yʼakã;naciente;Substantivo;Normal;;
yʼu;tomar;Verbo;Normal;;
yʼuha;jarro;Substantivo;Normal;;
yʼuhéi;estar sediento;Verbo;Normal;;
yʼupa;remanso;Substantivo;Normal;;
yʼỹ;sequedad;Substantivo;Normal;;
zafado;descarado, sinvergüenza, tie'y;Adjetivo;Normal;;
zafar;zafar, soltarse, hekyi;Verbo;Normal;;
zafarrancho;alboroto, desorden, sarambi;Substantivo;Normal;;
zafiro;zafiro;Substantivo;Normal;;
zafra;cosecha, zafra;Substantivo;Normal;;
zaga;atrás, zaga;Substantivo;Normal;;
zaguero;defensor, zaguero;Substantivo;Normal;;
zaguán;zaguán, entrada;Substantivo;Normal;;
zahareño;arisco, salvaje;Adjetivo;Normal;;
zaherir;reprender, criticar, ja'o;Verbo;Normal;;
zahorí;zahorí, adivino, avapaje;Substantivo;Normal;;
zalagarda;emboscada, trampa, ñuhä;Substantivo;Normal;;
zalamero;mimoso, cariñoso, mokunu'üha;Adjetivo;Normal;;
zalamería;mimos, zalamería, juruhe'ẽ;Substantivo;Normal;;
zalema;reverencia, saludo, akäity;Substantivo;Normal;;
zamacuco;tonto, necio, tavy;Adjetivo;Normal;;
zamacueca;baile alegre, zamacueca;Substantivo;Normal;;
zamarra;chaqueta de piel, zamarra;Substantivo;Normal;;
zamarragullón;mbigua, ave aquática;Substantivo;Normal;;
zamarrear;sacudir, zamarrear;Verbo;Normal;;
zambo;zambo, estevado, tetymañepä;Adjetivo;Normal;;
zambullidor;zambullidor, mergulhador;Substantivo;Normal;;
zambullir;zambullirse, hundirse, ñapymi;Verbo;Normal;;
zanca;pata, perna larga, kupy;Substantivo;Normal;;
zancada;paso largo, zancada;Substantivo;Normal;;
zancadilla;zancadilla, tropezón;Substantivo;Normal;;
zanco;zanco, tetymajoapy;Substantivo;Normal;;
zanja;zanja, canal, yvykua;Substantivo;Normal;;
zapallito;zapallito, kurapepë'i;Substantivo;Normal;;
zapallo;zapallo, andai;Substantivo;Normal;;
zoquete;pedaço de carne, tonto;Substantivo;Normal;;
zorro;zorro, aguara;Substantivo;Normal;;
zorzal;zorzal, pájaro;Substantivo;Normal;;
zozobrar;hundirse, peligrar, ñapymi;Verbo;Normal;;
zumo;zumo, suco, tykue;Substantivo;Normal;;
zurcir;zurcir, remendar;Verbo;Normal;;
zurdo;zurdo, zurda, asu;Adjetivo;Normal;;
zurubí;surubí, peixe;Substantivo;Normal;;
zutano;zutano, mengano, ma'ëra;Substantivo;Normal;;
zángano;vago, ocioso, ate'y;Adjetivo;Normal;;
ágotyo;hacia acá;Adjetivo;Normal;;
águi;desde aquí águĩgua;Adjetivo;Normal;;
águio;de este lado;Adjetivo;Normal;;
águĩ;cerca;Adjetivo;Normal;;
águĩgua;próximo, cercano, lugareño, vecino;Adjetivo;Normal;;
ágã;ahora;Adjetivo;Normal;;
ánga;alma;Substantivo;Normal;;
ápe;acá;Adjetivo;Normal;;
ápeo;hacia acá;Adjetivo;Normal;;
ára;día;Substantivo;Normal;;
ári;encima;Adjetivo;Normal;;
árupi;por aquí;Adjetivo;Normal;;
áva;cabello, cabellera, pelo;Substantivo;Normal;;
ãga;enseguida;Adjetivo;Normal;;
ãgagua;presente;Adjetivo;Normal;;
ãgaite;ipso facto;Adjetivo;Normal;;
ãgave;más tarde;Adjetivo;Normal;;
ãho;suspirar;Verbo;Normal;;
ãicha;así;Adjetivo;Normal;;
ãngaipa;pecado;Adjetivo;Normal;;
ãngakuaa;psicología;Substantivo;Normal;;
ãngue;fantasma;Substantivo;Normal;;
éu;eructar;Verbo;Normal;;
ñahana;gallineta silvestre;Substantivo;Normal;;
ñahatã;libélula;Substantivo;Normal;;
ñahatï;libélula, caballito del diablo;Substantivo;Normal;;
ñahatĩ;libélula;Substantivo;Normal;;
ñahaʼarõʼỹre;inesperadamente;Adjetivo;Normal;;
ñahániri;tampoco;Adjetivo;Normal;;
ñai'ü;arcilla, barro;Substantivo;Normal;;
ñaimoʼã;parecer;Verbo;Normal;;
ñaimoʼãʼỹ;impensado;Adjetivo;Normal;;
ñaimoʼãʼỹva;casual;Adjetivo;Normal;;
ñaimo’ã;parecer;Verbo;Normal;;
ñaiʼũ;barro;Substantivo;Normal;;
ñai’ũ morotĩ;greda blanca, caolín;Substantivo;Normal;;
ñakamby;ponerse o estar ahorcajadas, entreabrir las piernas, horqueta;Verbo;Normal;;
ñakarama;encaramarse, agarrarse, prenderse;Verbo;Normal;;
ñakarapu'ä;levantar la cabeza, reaccionar, recuperarse;Verbo;Normal;;
ñakatĩparo;revolcarse;Verbo;Normal;;
ñakurutõ;lechuza;Substantivo;Normal;;
ñakurutü;búho, mochuelo;Substantivo;Normal;;
ñakurutũ;lechuza;Substantivo;Normal;;
ñakyrã;chicharra;Substantivo;Normal;;
ñakyrä;cigarra, chicharra;Substantivo;Normal;;
ñakãguapy;recatado;Adjetivo;Normal;;
ñakãity;inclinar la cabeza;Verbo;Normal;;
ñakãjohéi;lavarse la cabeza;Verbo;Normal;;
ñakãjoka;romperse la cabeza;Verbo;Normal;;
ñakãkarãi;peinarse;Verbo;Normal;;
ñakãkarãiva;peinado;Adjetivo;Normal;;
ñakãkyʼo;despiojarse;Verbo;Normal;;
ñakãmbota;golpearse la cabeza;Verbo;Normal;;
ñakãpete;dar un coscorrón;Verbo;Normal;;
ñakãpireʼỹi;rascarse la cabeza;Verbo;Normal;;
ñakãpytĩ;atarse la cabeza;Verbo;Normal;;
ñakãrapuʼã;convalecer;Verbo;Normal;;
ñakãsẽ;asomarse;Verbo;Normal;;
ñakãupí;alzar la cabeza;Verbo;Normal;;
ñakãyvy;agachar la cabeza;Verbo;Normal;;
ñakãʼo;degollar;Verbo;Normal;;
ñakäity;agacharse, inclinar la cabeza;Verbo;Normal;;
ñakäjoka;romperse la cabeza;Verbo;Normal;;
ñakäky'o;limpiarse la cabeza, despiojar;Verbo;Normal;;
ñakäpytï;atarse la cabeza;Verbo;Normal;;
ñakỹ;mojarse;Verbo;Normal;;
ñalmira;admirarse;Verbo;Normal;;
ñambohasakuaáva;posible de atravesar;Adjetivo;Normal;;
ñambyvo;sonarse la nariz, resoplar;Verbo;Normal;;
ñami;ordeñar, exprimir;Verbo;Normal;;
ñamichãi;aro;Substantivo;Normal;;
ñamindu'u;rumiar, masticar, roer, meditar;Verbo;Normal;;
ñaminduʼu;analizar;Verbo;Normal;;
ñana;hierba, yuyo, yerba;Substantivo;Normal;;
ñanandy;maleza, yuyal, yerbal;Substantivo;Normal;;
ñanavai;droga;Substantivo;Normal;;
ñande;nos, nosotros (inclusivo);Pronome;Normal;;
ñandejára;Dios, Nuestro Señor;Substantivo;Normal;;
ñandeʼỹva;gringo;Adjetivo;Normal;;
ñandu;sentir, araña, experimentar;Verbo;Normal;;
ñandu guasu;avestruz, ñandú americano;Substantivo;Normal;;
ñandu kavaju;tarántula;Substantivo;Normal;;
ñanduguasu;avestruz, ñandú;Substantivo;Normal;;
ñanduka;impresionar;Verbo;Normal;;
ñandukuaa;presentir, darse cuenta;Verbo;Normal;;
ñandupeʼa;anestesiar;Verbo;Normal;;
ñandurenimbo;telaraña, hilo de araña;Substantivo;Normal;;
ñanduti;telaraña, encaje paraguayo;Substantivo;Normal;;
ñandutie;viborita;Substantivo;Normal;;
ñanduʼa;plumero;Substantivo;Normal;;
ñanduʼỹ;insensible;Adjetivo;Normal;;
ñandy;grasa, aceite, sebo, manteca;Adjetivo;Normal;;
ñandyry;aceite;Substantivo;Normal;;
ñandyʼo;desengrasar;Verbo;Normal;;
ñandé;nosotros;Pronome;Normal;;
ñandéva;indígena;Adjetivo;Normal;;
ñandéve;nos, a nosotros;Pronome;Normal;;
ñandú;visitar;Verbo;Normal;;
ñandýva;grasoso;Adjetivo;Normal;;
ñanembaʼe;nuestro;Pronome;Normal;;
ñangapiry;arrayán, arbusto frutal;Substantivo;Normal;;
ñangareko;cuidar, proteger, administrar;Verbo;Normal;;
ñangarekoha;casero;Adjetivo;Normal;;
ñangarekohára;guarda;Substantivo;Normal;;
ñangarekorã;patrulla;Substantivo;Normal;;
ñangarekouka;encomendar;Verbo;Normal;;
ñangarekoʼỹ;descuidar;Verbo;Normal;;
ñangaʼu;recordar;Verbo;Normal;;
ñangekói;preocuparse;Verbo;Normal;;
ñani;correr, carrera;Verbo;Normal;;
ñanima;atreverse;Verbo;Normal;;
ñapamona;embadurnar, revolcarse;Verbo;Normal;;
ñapañuãi;enredado;Adjetivo;Normal;;
ñapengo;enderezar;Verbo;Normal;;
ñapepo;olla, cacerola;Substantivo;Normal;;
ñapiʼũ;carcomer;Verbo;Normal;;
ñapymi;zambullirse, hundirse, ahogarse;Verbo;Normal;;
ñapyti;liar;Verbo;Normal;;
ñapytu;liar;Verbo;Normal;;
ñapytĩ;liar;Verbo;Normal;;
ñapytĩhara;desliar;Verbo;Normal;;
ñapytĩmbyre;atado;Adjetivo;Normal;;
ñapï;cortar el pelo, esquilar;Verbo;Normal;;
ñapĩ;mondar;Verbo;Normal;;
ñarukã;costilla;Substantivo;Normal;;
ñarõ;ladrar;Verbo;Normal;;
ñarõitépe;ferozmente;Adjetivo;Normal;;
ñarö;ladrar, embravecerse, bravo;Verbo;Normal;;
ñasaindy;luz de luna, claror lunar, claridad;Substantivo;Normal;;
ñasaingo;colgarse;Verbo;Normal;;
ñatiʼũ;mosquito;Substantivo;Normal;;
ñatõi;advertir;Verbo;Normal;;
ñavo;cada;Adjetivo;Normal;;
ñayʼũ;arcilla;Substantivo;Normal;;
ñaña;perverso, maldad, ruin, cruel;Adjetivo;Normal;;
ñañangue;malevolencia;Substantivo;Normal;;
ñañaséva;malintencionado;Adjetivo;Normal;;
ñañuvã;abarcar;Verbo;Normal;;
ñañuvä;abrazar, asir;Verbo;Normal;;
ñañuã;abarcar;Verbo;Normal;;
ñaʼembe;plato;Substantivo;Normal;;
ñaʼyña;deshilachado;Adjetivo;Normal;;
ñaʼã;procurar;Verbo;Normal;;
ñaʼẽ;recipiente;Substantivo;Normal;;
ñaʼẽmbe;plato;Substantivo;Normal;;
ñe'ä;corazón, entrañas;Substantivo;Normal;;
ñe'ävevúi;pulmón, pulmón;Substantivo;Normal;;
ñe'ẽ;palabra, idioma, hablar;Substantivo;Normal;;
ñe'ẽguyguy;susurrar, murmurar, cuchichear;Verbo;Normal;;
ñe'ẽjoapy;eco, respuesta;Substantivo;Normal;;
ñe'ẽjopara;mezcla de idiomas, jopara;Substantivo;Normal;;
ñe'ẽkuaa;inspiración, saber hablar;Substantivo;Normal;;
ñe'ẽnga;refrán, proverbio, dicho;Substantivo;Normal;;
ñe'ẽngatu;charlatán, locuaz, hablador;Adjetivo;Normal;;
ñe'ẽngu;mudo;Adjetivo;Normal;;
ñe'ẽngue;dicho, doctrina, palavra, rastro;Substantivo;Normal;;
ñeakatĩparo;caer de bruces;Verbo;Normal;;
ñeakãity;someterse;Verbo;Normal;;
ñeakãkarãi;peinarse;Verbo;Normal;;
ñeakãkyʼo;lavarse la cabeza;Verbo;Normal;;
ñeandu;sensación;Substantivo;Normal;;
ñeangecha;vidrio;Substantivo;Normal;;
ñechaʼĩ;encogerse;Verbo;Normal;;
ñedesatina;errar el camino;Verbo;Normal;;
ñeguahẽ;llegarse;Verbo;Normal;;
ñeguahẽmba;irrupción;Substantivo;Normal;;
ñehaʼanga;imitación;Substantivo;Normal;;
ñehaʼarõ;espera;Substantivo;Normal;;
ñehaʼarõʼỹ;imprevisto;Adjetivo;Normal;;
ñehaʼuvõ;presagio;Substantivo;Normal;;
ñehaʼã;esforzarse;Verbo;Normal;;
ñehaʼãpaha;sentencia;Substantivo;Normal;;
ñehenduka;discursear;Verbo;Normal;;
ñehenduʼỹva;inaudito;Adjetivo;Normal;;
ñehendyvapo;afeitarse;Verbo;Normal;;
ñehenói;llamamiento;Substantivo;Normal;;
ñehetũ;beso;Substantivo;Normal;;
ñeheʼỹi;rascarse;Verbo;Normal;;
ñehundi;echarse a perder;Verbo;Normal;;
ñehunga;lastimarse;Verbo;Normal;;
ñehẽ;derramarse;Verbo;Normal;;
ñeikotevëva;necesaria;Adjetivo;Normal;;
ñeikotevẽ;pobreza;Substantivo;Normal;;
ñeikotevẽva;necesaria;Adjetivo;Normal;;
ñeimoʼã;opinar;Verbo;Normal;;
ñeimoʼãpyre;pensado;Adjetivo;Normal;;
ñeimoʼãrei;imaginación;Substantivo;Normal;;
ñeimoʼãva;semejante;Adjetivo;Normal;;
ñeimoʼãʼỹ;casual;Adjetivo;Normal;;
ñeimoʼãʼỹva;impensado;Adjetivo;Normal;;
ñeipytyvõ;palanca;Substantivo;Normal;;
ñekambu;lactancia;Substantivo;Normal;;
ñekangyʼo;desperezarse;Verbo;Normal;;
ñekarama;subir;Verbo;Normal;;
ñekarãi;rasguño;Substantivo;Normal;;
ñekañyha;refugio;Substantivo;Normal;;
ñekeʼã;sesgo;Substantivo;Normal;;
ñekoni;contonearse;Verbo;Normal;;
ñekoʼõi;resentirse;Verbo;Normal;;
ñekuaveʼẽ;ofrecerse;Verbo;Normal;;
ñekuaveʼẽjoja;reciprocidad;Substantivo;Normal;;
ñekumberéi;relamerse;Verbo;Normal;;
ñekumbyʼỹva;ininteligible;Adjetivo;Normal;;
ñekundaha;turismo;Substantivo;Normal;;
ñekuã;ofrecerse;Verbo;Normal;;
ñekytĩ;recorte;Substantivo;Normal;;
ñekũmberéi;relamerse;Verbo;Normal;;
ñemanduʼa;recuerdo;Substantivo;Normal;;
ñemano;muerte;Substantivo;Normal;;
ñemaʼẽ;mirada;Substantivo;Normal;;
ñembaʼapo;dedicación;Substantivo;Normal;;
ñembaʼapoʼỹ;desocupación;Substantivo;Normal;;
ñembaʼeporandu;encuesta;Substantivo;Normal;;
ñembiso;molienda;Substantivo;Normal;;
ñembo;simular ser;Verbo;Normal;;
ñemboaguara;orgullo;Substantivo;Normal;;
ñemboai;ulcerarse;Verbo;Normal;;
ñemboaje;observancia;Substantivo;Normal;;
ñemboapakua;enroscarse;Verbo;Normal;;
ñemboapyte;comer;Verbo;Normal;;
ñemboapytero;asomarse;Verbo;Normal;;
ñemboare;retrasarse;Verbo;Normal;;
ñembogua;gambetear;Verbo;Normal;;
ñemboguata;impulso;Substantivo;Normal;;
ñemboguevi;retroceso;Substantivo;Normal;;
ñembohai;tachadura;Substantivo;Normal;;
ñembohakykue;retroceso;Substantivo;Normal;;
ñembohapo;echar raíz;Verbo;Normal;;
ñemboharái;burlarse;Verbo;Normal;;
ñembohasa;tráfico;Substantivo;Normal;;
ñembohaso;agusanarse;Verbo;Normal;;
ñembohaʼete;significar;Verbo;Normal;;
ñemboheko;hacerse rogar;Verbo;Normal;;
ñembohekóva;altanero;Adjetivo;Normal;;
ñembohepy;encarecer;Verbo;Normal;;
ñembohesamichĩ;guiñar;Verbo;Normal;;
ñemboheta;multiplicarse;Verbo;Normal;;
ñembohete;encarnarse;Verbo;Normal;;
ñembohetekuʼe;desentumecerse;Verbo;Normal;;
ñembohetiaʼe;desperezarse;Verbo;Normal;;
ñembohetã;nacionalizarse;Verbo;Normal;;
ñembohory;burlarse;Verbo;Normal;;
ñembohovake;enfrentarse;Verbo;Normal;;
ñembohovaʼatã;osar;Verbo;Normal;;
ñembohovái;justa;Adjetivo;Normal;;
ñembohumbykoni;nalguear;Verbo;Normal;;
ñembohupa;hacerse la cama;Verbo;Normal;;
ñembohyku;licuarse;Verbo;Normal;;
ñembohypyʼa;congelarse;Verbo;Normal;;
ñembohéra;designación;Substantivo;Normal;;
ñemboi;desnudarse;Verbo;Normal;;
ñemboitapyre;y s. empedrado;Adjetivo;Normal;;
ñemboja;arrimarse;Verbo;Normal;;
ñembojapiro;masturbarse;Verbo;Normal;;
ñembojapyro;masturbarse;Verbo;Normal;;
ñembojaru;juego;Substantivo;Normal;;
ñembojaʼo;repartir;Verbo;Normal;;
ñembojeheʼa;mezclarse;Verbo;Normal;;
ñembojere;virar;Verbo;Normal;;
ñembojevy;retroceso;Substantivo;Normal;;
ñembojeʼo;despintarse;Verbo;Normal;;
ñembojoja;paridad;Substantivo;Normal;;
ñembojovái;enfrentarse;Verbo;Normal;;
ñembojurukechẽ;mueca;Substantivo;Normal;;
ñembojára;usurpar;Verbo;Normal;;
ñembokariaʼy;pretender juventud un varón o un niño creerse grande;Verbo;Normal;;
ñembokate;elegancia;Substantivo;Normal;;
ñembokatupyry;practicar;Verbo;Normal;;
ñemboki;enamorarse;Verbo;Normal;;
ñembokiha;querido;Substantivo;Normal;;
ñembokua;perforación;Substantivo;Normal;;
ñembopaje;encantamiento;Substantivo;Normal;;
ñembopiroʼy;recrearse;Verbo;Normal;;
ñembopiru;secarse;Verbo;Normal;;
ñembopochy;enojarse;Verbo;Normal;;
ñembopopo;rebote;Substantivo;Normal;;
ñembopoʼi;adelgazar;Verbo;Normal;;
ñembopuku;dilatarse;Verbo;Normal;;
ñembopyahu;renovarse;Verbo;Normal;;
ñembopyhare;anochecer;Verbo;Normal;;
ñemboroʼysã;enfriado;Adjetivo;Normal;;
ñemborypyʼa;congelarse;Verbo;Normal;;
ñembosaguaʼa;embrutecerse;Verbo;Normal;;
ñembosakoʼi;prepararse;Verbo;Normal;;
ñembosaraiha;juguete;Substantivo;Normal;;
ñembosarái;apostar;Verbo;Normal;;
ñembota;estrellarse;Verbo;Normal;;
ñembotapykue;atraso;Substantivo;Normal;;
ñembotavy;tonto (hacerse el);Substantivo;Normal;;
ñembotavýpe;disimuladamente;Adjetivo;Normal;;
ñembotove;vetar;Verbo;Normal;;
ñembotuicha;ufanarse;Verbo;Normal;;
ñembotuja;añejado;Adjetivo;Normal;;
ñembotuju;podrirse;Verbo;Normal;;
ñemboty;recluirse;Verbo;Normal;;
ñembotyai;descomponerse;Verbo;Normal;;
ñembotytuʼu;sellar;Verbo;Normal;;
ñembotyvyro;sacudida;Substantivo;Normal;;
ñembou;hacer venir;Verbo;Normal;;
ñembova;transformarse;Verbo;Normal;;
ñembovayva;volver la cara hacia arriba;Verbo;Normal;;
ñembovevúi;defecar;Verbo;Normal;;
ñembovo;dividirse;Verbo;Normal;;
ñembovu;envanecerse;Verbo;Normal;;
ñembovyvy;sutura;Substantivo;Normal;;
ñembovýro;tontear;Verbo;Normal;;
ñemboyke;inhibirse;Verbo;Normal;;
ñemboyku;derretirse;Verbo;Normal;;
ñemboypy;provenir;Verbo;Normal;;
ñemboyvate;encumbrarse;Verbo;Normal;;
ñemboyvytu;ventilarse;Verbo;Normal;;
ñemboʼe;rezar;Verbo;Normal;;
ñemboʼe% porundy;novena;Adjetivo;Normal;;
ñemboʼerysýi;rosario;Substantivo;Normal;;
ñemboʼi;partirse;Verbo;Normal;;
ñemboʼy;ponerse de pie;Verbo;Normal;;
ñemboʼyhápe;de pie;Adjetivo;Normal;;
ñemboʼýva;de pie;Adjetivo;Normal;;
ñembuai;perderse;Verbo;Normal;;
ñembuaty;pandilla;Substantivo;Normal;;
ñembuekovia;turnarse;Verbo;Normal;;
ñembuepoti;castigo;Substantivo;Normal;;
ñembuesaʼi;guiñar;Verbo;Normal;;
ñembyahýi;hambre;Substantivo;Normal;;
ñembyai;estropearse;Verbo;Normal;;
ñembyaipyre;viciado;Adjetivo;Normal;;
ñembyaiʼỹva;incorrompible;Adjetivo;Normal;;
ñembyaju;aburrimiento;Substantivo;Normal;;
ñembyasy;lamentar;Verbo;Normal;;
ñembyaty;reunirse;Verbo;Normal;;
ñembyekovia;sustituirse;Verbo;Normal;;
ñembyepoti;castigo;Substantivo;Normal;;
ñembyesarái;castigo;Substantivo;Normal;;
ñemenda;casamiento;Substantivo;Normal;;
ñemeʼẽ;transigir;Verbo;Normal;;
ñemi;esconderse;Verbo;Normal;;
ñemiha;secreto;Substantivo;Normal;;
ñemihapegua;clandestino;Adjetivo;Normal;;
ñemihápe;privadamente;Adjetivo;Normal;;
ñemimby;escondido;Adjetivo;Normal;;
ñemitỹ;enterrar;Verbo;Normal;;
ñemitỹhára;labrador;Adjetivo;Normal;;
ñemitỹkuaa;agricultura;Substantivo;Normal;;
ñemoaguĩ;aproximarse;Verbo;Normal;;
ñemoakamby;bifurcarse;Verbo;Normal;;
ñemoakambyjái;sentarse en cuclillas;Verbo;Normal;;
ñemoakuruchĩ;acurrucarse;Verbo;Normal;;
ñemoakãhatã;encapricharse;Verbo;Normal;;
ñemoakãraku;empeñarse;Verbo;Normal;;
ñemoakỹ;regado;Adjetivo;Normal;;
ñemoambue;transformarse;Verbo;Normal;;
ñemoangai;pensar mal;Verbo;Normal;;
ñemoarandu;estudiar;Verbo;Normal;;
ñemoatã;endurecerse;Verbo;Normal;;
ñemoañete;afirmación;Substantivo;Normal;;
ñemoaño;apartarse;Verbo;Normal;;
ñemoguahẽ;recepción;Substantivo;Normal;;
ñemohakamby;bifurcarse;Verbo;Normal;;
ñemohakã;ramificarse;Verbo;Normal;;
ñemohatã;fraguar;Verbo;Normal;;
ñemohaʼanga;retratarse;Verbo;Normal;;
ñemohaʼeño;soledad;Substantivo;Normal;;
ñemohenda;instalarse;Verbo;Normal;;
ñemohendapyre;puesto en su lugar;Adjetivo;Normal;;
ñemohesakã;aclaración;Substantivo;Normal;;
ñemohesãi;saneamiento;Substantivo;Normal;;
ñemohetã;nacionalizarse;Verbo;Normal;;
ñemohuʼã;conclusión;Substantivo;Normal;;
ñemohuʼũ;masaje;Substantivo;Normal;;
ñemohyguatã;hartarse;Verbo;Normal;;
ñemohũ;desaparición;Substantivo;Normal;;
ñemohũngy;amoratarse;Verbo;Normal;;
ñemoiha;rival;Adjetivo;Normal;;
ñemoinge;entremeterse;Verbo;Normal;;
ñemoingepyre;incluido;Adjetivo;Normal;;
ñemoingoe;ser diferente;Verbo;Normal;;
ñemoingove;resucitar;Verbo;Normal;;
ñemoirũ;asociarse;Verbo;Normal;;
ñemoiva;opositor;Substantivo;Normal;;
ñemokangy;decaer;Verbo;Normal;;
ñemokara;torsión;Substantivo;Normal;;
ñemokarapã;torcerse;Verbo;Normal;;
ñemokañy;extraviarse;Verbo;Normal;;
ñemokaʼirãi;preso;Substantivo;Normal;;
ñemokirirĩ;penar en silencio;Verbo;Normal;;
ñemokoni;contonearse;Verbo;Normal;;
ñemokunuʼũ;mimo;Substantivo;Normal;;
ñemokyreʼỹ;desperezarse;Verbo;Normal;;
ñemokãha;toalla;Substantivo;Normal;;
ñemokõ;toma;Substantivo;Normal;;
ñemomanduʼa;acordarse;Verbo;Normal;;
ñemomarandu;comunicar;Verbo;Normal;;
ñemomba;terminarse;Verbo;Normal;;
ñemombarete;fortalecerse;Verbo;Normal;;
ñemombaʼe;adueñarse;Verbo;Normal;;
ñemombaʼeguasu;darse importancia;Verbo;Normal;;
ñemombaʼeguasúva;venerado;Adjetivo;Normal;;
ñemombaʼeheta;enriquecerse;Verbo;Normal;;
ñemombeʼu;confesarse;Verbo;Normal;;
ñemombeʼu% rehegua;narrativo;Adjetivo;Normal;;
ñemombeʼuʼi;anécdota;Substantivo;Normal;;
ñemombia;desviarse;Verbo;Normal;;
ñemombo;tirarse;Verbo;Normal;;
ñemombyky;síntesis;Substantivo;Normal;;
ñemombyte;interceder;Verbo;Normal;;
ñemomichĩ;achicarse;Verbo;Normal;;
ñemomichĩva;menguante;Adjetivo;Normal;;
ñemomini;empequeñecerse;Verbo;Normal;;
ñemomiri;sumisión;Substantivo;Normal;;
ñemomirã;sumisión;Substantivo;Normal;;
ñemomirĩ;acobardarse;Verbo;Normal;;
ñemomombyry;alejarse;Verbo;Normal;;
ñemomorãmby;alabado;Adjetivo;Normal;;
ñemomýi;ponerse en marcha;Verbo;Normal;;
ñemona;embadurnarse;Verbo;Normal;;
ñemonambi;preso;Adjetivo;Normal;;
ñemonda;estafa;Substantivo;Normal;;
ñemonde;vestirse;Verbo;Normal;;
ñemondo;transmitir;Verbo;Normal;;
ñemondoro;erosión;Substantivo;Normal;;
ñemondýi;espantarse;Verbo;Normal;;
ñemoneĩ;asentimiento;Substantivo;Normal;;
ñemongarai;bautismo;Substantivo;Normal;;
ñemongariaʼy;hacerse el joven;Verbo;Normal;;
ñemongaru;manutención;Substantivo;Normal;;
ñemongaruʼi;desnutrición;Substantivo;Normal;;
ñemongeta;conversar;Verbo;Normal;;
ñemongetahai;chatear;Verbo;Normal;;
ñemongetajovái;panel;Substantivo;Normal;;
ñemongora;ser acorralado;Verbo;Normal;;
ñemongorapyre;sitiado;Adjetivo;Normal;;
ñemonguerái;fastidio;Substantivo;Normal;;
ñemonguʼi;molienda;Substantivo;Normal;;
ñemongyhyje;peligro;Substantivo;Normal;;
ñemongyʼa;polución;Substantivo;Normal;;
ñemonoʼõ;reunirse;Verbo;Normal;;
ñemopaʼũ;abrirse paso;Verbo;Normal;;
ñemoperõ;despojo;Substantivo;Normal;;
ñemopeteĩ;unidad;Substantivo;Normal;;
ñemopirĩ;estremecerse;Verbo;Normal;;
ñemoporeʼỹ;migración;Substantivo;Normal;;
ñemoporã;embellecerse;Verbo;Normal;;
ñemoporãve;mejorarse;Verbo;Normal;;
ñemopotĩ;limpiarse;Verbo;Normal;;
ñemopotĩha;baño;Substantivo;Normal;;
ñemopuʼã;levantamiento;Substantivo;Normal;;
ñemopytã;enrojecer;Verbo;Normal;;
ñemopytũ;oscurecer;Verbo;Normal;;
ñemopẽ;quebrado;Adjetivo;Normal;;
ñemosarambi;esparcirse;Verbo;Normal;;
ñemosãso;liberación;Substantivo;Normal;;
ñemosẽ;ser expulsado;Verbo;Normal;;
ñemotenonde;anticiparse;Verbo;Normal;;
ñemotimbo;disiparse;Verbo;Normal;;
ñemotĩ;vergüenza;Substantivo;Normal;;
ñemotĩchaʼĩ;guiñar;Verbo;Normal;;
ñemotĩñeʼẽ;nasalización;Substantivo;Normal;;
ñemovã;inclinarse;Verbo;Normal;;
ñemoña;ser perseguido;Verbo;Normal;;
ñemoñanga;familia;Substantivo;Normal;;
ñemoñara;reproductor;Substantivo;Normal;;
ñemoñare;generación;Substantivo;Normal;;
ñemoñeʼẽ;reprochar;Verbo;Normal;;
ñemoĩ;ponerse;Verbo;Normal;;
ñemoĩha;rival;Adjetivo;Normal;;
ñemoĩmbyre;incluido;Adjetivo;Normal;;
ñemoĩva;rebelde;Adjetivo;Normal;;
ñemoʼã;defenderse;Verbo;Normal;;
ñemoʼãpyre;cubierto;Adjetivo;Normal;;
ñemu;negociar;Verbo;Normal;;
ñemuagẽ;apurarse;Verbo;Normal;;
ñemuakỹ;riego;Substantivo;Normal;;
ñemuasãi;trascender;Verbo;Normal;;
ñemuaña;empujón;Substantivo;Normal;;
ñemuha;tienda;Substantivo;Normal;;
ñemuhaʼi;quiosco;Substantivo;Normal;;
ñemuhára;comerciante;Substantivo;Normal;;
ñemumba;liquidar;Verbo;Normal;;
ñemurenda;mercado;Adjetivo;Normal;;
ñemyangekói;molestia;Substantivo;Normal;;
ñemyasãi;expansión;Substantivo;Normal;;
ñemyatyrõ;compostura;Substantivo;Normal;;
ñemyatã;resistir;Verbo;Normal;;
ñemyengovia;trueque;Substantivo;Normal;;
ñemyenyhẽ;relleno;Substantivo;Normal;;
ñemyiʼỹ;paralización;Substantivo;Normal;;
ñemyronde;furioso;Adjetivo;Normal;;
ñemyrõ;ofender;Verbo;Normal;;
ñemói;rival;Substantivo;Normal;;
ñemýi;movido (ser);Substantivo;Normal;;
ñendyvapo;afeitarse;Verbo;Normal;;
ñendyvu;escupir;Verbo;Normal;;
ñenguahẽ;huir;Verbo;Normal;;
ñeno;acostarse;Verbo;Normal;;
ñenoha;extracción;Substantivo;Normal;;
ñenohẽ;edición;Substantivo;Normal;;
ñensuguy;hipócrita;Adjetivo;Normal;;
ñenupã;tortura;Substantivo;Normal;;
ñenupã tukumbópe;latigazo;Substantivo;Normal;;
ñepaʼã;obstrucción;Substantivo;Normal;;
ñepehẽʼa;división;Substantivo;Normal;;
ñepehẽ’ã;división, repartición;Substantivo;Normal;;
ñepenaʼỹ;despreocupación;Substantivo;Normal;;
ñepiaʼã;forcejear;Verbo;Normal;;
ñepichãi;pinchazo;Substantivo;Normal;;
ñepindýi;limpiarse el trasero;Verbo;Normal;;
ñepiã;fuga;Substantivo;Normal;;
ñepiʼũ;picotear;Verbo;Normal;;
ñepohano;medicarse;Verbo;Normal;;
ñepohãno;medicación;Substantivo;Normal;;
ñepombopu;palmotear, aplaudir;Verbo;Normal;;
ñepomoĩ;implorar;Verbo;Normal;;
ñeporandu;interrogatorio, ser perguntado, cuestionar;Substantivo;Normal;;
ñeporeno;cópula;Substantivo;Normal;;
ñeporohenói;llamamiento;Substantivo;Normal;;
ñepu;compadecerse;Verbo;Normal;;
ñepuʼã;sublevarse;Verbo;Normal;;
ñepyrumby;primario;Adjetivo;Normal;;
ñepyrü;principio, inicio, comenzar;Verbo;Normal;;
ñepyrũ;comenzar;Verbo;Normal;;
ñepyrũgua;novicio;Adjetivo;Normal;;
ñepyrũjey;reanudar;Verbo;Normal;;
ñepyrũmby;primario;Adjetivo;Normal;;
ñepyrũmbyre;empezado;Adjetivo;Normal;;
ñepyrũme;al comienzo;Adjetivo;Normal;;
ñepyrũrãre;primeramente;Adjetivo;Normal;;
ñepysanga;tropezar;Verbo;Normal;;
ñepysyrõ;defenderse;Verbo;Normal;;
ñepysãnga;tropezón;Substantivo;Normal;;
ñepyta'ä;ponerse de puntillas, detenerse;Verbo;Normal;;
ñepytaʼã;empinarse;Verbo;Normal;;
ñepytyvõ;protección;Substantivo;Normal;;
ñepytyvö;auxilio, socorro, ajuda;Substantivo;Normal;;
ñepytũ;oscurecerse;Verbo;Normal;;
ñepyũ;sartén;Substantivo;Normal;;
ñepã;defectuoso;Adjetivo;Normal;;
ñepẽ;fractura;Substantivo;Normal;;
ñerairõ;violencia;Substantivo;Normal;;
ñerotĩ;oprobio;Substantivo;Normal;;
ñeroyrõ;desconsideración;Substantivo;Normal;;
ñesupehë;genuflección;Substantivo;Normal;;
ñesü;arrodillar, de rodillas;Verbo;Normal;;
ñesũ;arrodillarse;Verbo;Normal;;
ñesũhápe;de rodillas;Adjetivo;Normal;;
ñesũpehẽ;hincarse;Verbo;Normal;;
ñesẽ;evasión;Substantivo;Normal;;
ñesẽha;salida;Substantivo;Normal;;
ñetinga;caerse de nariz;Verbo;Normal;;
ñetingaparo;voltearse;Verbo;Normal;;
ñetĩekýi;arrebujarse;Verbo;Normal;;
ñetĩhyiha;pañuelo;Substantivo;Normal;;
ñetĩkutu;encontrarse;Verbo;Normal;;
ñeñakãity;respeto;Substantivo;Normal;;
ñeñandu;darse cuenta;Verbo;Normal;;
ñeñanduvai;indispuesto;Substantivo;Normal;;
ñeñangareko;protección;Substantivo;Normal;;
ñeñani;carrera;Substantivo;Normal;;
ñeñaniha;hipódromo;Substantivo;Normal;;
ñeñapytĩ;nexo;Substantivo;Normal;;
ñeñapĩ;recorte;Substantivo;Normal;;
ñeñeʼẽ;rumorearse;Verbo;Normal;;
ñeñeʼẽmeʼẽ;promesa;Substantivo;Normal;;
ñeñongatuha;museo;Substantivo;Normal;;
ñeñotyha;tumba;Substantivo;Normal;;
ñeñotỹ;plantación;Substantivo;Normal;;
ñeñotỹha;sepulcro;Substantivo;Normal;;
ñeñoña;introducirse;Verbo;Normal;;
ñeñuvã;refugiarse;Verbo;Normal;;
ñeñyrõ;indulgencia;Substantivo;Normal;;
ñeñýi;encoger;Verbo;Normal;;
ñeĩ;disponibilidad;Substantivo;Normal;;
ñeĩha;posición;Substantivo;Normal;;
ñeʼangu;recelo;Substantivo;Normal;;
ñeʼekõi;bilingüe;Adjetivo;Normal;;
ñeʼenga;proverbio;Substantivo;Normal;;
ñeʼengai;maldecir;Verbo;Normal;;
ñeʼengu;barbotar;Verbo;Normal;;
ñeʼã;corazón;Substantivo;Normal;;
ñeʼãsoro;infarto;Substantivo;Normal;;
ñeʼãvevúi;pulmón;Substantivo;Normal;;
ñeʼê;vocablo;Substantivo;Normal;;
ñeʼẽ;hablar;Verbo;Normal;;
ñeʼẽapytĩ;vocabulario;Substantivo;Normal;;
ñeʼẽguaʼu;cuento;Substantivo;Normal;;
ñeʼẽguy;susurrar;Verbo;Normal;;
ñeʼẽguyguy;cuchichear;Verbo;Normal;;
ñeʼẽha;radio;Substantivo;Normal;;
ñeʼẽja;afijo;Substantivo;Normal;;
ñeʼẽjoaju;acuerdo;Substantivo;Normal;;
ñeʼẽjoajuha;conjunción;Substantivo;Normal;;
ñeʼẽjoajukatu;sintaxis;Substantivo;Normal;;
ñeʼẽjoapy;replicar;Verbo;Normal;;
ñeʼẽjoja;tener la misma opinión;Verbo;Normal;;
ñeʼẽjoko;replicar;Verbo;Normal;;
ñeʼẽjuehegua;sinónimo;Substantivo;Normal;;
ñeʼẽjueheguaʼỹ;antónimo;Substantivo;Normal;;
ñeʼẽkatuʼỹ;mudez;Substantivo;Normal;;
ñeʼẽkuaa;filología;Substantivo;Normal;;
ñeʼẽkuaamboʼe;oratoria;Substantivo;Normal;;
ñeʼẽkuaaty;lingüística;Substantivo;Normal;;
ñeʼẽkuatiamboʼe;filología;Substantivo;Normal;;
ñeʼẽkumby;entender;Verbo;Normal;;
ñeʼẽkurusu;crucigrama;Substantivo;Normal;;
ñeʼẽkytĩ;apocopar;Verbo;Normal;;
ñeʼẽmbegue;hablar en voz baja;Verbo;Normal;;
ñeʼẽmbogue;desdecir;Verbo;Normal;;
ñeʼẽmbojevy;contestar;Verbo;Normal;;
ñeʼẽmboʼe;lingüística;Substantivo;Normal;;
ñeʼẽmbyky;parco;Adjetivo;Normal;;
ñeʼẽmbyre;hablado;Adjetivo;Normal;;
ñeʼẽmbyrã;tema;Substantivo;Normal;;
ñeʼẽme;verbalmente;Adjetivo;Normal;;
ñeʼẽmeguã;difamar;Verbo;Normal;;
ñeʼẽmeʼẽ;jurar;Verbo;Normal;;
ñeʼẽmeʼẽháva;jurado;Substantivo;Normal;;
ñeʼẽmeʼẽmbyre;prometido;Adjetivo;Normal;;
ñeʼẽmondo;reprochar;Verbo;Normal;;
ñeʼẽmongeta;razonamiento;Substantivo;Normal;;
ñeʼẽndy;vocabulario;Substantivo;Normal;;
ñeʼẽndýi;interjección;Substantivo;Normal;;
ñeʼẽngatu;parlanchín;Adjetivo;Normal;;
ñeʼẽngue;palabra;Substantivo;Normal;;
ñeʼẽnguru;mascullar;Verbo;Normal;;
ñeʼẽngusu;roncar;Verbo;Normal;;
ñeʼẽnunga;dialecto;Substantivo;Normal;;
ñeʼẽpapa;versificar;Verbo;Normal;;
ñeʼẽpapára;poeta;Substantivo;Normal;;
ñeʼẽpaʼã;cecear;Verbo;Normal;;
ñeʼẽpehẽ;sílaba;Substantivo;Normal;;
ñeʼẽpehẽita;polisilábico;Adjetivo;Normal;;
ñeʼẽpehẽtai;afijo;Substantivo;Normal;;
ñeʼẽpehẽteĩ;monosilábico;Adjetivo;Normal;;
ñeʼẽporãhaipyre;literatura;Substantivo;Normal;;
ñeʼẽporãmboʼe;literatura;Substantivo;Normal;;
ñeʼẽpoty;poesía;Substantivo;Normal;;
ñeʼẽpotĩ;purismo;Substantivo;Normal;;
ñeʼẽpu;fonema;Substantivo;Normal;;
ñeʼẽpyta;tartamdear;Verbo;Normal;;
ñeʼẽrapo;raíz;Substantivo;Normal;;
ñeʼẽrei;mentir;Verbo;Normal;;
ñeʼẽreity;provocar;Verbo;Normal;;
ñeʼẽrenda;diccionario;Substantivo;Normal;;
ñeʼẽrendu;obedecer;Verbo;Normal;;
ñeʼẽrenduʼỹ;desobediente;Adjetivo;Normal;;
ñeʼẽriregua;posposición;Substantivo;Normal;;
ñeʼẽrovaity;rebatir;Verbo;Normal;;
ñeʼẽryru;diccionario;Substantivo;Normal;;
ñeʼẽsuguy;indirecta;Substantivo;Normal;;
ñeʼẽsyry;inspiración;Substantivo;Normal;;
ñeʼẽtarova;desvariar;Verbo;Normal;;
ñeʼẽtavy;barbotar;Verbo;Normal;;
ñeʼẽte;biblioteca;Substantivo;Normal;;
ñeʼẽteja;adverbio;Substantivo;Normal;;
ñeʼẽtéva;verbo;Substantivo;Normal;;
ñeʼẽypy;etimología;Substantivo;Normal;;
ñeʼẽyvoty;poesía;Substantivo;Normal;;
ñeʼẽñemiguerojera;adivinanza;Substantivo;Normal;;
ñeʼẽʼapi;disputar;Verbo;Normal;;
ñe’ẽ ypytũ;galimatías, jerga confusa;Substantivo;Normal;;
ñe’ẽkuaaporãmbo’e;estilística;Substantivo;Normal;;
ñe’ẽky;partícula gramatical;Substantivo;Normal;;
ñe’ẽngururu;refunfuñar, rezongar;Verbo;Normal;;
ñe’ẽtekuaa;gramática;Substantivo;Normal;;
ñipytũ;nebuloso;Adjetivo;Normal;;
ño;solo;Adjetivo;Normal;;
ñoakãmbota;topetarse;Verbo;Normal;;
ñohaʼanga;teatro;Substantivo;Normal;;
ñohaʼã;pelearse;Verbo;Normal;;
ñohaʼãnga;teatro;Substantivo;Normal;;
ñohẽ;verter;Verbo;Normal;;
ñohẽha;vertedero;Substantivo;Normal;;
ñoirũ;acompañarse;Verbo;Normal;;
ñoite;meramente;Adjetivo;Normal;;
ñokendaha;candado;Substantivo;Normal;;
ñokendavoka;llave;Substantivo;Normal;;
ñokĩ;zambo;Adjetivo;Normal;;
ñokẽndaha;candado;Substantivo;Normal;;
ñombohovái;litigar;Verbo;Normal;;
ñombojoaju;mancomunarse;Verbo;Normal;;
ñombuepoti;pelear;Verbo;Normal;;
ñomi;encubrir;Verbo;Normal;;
ñomoirü;socializar;Verbo;Normal;;
ñomoirũ;socializar;Verbo;Normal;;
ñomomarandu;comunicar;Verbo;Normal;;
ñomongeta;conversar;Verbo;Normal;;
ñomongetaha;locutorio;Substantivo;Normal;;
ñomopeteĩ;mancomunarse;Verbo;Normal;;
ñongatu;retener;Verbo;Normal;;
ñongatuha;archivo;Adjetivo;Normal;;
ñongatuita;arsénico;Substantivo;Normal;;
ñongatupy;reservado;Adjetivo;Normal;;
ñongatupyre;ahorrado;Adjetivo;Normal;;
ñonupã;pelear;Verbo;Normal;;
ñopehẽngue;fraternizar;Verbo;Normal;;
ñopytyvõ;colaborar;Verbo;Normal;;
ñopũ;dañar;Verbo;Normal;;
ñopẽ;entretejer;Verbo;Normal;;
ñorairõ;guerrear;Verbo;Normal;;
ñorairõʼỹ;paz;Substantivo;Normal;;
ñoty;sembrar;Verbo;Normal;;
ñotỹ;sepultar;Verbo;Normal;;
ñotỹhara;desenterrar;Verbo;Normal;;
ñotỹhára;enterrador;Substantivo;Normal;;
ñovaitĩ;encontrarse;Verbo;Normal;;
ñoña;envasar;Verbo;Normal;;
ñoñeʼẽmeʼẽ;darse la palabra;Verbo;Normal;;
ñoñyrõ;reconciliarse;Verbo;Normal;;
ñu;valle;Substantivo;Normal;;
ñuaitĩ;toparse;Verbo;Normal;;
ñuati;espina;Substantivo;Normal;;
ñuatĩ;espina;Substantivo;Normal;;
ñuatĩndy;zarzal;Substantivo;Normal;;
ñuaũ;lunar;Substantivo;Normal;;
ñuaʼã;apuesta;Substantivo;Normal;;
ñuguaitĩ;encuentro;Substantivo;Normal;;
ñuguasu;pampa;Substantivo;Normal;;
ñuhã;trampa;Substantivo;Normal;;
ñumegua;llanero;Adjetivo;Normal;;
ñupa’ũ;isla de árboles en el campo;Substantivo;Normal;;
ñupyso;paisaje;Substantivo;Normal;;
ñutekohaveỹ;desierto;Substantivo;Normal;;
ñuvaitĩ;encontrarse;Verbo;Normal;;
ñuvã;abrazar;Verbo;Normal;;
ñuvãmbyre;velado;Adjetivo;Normal;;
ñuãha;velo;Substantivo;Normal;;
ñuãhara;descubrir;Verbo;Normal;;
ñuãhára;encubridor;Substantivo;Normal;;
ñuãʼo;destapar;Verbo;Normal;;
ñypytü;oscurecer;Verbo;Normal;;
ñypytũ;oscurecer;Verbo;Normal;;
ñyrõ;perdonar;Verbo;Normal;;
ñyrõva;indulgente;Adjetivo;Normal;;
ñyrõʼỹva;inexcusable;Adjetivo;Normal;;
ñyñýi;marchitarse;Verbo;Normal;;
ñónte;únicamente;Adjetivo;Normal;;
ñóntese;egoísmo;Substantivo;Normal;;
ñúdo;nudillo;Substantivo;Normal;;
ócho;ocho;Adjetivo;Normal;;
óga;domicilio;Substantivo;Normal;;
óga ape kua;gotera, agujero en el tejado;Substantivo;Normal;;
óga okára;cabaña;Substantivo;Normal;;
óga tuicha;edificio, casona grande;Substantivo;Normal;;
óga tyky;gotera en el techo;Substantivo;Normal;;
ónivu;colectivo;Substantivo;Normal;;
öingue;gemelo, mellizo;Substantivo;Normal;;
úra;miasis cutánea, mariposa nocturna, lagarta;Substantivo;Normal;;
úva;uva;Substantivo;Normal;;
ýva;asta;Substantivo;Normal;;
ʼu;consumir;Verbo;Normal;;
ỹramo;o;Advérbio / Preposição / Conjunção;Normal;;
ỹre;sin;Advérbio / Preposição / Conjunção;Normal;;
ỹrõ;o;Advérbio / Preposição / Conjunção;Normal;;
‘e’ỹ;enemistad, malquerencia;Substantivo;Normal;;
